type,sub_type,listPrice,sqft,stories,beds,baths,baths_full,baths_full_calc,garage,year_built
single_family,NA,599000.0,1083.0,1.0,3.0,2.0,2.0,2.0,1.0,1925.0
single_family,NA,479000.0,1927.0,1.0,3.0,2.0,2.0,2.0,2.0,1976.0
single_family,NA,748000.0,1203.0,1.0,2.0,2.0,2.0,2.0,2.0,1974.0
single_family,NA,1099000.0,3261.0,1.0,4.0,5.0,4.0,4.0,2.0,2004.0
single_family,NA,1850000.0,3420.0,1.0,4.0,3.0,3.0,3.0,2.0,2002.0
single_family,NA,725000.0,1372.0,1.0,2.0,2.0,2.0,2.0,2.0,1953.0
single_family,NA,1250000.0,1954.0,2.0,4.0,2.0,2.0,2.0,2.0,1965.0
multi_family,NA,1898000.0,3370.0,3.0,4.0,4.0,3.0,3.0,0.0,1925.0
condos,condo,2095000.0,1317.0,2.0,2.0,2.0,2.0,2.0,0.0,2016.0
single_family,NA,774000.0,2897.0,2.0,5.0,3.0,3.0,3.0,0.0,2025.0
single_family,NA,2295000.0,3000.0,1.0,4.0,3.0,3.0,3.0,1.0,1961.0
single_family,NA,6595000.0,3165.0,2.0,4.0,4.0,3.0,3.0,2.0,1966.0
single_family,NA,546250.0,2266.0,2.0,4.0,3.0,2.0,2.0,0.0,2020.0
single_family,NA,1295000.0,4922.0,2.0,4.0,4.0,4.0,4.0,0.0,1980.0
single_family,NA,1000000.0,1990.0,1.0,6.0,3.0,3.0,3.0,0.0,1912.0
single_family,NA,2388888.0,1709.0,2.0,4.0,3.0,3.0,3.0,2.0,1960.0
single_family,NA,809000.0,1877.0,1.0,4.0,2.0,1.0,1.0,2.0,1955.0
single_family,NA,599000.0,3535.0,2.0,4.0,3.0,2.0,3.0,3.0,2006.0
single_family,NA,799000.0,2032.0,1.0,3.0,2.0,2.0,2.0,2.0,1957.0
single_family,NA,129000.0,860.0,1.0,2.0,2.0,2.0,2.0,1.0,1970.0
single_family,NA,1052000.0,2053.0,1.0,3.0,2.0,2.0,2.0,3.0,1986.0
single_family,NA,1590000.0,2172.0,1.0,4.0,3.0,3.0,3.0,2.0,1979.0
single_family,NA,729000.0,3227.0,1.0,4.0,4.0,2.0,2.0,3.0,1987.0
single_family,NA,1699900.0,3000.0,2.0,4.0,4.0,4.0,4.0,3.0,2002.0
single_family,NA,2175000.0,2458.0,2.0,4.0,3.0,3.0,3.0,3.0,1998.0
single_family,NA,2595000.0,3701.0,1.0,4.0,4.0,3.0,3.0,2.0,2006.0
single_family,NA,998000.0,1250.0,1.0,3.0,2.0,2.0,2.0,2.0,1960.0
single_family,NA,1350000.0,2089.0,1.0,3.0,2.0,2.0,2.0,2.0,1976.0
single_family,NA,1325000.0,3871.0,2.0,5.0,5.0,4.0,4.0,0.0,2016.0
single_family,NA,535000.0,1305.0,1.0,3.0,2.0,2.0,2.0,0.0,1952.0
single_family,NA,7500000.0,6347.0,1.0,6.0,8.0,7.0,7.0,4.0,1991.0
single_family,NA,579000.0,1802.0,3.0,2.0,2.0,2.0,2.0,0.0,1996.0
single_family,NA,873000.0,2286.0,2.0,5.0,3.0,3.0,3.0,0.0,1989.0
single_family,NA,2699000.0,3468.0,1.0,4.0,5.0,3.0,3.0,3.0,1976.0
single_family,NA,1895000.0,3533.0,2.0,4.0,4.0,3.0,3.0,2.0,2003.0
single_family,NA,6550000.0,5640.0,2.0,6.0,7.0,6.0,6.0,3.0,1987.0
single_family,NA,1995000.0,2406.0,2.0,4.0,3.0,3.0,3.0,2.0,1971.0
land,NA,150000.0,0.0,0.0,0.0,0.0,0.0,0.0,0.0,0.0
single_family,NA,599000.0,1588.0,1.0,3.0,2.0,2.0,2.0,1.0,1997.0
single_family,NA,1575000.0,2389.0,2.0,5.0,3.0,2.0,2.0,2.0,1986.0
single_family,NA,650000.0,2196.0,2.0,4.0,3.0,2.0,2.0,2.0,2005.0
single_family,NA,1148000.0,2146.0,1.0,3.0,2.0,2.0,2.0,2.0,1949.0
single_family,NA,2490000.0,2240.0,2.0,3.0,3.0,2.0,2.0,2.0,1977.0
condos,condo,980000.0,1900.0,1.0,3.0,3.0,2.0,2.0,2.0,2009.0
townhomes,townhouse,899000.0,1700.0,2.0,3.0,2.0,2.0,2.0,2.0,1976.0
single_family,NA,2599000.0,2096.0,2.0,3.0,3.0,3.0,3.0,2.0,1931.0
single_family,NA,1495000.0,2383.0,2.0,6.0,3.0,3.0,3.0,1.0,1910.0
single_family,NA,1179000.0,2367.0,1.0,3.0,4.0,3.0,3.0,3.0,1998.0
townhomes,townhouse,850000.0,1303.0,3.0,2.0,3.0,2.0,2.0,2.0,2016.0
single_family,NA,1495000.0,2131.0,2.0,3.0,2.0,2.0,2.0,0.0,1900.0
single_family,NA,1895000.0,2066.0,1.0,3.0,3.0,2.0,2.0,0.0,1954.0
single_family,NA,2695000.0,3496.0,3.0,4.0,4.0,3.0,3.0,2.0,1911.0
single_family,NA,899000.0,1488.0,2.0,2.0,1.0,1.0,1.0,0.0,1919.0
townhomes,townhouse,635000.0,1290.0,3.0,2.0,3.0,2.0,2.0,2.0,2023.0
single_family,NA,1650000.0,3417.0,3.0,4.0,3.0,2.0,2.0,2.0,1981.0
single_family,NA,815000.0,2847.0,2.0,4.0,3.0,3.0,3.0,3.0,2021.0
single_family,NA,1988888.0,2455.0,2.0,4.0,3.0,2.0,2.0,2.0,1939.0
single_family,NA,749000.0,1622.0,1.0,3.0,2.0,2.0,2.0,2.0,1973.0
single_family,NA,995000.0,1722.0,2.0,3.0,2.0,2.0,2.0,2.0,1946.0
condos,condo,1028000.0,1425.0,1.0,2.0,2.0,2.0,2.0,2.0,1973.0
single_family,NA,325000.0,1512.0,1.0,3.0,2.0,2.0,2.0,0.0,2005.0
single_family,NA,3988000.0,2641.0,2.0,4.0,3.0,2.0,2.0,2.0,1984.0
single_family,NA,2495000.0,3556.0,1.0,4.0,5.0,4.0,4.0,3.0,2000.0
single_family,NA,1148000.0,1240.0,1.0,3.0,2.0,2.0,2.0,2.0,1966.0
townhomes,townhouse,920000.0,2212.0,2.0,3.0,3.0,2.0,2.0,2.0,2024.0
single_family,NA,1998000.0,1400.0,1.0,3.0,2.0,2.0,2.0,2.0,1955.0
single_family,NA,1425000.0,3059.0,2.0,4.0,3.0,2.0,2.0,3.0,1999.0
single_family,NA,4495000.0,3663.0,3.0,4.0,4.0,3.0,3.0,0.0,1909.0
single_family,NA,489000.0,2103.0,2.0,4.0,3.0,3.0,3.0,0.0,2024.0
single_family,NA,2599000.0,4661.0,2.0,5.0,5.0,4.0,4.0,3.0,2002.0
single_family,NA,1295000.0,2612.0,2.0,3.0,3.0,2.0,2.0,3.0,1993.0
single_family,NA,1298000.0,2809.0,3.0,4.0,4.0,3.0,3.0,1.0,2013.0
townhomes,townhouse,998000.0,1946.0,3.0,3.0,3.0,2.0,2.0,2.0,1995.0
single_family,NA,899000.0,2378.0,1.0,3.0,3.0,2.0,2.0,2.0,2002.0
single_family,NA,232500.0,1536.0,1.0,4.0,2.0,1.0,1.0,0.0,1964.0
single_family,NA,2999000.0,1524.0,1.0,3.0,3.0,2.0,2.0,2.0,1948.0
single_family,NA,1530000.0,2201.0,3.0,3.0,4.0,3.0,3.0,2.0,2024.0
single_family,NA,1195000.0,4314.0,2.0,5.0,4.0,3.0,3.0,4.0,2006.0
single_family,NA,625000.0,1831.0,2.0,3.0,3.0,2.0,2.0,2.0,1985.0
single_family,NA,2299000.0,3463.0,2.0,5.0,3.0,3.0,3.0,3.0,1996.0
townhomes,townhouse,1188888.0,1476.0,2.0,4.0,3.0,2.0,2.0,0.0,1963.0
townhomes,townhouse,720000.0,1467.0,2.0,3.0,3.0,2.0,2.0,2.0,1977.0
condos,condo,830000.0,1040.0,1.0,2.0,2.0,2.0,2.0,0.0,1973.0
single_family,NA,675000.0,1240.0,1.0,3.0,2.0,2.0,2.0,0.0,1976.0
single_family,NA,1950000.0,2748.0,1.0,5.0,4.0,3.0,3.0,0.0,1911.0
condos,condo,559000.0,1493.0,2.0,2.0,2.0,2.0,2.0,1.0,2005.0
single_family,NA,415000.0,1887.0,1.0,5.0,2.0,2.0,2.0,0.0,2003.0
condos,condo,737000.0,910.0,1.0,2.0,2.0,2.0,2.0,2.0,1985.0
single_family,NA,1750000.0,3443.0,2.0,4.0,3.0,3.0,3.0,3.0,1994.0
single_family,NA,11995000.0,6015.0,2.0,5.0,8.0,7.0,7.0,2.0,1935.0
single_family,NA,445000.0,1805.0,1.0,4.0,3.0,3.0,3.0,2.0,1996.0
single_family,NA,3198000.0,3417.0,1.0,5.0,5.0,4.0,4.0,3.0,1951.0
single_family,NA,899000.0,2633.0,1.0,3.0,4.0,3.0,4.0,2.0,1960.0
mobile,NA,399000.0,1948.0,1.0,2.0,2.0,2.0,2.0,2.0,1981.0
single_family,NA,2795000.0,2744.0,2.0,4.0,3.0,2.0,2.0,0.0,1952.0
single_family,NA,439900.0,1748.0,2.0,3.0,3.0,3.0,3.0,2.0,1986.0
single_family,NA,379000.0,1550.0,1.0,3.0,2.0,2.0,2.0,2.0,1998.0
single_family,NA,1575000.0,2471.0,2.0,4.0,3.0,3.0,3.0,2.0,1978.0
single_family,NA,899900.0,2069.0,1.0,5.0,3.0,3.0,3.0,0.0,1965.0
single_family,NA,2200000.0,2688.0,2.0,5.0,3.0,2.0,2.0,2.0,1971.0
single_family,NA,3699000.0,4144.0,2.0,5.0,5.0,4.0,4.0,3.0,2020.0
condos,condo,1475000.0,2058.0,1.0,2.0,2.0,2.0,2.0,1.0,1998.0
condos,condo,1295000.0,1455.0,2.0,3.0,1.0,1.0,1.0,1.0,1890.0
single_family,NA,725000.0,1598.0,2.0,3.0,2.0,2.0,2.0,0.0,1951.0
condos,condo,1398000.0,1725.0,2.0,2.0,3.0,2.0,2.0,2.0,2009.0
single_family,NA,515000.0,2985.0,2.0,5.0,4.0,3.0,3.0,0.0,2023.0
single_family,NA,1399000.0,1857.0,2.0,5.0,2.0,2.0,2.0,1.0,1951.0
multi_family,NA,948888.0,1265.0,1.0,4.0,2.0,2.0,2.0,2.0,1949.0
townhomes,townhouse,1225000.0,1622.0,2.0,2.0,3.0,2.0,2.0,2.0,1981.0
single_family,NA,8888000.0,4840.0,1.0,5.0,6.0,5.0,5.0,2.0,2026.0
single_family,NA,988000.0,1060.0,1.0,2.0,1.0,1.0,1.0,1.0,1954.0
single_family,NA,998000.0,1450.0,2.0,3.0,3.0,3.0,3.0,1.0,1954.0
condos,condo,669000.0,560.0,1.0,1.0,1.0,1.0,1.0,1.0,2001.0
condos,condo,839000.0,1903.0,1.0,3.0,2.0,2.0,2.0,2.0,1992.0
single_family,NA,1249000.0,3354.0,2.0,4.0,3.0,3.0,3.0,2.0,1925.0
single_family,NA,689000.0,1768.0,1.0,2.0,2.0,2.0,2.0,2.0,2025.0
single_family,NA,1399000.0,2452.0,2.0,4.0,3.0,2.0,2.0,2.0,1981.0
single_family,NA,2100000.0,2033.0,1.0,4.0,3.0,2.0,2.0,3.0,1989.0
townhomes,townhouse,1150000.0,2552.0,3.0,4.0,3.0,3.0,3.0,2.0,2015.0
condos,condo,429500.0,678.0,1.0,1.0,1.0,1.0,1.0,0.0,1970.0
condos,condo,2195000.0,2138.0,1.0,3.0,3.0,3.0,3.0,0.0,1900.0
single_family,NA,410000.0,2030.0,1.0,3.0,2.0,2.0,2.0,0.0,1965.0
single_family,NA,825000.0,1300.0,1.0,3.0,2.0,2.0,2.0,2.0,1962.0
single_family,NA,5488000.0,3727.0,2.0,5.0,5.0,4.0,4.0,2.0,2017.0
single_family,NA,2788000.0,1835.0,1.0,4.0,2.0,2.0,2.0,0.0,1951.0
single_family,NA,899900.0,1489.0,1.0,4.0,2.0,2.0,2.0,2.0,1977.0
single_family,NA,525000.0,2156.0,2.0,4.0,3.0,3.0,3.0,2.0,2005.0
mobile,NA,380000.0,1840.0,1.0,3.0,2.0,2.0,2.0,0.0,1987.0
single_family,NA,465000.0,1887.0,1.0,4.0,2.0,2.0,2.0,0.0,2004.0
condos,condo,829000.0,1058.0,1.0,2.0,2.0,2.0,2.0,0.0,1965.0
single_family,NA,1150000.0,2198.0,1.0,5.0,3.0,3.0,3.0,2.0,1964.0
condos,condo,1368000.0,2058.0,1.0,2.0,2.0,2.0,2.0,1.0,2000.0
single_family,NA,1938000.0,1480.0,1.0,4.0,2.0,2.0,2.0,2.0,1972.0
single_family,NA,1449000.0,2108.0,1.0,4.0,3.0,3.0,3.0,2.0,1964.0
single_family,NA,1299000.0,3335.0,2.0,5.0,3.0,3.0,3.0,2.0,2013.0
single_family,NA,5998000.0,4798.0,2.0,6.0,6.0,5.0,5.0,3.0,2003.0
single_family,NA,439900.0,2189.0,2.0,4.0,3.0,2.0,2.0,3.0,1996.0
single_family,NA,1598000.0,1300.0,1.0,2.0,2.0,2.0,2.0,1.0,1939.0
single_family,NA,2500000.0,2353.0,2.0,4.0,3.0,2.0,2.0,0.0,1969.0
single_family,NA,615000.0,2942.0,2.0,4.0,3.0,3.0,3.0,2.0,1995.0
single_family,NA,1348800.0,1296.0,1.0,3.0,2.0,2.0,2.0,2.0,1961.0
condos,condo,640000.0,1814.0,1.0,3.0,3.0,1.0,2.0,2.0,1988.0
single_family,NA,275000.0,1267.0,1.0,3.0,1.0,1.0,1.0,0.0,1954.0
condos,condo,1285000.0,3031.0,1.0,3.0,4.0,3.0,3.0,3.0,1985.0
condos,condo,1995000.0,1762.0,3.0,2.0,3.0,2.0,2.0,2.0,2009.0
single_family,NA,595000.0,2297.0,1.0,3.0,2.0,2.0,2.0,0.0,2005.0
single_family,NA,1685000.0,1283.0,1.0,3.0,2.0,2.0,2.0,2.0,1971.0
single_family,NA,379000.0,1267.0,1.0,3.0,2.0,2.0,2.0,3.0,2008.0
condos,condo,899000.0,1203.0,1.0,2.0,2.0,2.0,2.0,1.0,1978.0
condos,condo,1550000.0,2076.0,3.0,4.0,3.0,3.0,3.0,2.0,2006.0
single_family,NA,699000.0,2508.0,2.0,4.0,4.0,4.0,4.0,2.0,2021.0
single_family,NA,498000.0,888.0,1.0,2.0,1.0,1.0,1.0,0.0,1921.0
single_family,NA,949000.0,1450.0,1.0,2.0,2.0,2.0,2.0,2.0,1972.0
single_family,NA,369900.0,1672.0,1.0,3.0,3.0,3.0,3.0,0.0,1957.0
single_family,NA,1499999.0,1736.0,1.0,4.0,2.0,2.0,2.0,3.0,1996.0
single_family,NA,1445000.0,2039.0,2.0,3.0,3.0,2.0,2.0,2.0,1970.0
townhomes,townhouse,2228000.0,2516.0,3.0,4.0,4.0,4.0,4.0,2.0,2017.0
single_family,NA,1149900.0,1670.0,2.0,4.0,2.0,2.0,2.0,2.0,1978.0
single_family,NA,850000.0,1557.0,1.0,3.0,2.0,2.0,2.0,2.0,1950.0
single_family,NA,995000.0,2111.0,1.0,5.0,2.0,2.0,2.0,1.0,1925.0
townhomes,townhouse,632900.0,1385.0,2.0,3.0,2.0,2.0,2.0,2.0,1985.0
single_family,NA,799000.0,1204.0,1.0,3.0,2.0,2.0,2.0,0.0,1956.0
single_family,NA,1450000.0,2019.0,1.0,5.0,3.0,3.0,3.0,2.0,1953.0
condos,condo,1395000.0,1236.0,3.0,2.0,2.0,1.0,1.0,1.0,1910.0
single_family,NA,395000.0,1794.0,2.0,4.0,2.0,1.0,2.0,2.0,1965.0
single_family,NA,413000.0,1542.0,1.0,3.0,2.0,2.0,2.0,0.0,1994.0
single_family,NA,315000.0,1290.0,1.0,2.0,2.0,1.0,2.0,2.0,2003.0
single_family,NA,900000.0,2099.0,2.0,4.0,3.0,2.0,2.0,0.0,1993.0
single_family,NA,638000.0,1911.0,2.0,4.0,3.0,2.0,2.0,2.0,1990.0
single_family,NA,1325000.0,2499.0,1.0,5.0,3.0,2.0,2.0,0.0,1999.0
single_family,NA,1899800.0,2000.0,1.0,3.0,2.0,2.0,2.0,2.0,1957.0
single_family,NA,585000.0,1268.0,1.0,3.0,2.0,2.0,2.0,0.0,1987.0
condos,condo,2395000.0,1852.0,1.0,2.0,2.0,2.0,2.0,2.0,1980.0
mobile,NA,298898.0,1536.0,1.0,2.0,2.0,2.0,2.0,1.0,1972.0
single_family,NA,1775000.0,2132.0,2.0,3.0,4.0,4.0,4.0,2.0,1975.0
single_family,NA,455000.0,1281.0,1.0,4.0,2.0,2.0,2.0,2.0,1984.0
single_family,NA,649000.0,2152.0,2.0,3.0,3.0,2.0,2.0,2.0,2025.0
townhomes,townhouse,909888.0,1430.0,2.0,3.0,3.0,2.0,2.0,2.0,1979.0
single_family,NA,329000.0,1355.0,1.0,4.0,2.0,2.0,2.0,2.0,2014.0
single_family,NA,1288000.0,1208.0,1.0,3.0,2.0,2.0,2.0,2.0,1965.0
single_family,NA,349900.0,1484.0,1.0,2.0,2.0,2.0,2.0,0.0,1981.0
single_family,NA,699999.0,2049.0,1.0,4.0,2.0,2.0,2.0,0.0,1989.0
single_family,NA,400000.0,1690.0,1.0,5.0,3.0,2.0,3.0,0.0,1943.0
mobile,NA,420000.0,2184.0,1.0,3.0,3.0,2.0,2.0,2.0,2007.0
condos,condo,640000.0,1565.0,3.0,3.0,3.0,3.0,3.0,2.0,1980.0
condos,condo,421500.0,680.0,1.0,1.0,1.0,1.0,1.0,0.0,1972.0
condos,condo,690000.0,1433.0,4.0,3.0,2.0,2.0,2.0,2.0,2021.0
single_family,NA,420000.0,1402.0,2.0,3.0,3.0,2.0,2.0,0.0,1989.0
single_family,NA,849900.0,3364.0,3.0,4.0,4.0,3.0,3.0,0.0,2000.0
single_family,NA,770000.0,2051.0,2.0,3.0,3.0,2.0,2.0,3.0,1999.0
single_family,NA,1299000.0,1651.0,1.0,4.0,2.0,2.0,2.0,2.0,1964.0
condos,condo,625000.0,624.0,1.0,2.0,1.0,1.0,1.0,1.0,1925.0
single_family,NA,849000.0,1655.0,1.0,4.0,2.0,2.0,2.0,0.0,1965.0
townhomes,townhouse,779000.0,1280.0,2.0,3.0,2.0,1.0,1.0,2.0,1968.0
single_family,NA,1175000.0,1680.0,2.0,3.0,3.0,2.0,2.0,2.0,2020.0
condos,condo,358000.0,683.0,1.0,1.0,1.0,1.0,1.0,1.0,1973.0
condos,condo,775000.0,1566.0,3.0,3.0,3.0,3.0,3.0,2.0,2013.0
single_family,NA,770000.0,2226.0,1.0,4.0,3.0,3.0,3.0,2.0,2018.0
townhomes,townhouse,938000.0,1151.0,2.0,2.0,2.0,1.0,1.0,1.0,1975.0
single_family,NA,385000.0,1606.0,1.0,2.0,2.0,2.0,2.0,0.0,1998.0
single_family,NA,1549000.0,2074.0,2.0,5.0,3.0,3.0,3.0,2.0,1968.0
single_family,NA,2998000.0,2270.0,2.0,4.0,2.0,2.0,2.0,2.0,1960.0
single_family,NA,1195000.0,1325.0,1.0,3.0,2.0,2.0,2.0,2.0,1950.0
single_family,NA,745000.0,1269.0,1.0,3.0,2.0,2.0,2.0,0.0,1956.0
single_family,NA,875000.0,1959.0,1.0,3.0,4.0,0.0,3.0,1.0,1956.0
single_family,NA,915000.0,2018.0,1.0,3.0,2.0,2.0,2.0,2.0,1990.0
single_family,NA,1745000.0,1661.0,1.0,4.0,2.0,2.0,2.0,2.0,1963.0
single_family,NA,1650000.0,2094.0,2.0,3.0,2.0,2.0,2.0,2.0,1923.0
single_family,NA,1198888.0,2647.0,2.0,4.0,3.0,3.0,3.0,2.0,2020.0
single_family,NA,925000.0,2056.0,2.0,3.0,3.0,2.0,2.0,2.0,1950.0
single_family,NA,2149000.0,1448.0,1.0,3.0,2.0,2.0,2.0,2.0,1950.0
single_family,NA,179000.0,1156.0,1.0,5.0,3.0,3.0,3.0,0.0,1968.0
single_family,NA,699950.0,2308.0,2.0,2.0,3.0,2.0,2.0,2.0,1982.0
single_family,NA,375000.0,1172.0,1.0,2.0,2.0,2.0,2.0,2.0,2002.0
single_family,NA,1495000.0,1594.0,1.0,3.0,2.0,2.0,2.0,2.0,1974.0
single_family,NA,1349800.0,1588.0,1.0,3.0,2.0,2.0,2.0,2.0,1978.0
single_family,NA,998000.0,1236.0,2.0,2.0,1.0,1.0,1.0,1.0,1940.0
single_family,NA,900000.0,1228.0,1.0,3.0,2.0,2.0,2.0,2.0,1960.0
single_family,NA,510000.0,2000.0,1.0,3.0,2.0,2.0,2.0,0.0,2004.0
single_family,NA,955000.0,1080.0,1.0,4.0,1.0,1.0,1.0,0.0,1955.0
single_family,NA,339900.0,1200.0,1.0,3.0,2.0,2.0,2.0,0.0,1997.0
condos,condo,674900.0,1549.0,1.0,2.0,2.0,2.0,2.0,2.0,1987.0
single_family,NA,2699000.0,2319.0,1.0,4.0,4.0,3.0,3.0,2.0,1956.0
single_family,NA,689977.0,2261.0,2.0,4.0,3.0,3.0,3.0,3.0,1988.0
single_family,NA,425000.0,1178.0,1.0,4.0,2.0,2.0,2.0,2.0,1972.0
condos,condo,495000.0,1123.0,1.0,2.0,2.0,2.0,2.0,0.0,1986.0
single_family,NA,829000.0,1376.0,1.0,3.0,2.0,2.0,2.0,2.0,1971.0
single_family,NA,1500000.0,1108.0,1.0,3.0,2.0,2.0,2.0,2.0,1955.0
single_family,NA,4998000.0,3050.0,2.0,4.0,3.0,2.0,2.0,2.0,1962.0
condos,condo,542000.0,1006.0,2.0,1.0,2.0,2.0,2.0,1.0,1973.0
condos,condo,775000.0,830.0,1.0,1.0,1.0,1.0,1.0,0.0,1972.0
single_family,NA,299000.0,918.0,1.0,2.0,1.0,1.0,1.0,0.0,1890.0
condos,condo,699000.0,1062.0,1.0,2.0,2.0,2.0,2.0,0.0,1984.0
single_family,NA,719000.0,1176.0,1.0,3.0,1.0,1.0,1.0,2.0,1953.0
single_family,NA,345000.0,1300.0,1.0,4.0,2.0,2.0,2.0,0.0,1962.0
condos,condo,1180000.0,3103.0,1.0,3.0,4.0,3.0,3.0,2.0,1990.0
single_family,NA,869000.0,2095.0,2.0,4.0,3.0,3.0,3.0,2.0,1975.0
single_family,NA,1998500.0,2630.0,1.0,3.0,4.0,4.0,4.0,3.0,1956.0
single_family,NA,375000.0,1512.0,2.0,3.0,3.0,2.0,2.0,0.0,2020.0
single_family,NA,1390000.0,2646.0,1.0,4.0,3.0,3.0,3.0,3.0,1986.0
condos,condo,525000.0,1202.0,1.0,2.0,2.0,2.0,2.0,0.0,1982.0
single_family,NA,269950.0,960.0,2.0,2.0,2.0,2.0,2.0,0.0,1978.0
condos,condo,478000.0,1423.0,2.0,3.0,2.0,2.0,2.0,1.0,1984.0
single_family,NA,595000.0,1104.0,1.0,3.0,2.0,2.0,2.0,1.0,1923.0
single_family,NA,549950.0,1603.0,1.0,3.0,2.0,2.0,2.0,2.0,1977.0
condos,condo,580000.0,878.0,3.0,2.0,1.0,1.0,1.0,0.0,1984.0
condos,condo,800000.0,1700.0,1.0,3.0,3.0,3.0,3.0,2.0,2009.0
single_family,NA,2298000.0,2118.0,1.0,4.0,2.0,2.0,2.0,2.0,1976.0
single_family,NA,1695000.0,1767.0,1.0,3.0,2.0,2.0,2.0,2.0,1963.0
single_family,NA,1225000.0,1077.0,1.0,2.0,1.0,1.0,1.0,2.0,1941.0
single_family,NA,375000.0,1080.0,1.0,3.0,2.0,2.0,2.0,2.0,1961.0
single_family,NA,1250000.0,1961.0,2.0,3.0,3.0,2.0,2.0,2.0,2011.0
condos,condo,1475000.0,1176.0,3.0,2.0,2.0,2.0,2.0,0.0,2012.0
condos,condo,330000.0,1095.0,1.0,2.0,1.0,1.0,1.0,0.0,1965.0
single_family,NA,1349000.0,1720.0,2.0,2.0,2.0,2.0,2.0,2.0,1985.0
condos,condo,565000.0,1046.0,1.0,2.0,2.0,2.0,2.0,2.0,1988.0
condos,condo,785000.0,1682.0,2.0,2.0,2.0,2.0,2.0,2.0,1990.0
single_family,NA,929800.0,2223.0,2.0,4.0,3.0,2.0,2.0,2.0,1978.0
single_family,NA,829000.0,1660.0,2.0,5.0,3.0,3.0,3.0,2.0,1977.0
single_family,NA,1678000.0,1080.0,1.0,2.0,1.0,1.0,1.0,1.0,1948.0
condos,condo,399000.0,610.0,1.0,1.0,1.0,1.0,1.0,1.0,1991.0
single_family,NA,580000.0,660.0,1.0,2.0,1.0,1.0,1.0,1.0,1925.0
single_family,NA,679000.0,1353.0,2.0,3.0,3.0,2.0,2.0,2.0,2008.0
single_family,NA,1199000.0,1490.0,1.0,3.0,3.0,2.0,2.0,2.0,1959.0
single_family,NA,1750000.0,2501.0,2.0,3.0,3.0,2.0,2.0,2.0,2026.0
single_family,NA,1395000.0,1148.0,1.0,3.0,2.0,2.0,2.0,2.0,1960.0
townhomes,townhouse,725000.0,1566.0,2.0,2.0,3.0,2.0,2.0,2.0,1980.0
single_family,NA,439000.0,1824.0,1.0,4.0,2.0,2.0,2.0,3.0,2006.0
condos,condo,215000.0,1122.0,2.0,2.0,2.0,1.0,1.0,0.0,1986.0
single_family,NA,399900.0,1883.0,2.0,4.0,3.0,2.0,2.0,0.0,2011.0
single_family,NA,5995000.0,6295.0,3.0,4.0,6.0,5.0,5.0,2.0,2002.0
single_family,NA,695000.0,1088.0,1.0,3.0,2.0,2.0,2.0,0.0,1954.0
townhomes,townhouse,649998.0,1096.0,2.0,2.0,2.0,1.0,1.0,0.0,1985.0
single_family,NA,1880000.0,2470.0,1.0,4.0,3.0,2.0,2.0,0.0,1953.0
land,NA,64000.0,0.0,0.0,0.0,0.0,0.0,0.0,0.0,0.0
condo_townhome_rowhome_coop,townhouse,519000.0,736.0,2.0,1.0,1.0,1.0,1.0,0.0,1973.0
condos,condo,498000.0,903.0,2.0,2.0,1.0,1.0,1.0,1.0,1970.0
condos,condo,480000.0,945.0,3.0,2.0,2.0,1.0,2.0,2.0,1997.0
single_family,NA,649990.0,1392.0,2.0,1.0,2.0,1.0,1.0,2.0,1982.0
single_family,NA,405000.0,1560.0,1.0,3.0,2.0,2.0,2.0,2.0,1987.0
single_family,NA,2045000.0,2193.0,1.0,3.0,2.0,2.0,2.0,2.0,1963.0
condos,condo,1349000.0,1370.0,2.0,2.0,1.0,1.0,1.0,1.0,1910.0
condos,condo,293000.0,853.0,1.0,2.0,2.0,2.0,2.0,0.0,1986.0
condos,condo,495000.0,1324.0,2.0,3.0,3.0,2.0,2.0,0.0,1980.0
single_family,NA,850000.0,1625.0,1.0,3.0,2.0,2.0,2.0,2.0,1992.0
single_family,NA,539990.0,2814.0,2.0,5.0,3.0,3.0,3.0,0.0,2025.0
condos,condo,379000.0,525.0,1.0,1.0,1.0,1.0,1.0,0.0,1995.0
condos,condo,530000.0,1019.0,1.0,2.0,1.0,1.0,1.0,1.0,1973.0
single_family,NA,499000.0,2890.0,2.0,4.0,3.0,3.0,3.0,4.0,1976.0
single_family,NA,2100000.0,3629.0,4.0,4.0,4.0,3.0,3.0,0.0,2007.0
condos,condo,665000.0,1173.0,3.0,2.0,3.0,2.0,2.0,2.0,2013.0
condos,condo,1395000.0,1260.0,2.0,2.0,2.0,1.0,1.0,1.0,1981.0
single_family,NA,699000.0,895.0,1.0,3.0,2.0,2.0,2.0,1.0,1918.0
single_family,NA,1499000.0,1307.0,1.0,3.0,2.0,1.0,1.0,0.0,1940.0
condos,condo,499000.0,967.0,1.0,1.0,1.0,1.0,1.0,2.0,2005.0
condos,condo,998000.0,1092.0,2.0,2.0,3.0,2.0,2.0,1.0,1981.0
single_family,NA,675000.0,1318.0,2.0,3.0,3.0,2.0,2.0,0.0,1998.0
land,NA,210000.0,0.0,0.0,0.0,0.0,0.0,0.0,0.0,0.0
land,NA,189000.0,0.0,0.0,0.0,0.0,0.0,0.0,0.0,0.0
single_family,NA,1198000.0,1340.0,1.0,3.0,2.0,2.0,2.0,2.0,1962.0
single_family,NA,230000.0,1024.0,2.0,1.0,1.0,1.0,1.0,0.0,2023.0
single_family,NA,379950.0,1212.0,1.0,4.0,2.0,2.0,2.0,2.0,1959.0
single_family,NA,2170000.0,3906.0,2.0,5.0,6.0,5.0,5.0,3.0,2002.0
single_family,NA,479000.0,1956.0,1.0,4.0,2.0,2.0,2.0,0.0,1998.0
single_family,NA,750000.0,0.0,1.0,2.0,2.0,2.0,2.0,2.0,1956.0
single_family,NA,1490000.0,1290.0,1.0,2.0,2.0,2.0,2.0,2.0,1969.0
condos,condo,258000.0,949.0,1.0,2.0,1.0,1.0,1.0,2.0,1980.0
condos,condo,389000.0,955.0,1.0,2.0,2.0,2.0,2.0,0.0,1974.0
single_family,NA,499000.0,1408.0,1.0,3.0,2.0,2.0,2.0,2.0,1980.0
single_family,NA,639000.0,1310.0,1.0,3.0,2.0,1.0,1.0,2.0,1941.0
single_family,NA,355000.0,1185.0,1.0,3.0,2.0,2.0,2.0,0.0,1986.0
single_family,NA,849000.0,1345.0,1.0,2.0,2.0,2.0,2.0,0.0,1928.0
single_family,NA,1025000.0,1288.0,1.0,4.0,2.0,2.0,2.0,2.0,1962.0
single_family,NA,689000.0,1287.0,1.0,3.0,2.0,2.0,2.0,1.0,1947.0
condo_townhome_rowhome_coop,townhouse,1335000.0,0.0,1.0,2.0,2.0,2.0,2.0,1.0,2001.0
mobile,NA,162500.0,720.0,1.0,2.0,2.0,1.0,2.0,0.0,1973.0
single_family,NA,303900.0,1196.0,1.0,3.0,2.0,2.0,2.0,0.0,1998.0
single_family,NA,599000.0,1309.0,1.0,2.0,2.0,2.0,2.0,2.0,1992.0
single_family,NA,1139000.0,2922.0,2.0,4.0,2.0,2.0,2.0,2.0,1971.0
multi_family,NA,1430000.0,1661.0,1.0,5.0,2.0,2.0,2.0,0.0,1953.0
mobile,NA,62000.0,1248.0,1.0,2.0,2.0,2.0,2.0,0.0,1978.0
single_family,NA,682000.0,680.0,2.0,2.0,1.0,1.0,1.0,0.0,1900.0
single_family,NA,2395000.0,3114.0,1.0,4.0,3.0,2.0,2.0,2.0,1989.0
townhomes,townhouse,429000.0,1176.0,2.0,3.0,3.0,2.0,2.0,0.0,1986.0
single_family,NA,459000.0,1051.0,1.0,3.0,1.0,1.0,1.0,1.0,1957.0
single_family,NA,851700.0,1698.0,1.0,4.0,2.0,2.0,2.0,2.0,1968.0
single_family,NA,479800.0,2415.0,1.0,3.0,3.0,2.0,2.0,0.0,2004.0
single_family,NA,949000.0,900.0,1.0,3.0,1.0,1.0,1.0,1.0,1959.0
single_family,NA,340000.0,1140.0,1.0,3.0,2.0,2.0,2.0,0.0,2017.0
townhomes,townhouse,1098000.0,1136.0,2.0,2.0,2.0,1.0,1.0,0.0,1971.0
condos,condo,825000.0,967.0,1.0,2.0,1.0,1.0,1.0,0.0,1961.0
condos,condo,548000.0,1360.0,2.0,3.0,2.0,2.0,2.0,0.0,1976.0
single_family,NA,274950.0,1039.0,1.0,3.0,1.0,1.0,1.0,2.0,1958.0
condos,condo,143995.0,826.0,2.0,2.0,2.0,2.0,2.0,0.0,1985.0
single_family,NA,385000.0,1213.0,1.0,2.0,2.0,1.0,2.0,2.0,2000.0
single_family,NA,416000.0,1431.0,1.0,3.0,2.0,2.0,2.0,2.0,2006.0
single_family,NA,649000.0,1472.0,2.0,2.0,2.0,2.0,2.0,0.0,1988.0
condos,condo,899000.0,1122.0,1.0,2.0,2.0,2.0,2.0,0.0,1979.0
single_family,NA,561000.0,2232.0,1.0,4.0,2.0,2.0,2.0,2.0,2001.0
single_family,NA,452900.0,1505.0,1.0,3.0,2.0,2.0,2.0,0.0,2025.0
mobile,NA,219900.0,1740.0,1.0,2.0,2.0,2.0,2.0,0.0,1980.0
single_family,NA,259000.0,1176.0,1.0,3.0,2.0,2.0,2.0,2.0,1979.0
townhomes,townhouse,474999.0,1183.0,1.0,2.0,2.0,2.0,2.0,0.0,2007.0
single_family,NA,249900.0,1171.0,2.0,2.0,2.0,2.0,2.0,0.0,1978.0
single_family,NA,700000.0,680.0,1.0,2.0,1.0,1.0,1.0,0.0,2019.0
single_family,NA,275000.0,1224.0,1.0,3.0,2.0,2.0,2.0,0.0,1969.0
single_family,NA,995000.0,1346.0,2.0,2.0,2.0,1.0,1.0,0.0,1971.0
condos,condo,795000.0,1160.0,1.0,2.0,2.0,2.0,2.0,1.0,1996.0
condos,condo,279000.0,622.0,1.0,1.0,1.0,1.0,1.0,0.0,2005.0
land,NA,170000.0,0.0,0.0,0.0,0.0,0.0,0.0,0.0,0.0
condos,condo,625000.0,1360.0,1.0,2.0,2.0,2.0,2.0,0.0,1970.0
single_family,NA,410000.0,1694.0,1.0,4.0,2.0,2.0,2.0,0.0,2000.0
single_family,NA,434999.0,1339.0,1.0,3.0,2.0,2.0,2.0,0.0,1980.0
land,NA,49000.0,0.0,0.0,0.0,0.0,0.0,0.0,0.0,0.0
mobile,NA,2000.0,360.0,1.0,0.0,2.0,1.0,1.0,0.0,1958.0
condos,condo,295000.0,853.0,1.0,2.0,1.0,1.0,1.0,0.0,1977.0
single_family,NA,525000.0,1769.0,2.0,3.0,3.0,2.0,2.0,0.0,2023.0
single_family,NA,740000.0,2129.0,2.0,4.0,3.0,2.0,2.0,0.0,2003.0
single_family,NA,399990.0,1230.0,1.0,3.0,2.0,2.0,2.0,2.0,2025.0
single_family,NA,1395000.0,1713.0,2.0,4.0,2.0,2.0,2.0,1.0,1925.0
single_family,NA,1090000.0,1916.0,1.0,3.0,2.0,2.0,2.0,2.0,1955.0
single_family,NA,815000.0,990.0,1.0,3.0,1.0,1.0,1.0,2.0,1944.0
land,NA,900000.0,0.0,0.0,0.0,0.0,0.0,0.0,0.0,0.0
single_family,NA,1025000.0,2002.0,1.0,3.0,3.0,1.0,2.0,2.0,1951.0
land,NA,350000.0,0.0,0.0,0.0,0.0,0.0,0.0,0.0,0.0
single_family,NA,3395000.0,6953.0,2.0,5.0,6.0,5.0,5.0,2.0,2006.0
single_family,NA,169000.0,1231.0,1.0,2.0,2.0,1.0,2.0,0.0,1998.0
single_family,NA,819000.0,1803.0,1.0,2.0,2.0,2.0,2.0,0.0,1971.0
single_family,NA,624990.0,1538.0,1.0,3.0,2.0,2.0,2.0,2.0,1956.0
single_family,NA,219000.0,986.0,1.0,2.0,1.0,1.0,1.0,0.0,1928.0
condos,condo,1220000.0,2005.0,2.0,4.0,3.0,3.0,3.0,2.0,2020.0
mobile,NA,350000.0,1440.0,1.0,2.0,2.0,0.0,2.0,0.0,1977.0
single_family,NA,975000.0,1384.0,1.0,3.0,2.0,2.0,2.0,1.0,1951.0
land,NA,95000.0,0.0,0.0,0.0,0.0,0.0,0.0,0.0,0.0
land,NA,850000.0,0.0,0.0,0.0,0.0,0.0,0.0,0.0,0.0
single_family,NA,1274000.0,2916.0,2.0,4.0,3.0,3.0,3.0,3.0,1999.0
condos,condo,1290000.0,1614.0,1.0,3.0,3.0,3.0,3.0,2.0,2002.0
land,NA,50712.0,0.0,0.0,0.0,0.0,0.0,0.0,0.0,0.0
land,NA,124000.0,0.0,0.0,0.0,0.0,0.0,0.0,0.0,0.0
single_family,NA,929000.0,1880.0,2.0,3.0,3.0,2.0,2.0,2.0,2000.0
single_family,NA,555000.0,1204.0,1.0,4.0,2.0,2.0,2.0,2.0,1972.0
single_family,NA,1335000.0,1786.0,1.0,3.0,2.0,2.0,2.0,2.0,1974.0
condos,condo,775000.0,968.0,1.0,3.0,2.0,2.0,2.0,0.0,1973.0
single_family,NA,925000.0,2656.0,2.0,4.0,3.0,2.0,2.0,3.0,1999.0
condos,condo,1088888.0,2180.0,3.0,3.0,3.0,2.0,2.0,2.0,2006.0
single_family,NA,569999.0,1577.0,1.0,3.0,3.0,2.0,2.0,0.0,1948.0
townhomes,townhouse,2495000.0,2809.0,3.0,3.0,4.0,3.0,3.0,2.0,2006.0
single_family,NA,1995000.0,3797.0,2.0,5.0,4.0,3.0,3.0,3.0,1951.0
condos,condo,998210.0,2202.0,3.0,3.0,2.0,2.0,2.0,2.0,2025.0
single_family,NA,559000.0,1773.0,1.0,4.0,2.0,2.0,2.0,0.0,1978.0
single_family,NA,799900.0,1776.0,2.0,4.0,3.0,2.0,2.0,2.0,1979.0
land,NA,7500.0,0.0,0.0,0.0,0.0,0.0,0.0,0.0,0.0
land,NA,50000.0,0.0,0.0,0.0,0.0,0.0,0.0,0.0,0.0
single_family,NA,684000.0,2152.0,2.0,3.0,3.0,2.0,2.0,2.0,2025.0
single_family,NA,370000.0,1554.0,1.0,3.0,2.0,2.0,2.0,2.0,1993.0
land,NA,100000.0,0.0,0.0,0.0,0.0,0.0,0.0,0.0,0.0
single_family,NA,650000.0,1338.0,2.0,4.0,3.0,2.0,2.0,0.0,2002.0
single_family,NA,999000.0,2193.0,1.0,3.0,2.0,2.0,2.0,2.0,1938.0
single_family,NA,2850000.0,2872.0,2.0,4.0,3.0,2.0,2.0,3.0,1966.0
townhomes,townhouse,435990.0,1356.0,3.0,2.0,3.0,1.0,2.0,2.0,2025.0
townhomes,townhouse,2000000.0,1679.0,2.0,3.0,3.0,3.0,3.0,2.0,1982.0
townhomes,townhouse,1488000.0,1679.0,1.0,3.0,3.0,2.0,2.0,2.0,2018.0
townhomes,townhouse,875990.0,1509.0,2.0,3.0,3.0,2.0,2.0,2.0,2025.0
single_family,NA,539900.0,2049.0,2.0,3.0,3.0,2.0,2.0,3.0,2012.0
single_family,NA,619990.0,1890.0,1.0,4.0,3.0,3.0,3.0,2.0,2026.0
condos,condo,1489000.0,1516.0,3.0,3.0,3.0,2.0,2.0,0.0,1978.0
single_family,NA,670000.0,2245.0,1.0,3.0,3.0,2.0,2.0,2.0,2021.0
single_family,NA,510000.0,2185.0,1.0,3.0,3.0,2.0,2.0,2.0,2006.0
townhomes,townhouse,694990.0,1367.0,3.0,3.0,3.0,3.0,3.0,2.0,2025.0
multi_family,NA,649900.0,2118.0,1.0,4.0,3.0,3.0,3.0,2.0,1977.0
single_family,NA,514490.0,2260.0,2.0,5.0,3.0,3.0,3.0,2.0,2026.0
single_family,NA,698000.0,1574.0,1.0,3.0,1.0,1.0,1.0,2.0,1955.0
single_family,NA,489642.0,1816.0,2.0,4.0,3.0,2.0,2.0,2.0,2026.0
condos,condo,1180000.0,1680.0,4.0,2.0,2.0,2.0,2.0,0.0,1985.0
single_family,NA,799000.0,1297.0,2.0,3.0,3.0,2.0,2.0,2.0,1959.0
single_family,NA,363390.0,1623.0,2.0,3.0,3.0,2.0,2.0,2.0,2026.0
single_family,NA,1598000.0,2240.0,3.0,4.0,4.0,3.0,3.0,2.0,2025.0
mobile,NA,78000.0,1344.0,1.0,2.0,2.0,2.0,2.0,0.0,1973.0
mobile,NA,65800.0,960.0,1.0,2.0,2.0,1.0,2.0,0.0,1977.0
single_family,NA,1365000.0,2474.0,1.0,3.0,3.0,3.0,3.0,3.0,1990.0
single_family,NA,499000.0,1704.0,2.0,3.0,3.0,2.0,2.0,2.0,1993.0
single_family,NA,715000.0,2084.0,2.0,4.0,2.0,2.0,2.0,2.0,1964.0
single_family,NA,684990.0,2339.0,1.0,3.0,3.0,3.0,3.0,2.0,2025.0
land,NA,22000.0,0.0,0.0,0.0,0.0,0.0,0.0,0.0,0.0
condos,condo,819900.0,1312.0,2.0,2.0,2.0,2.0,2.0,2.0,2026.0
condos,condo,229000.0,840.0,2.0,2.0,1.0,1.0,1.0,1.0,1971.0
single_family,NA,1299000.0,1170.0,1.0,3.0,1.0,1.0,1.0,2.0,1952.0
single_family,NA,575000.0,1313.0,1.0,2.0,1.0,1.0,1.0,2.0,1961.0
condos,condo,539100.0,1639.0,2.0,3.0,3.0,2.0,2.0,2.0,2026.0
single_family,NA,1650000.0,2129.0,1.0,4.0,3.0,3.0,3.0,0.0,1951.0
single_family,NA,945000.0,1213.0,1.0,3.0,2.0,2.0,2.0,2.0,1970.0
single_family,NA,230000.0,1024.0,2.0,1.0,1.0,1.0,1.0,0.0,2023.0
multi_family,NA,609950.0,1040.0,1.0,2.0,2.0,2.0,2.0,0.0,1968.0
single_family,NA,649999.0,1766.0,1.0,4.0,2.0,2.0,2.0,2.0,2006.0
condos,condo,664990.0,1420.0,1.0,2.0,2.0,2.0,2.0,2.0,2008.0
land,NA,35000.0,0.0,0.0,0.0,0.0,0.0,0.0,0.0,0.0
single_family,NA,775000.0,1067.0,1.0,3.0,1.0,1.0,1.0,2.0,1935.0
mobile,NA,189900.0,1440.0,1.0,2.0,2.0,2.0,2.0,0.0,1969.0
single_family,NA,312000.0,918.0,1.0,2.0,1.0,1.0,1.0,1.0,1935.0
condos,condo,1050000.0,1734.0,3.0,3.0,4.0,3.0,3.0,2.0,2022.0
single_family,NA,1649000.0,3314.0,2.0,5.0,4.0,3.0,3.0,2.0,2020.0
single_family,NA,1099000.0,1413.0,1.0,3.0,2.0,2.0,2.0,2.0,1961.0
single_family,NA,1050000.0,2531.0,1.0,3.0,2.0,2.0,2.0,0.0,1951.0
single_family,NA,469900.0,1300.0,1.0,3.0,2.0,2.0,2.0,1.0,1977.0
land,NA,8500.0,0.0,0.0,0.0,0.0,0.0,0.0,0.0,0.0
single_family,NA,689000.0,2530.0,2.0,5.0,3.0,3.0,3.0,3.0,1999.0
single_family,NA,599900.0,1790.0,2.0,3.0,3.0,2.0,2.0,2.0,2008.0
single_family,NA,899000.0,1678.0,1.0,4.0,2.0,2.0,2.0,2.0,1975.0
single_family,NA,960000.0,990.0,1.0,2.0,1.0,1.0,1.0,0.0,1927.0
single_family,NA,950000.0,3782.0,1.0,3.0,3.0,3.0,3.0,7.0,1948.0
single_family,NA,649900.0,1888.0,2.0,3.0,3.0,2.0,2.0,2.0,1989.0
single_family,NA,2695000.0,1986.0,2.0,3.0,3.0,2.0,2.0,0.0,1965.0
single_family,NA,409000.0,2000.0,1.0,3.0,2.0,2.0,2.0,2.0,1964.0
single_family,NA,300000.0,1196.0,2.0,2.0,2.0,1.0,1.0,4.0,2003.0
single_family,NA,1888000.0,2140.0,1.0,3.0,3.0,3.0,3.0,2.0,1956.0
single_family,NA,825000.0,1665.0,1.0,4.0,2.0,2.0,2.0,2.0,1972.0
single_family,NA,1074900.0,2382.0,2.0,4.0,3.0,3.0,3.0,2.0,1983.0
condos,condo,399000.0,1534.0,1.0,3.0,2.0,2.0,2.0,1.0,1989.0
condos,condo,399900.0,1292.0,2.0,2.0,2.0,2.0,2.0,2.0,1988.0
single_family,NA,675000.0,953.0,1.0,3.0,1.0,1.0,1.0,0.0,1954.0
condos,condo,578000.0,863.0,1.0,2.0,1.0,1.0,1.0,0.0,1979.0
single_family,NA,650000.0,1486.0,1.0,3.0,2.0,2.0,2.0,2.0,2020.0
mobile,NA,248500.0,1440.0,1.0,2.0,2.0,2.0,2.0,1.0,1974.0
multi_family,NA,738800.0,3240.0,2.0,8.0,3.0,3.0,3.0,6.0,1972.0
single_family,NA,950000.0,2116.0,2.0,4.0,3.0,3.0,3.0,2.0,2005.0
single_family,NA,812000.0,1252.0,1.0,3.0,2.0,2.0,2.0,1.0,1956.0
single_family,NA,599000.0,2202.0,2.0,3.0,3.0,2.0,2.0,2.0,2001.0
condos,condo,995000.0,1888.0,3.0,2.0,3.0,1.0,2.0,2.0,1992.0
single_family,NA,2350000.0,2473.0,2.0,5.0,3.0,3.0,3.0,2.0,1962.0
single_family,NA,3725000.0,3479.0,2.0,4.0,5.0,4.0,4.0,2.0,2025.0
land,NA,300000.0,0.0,0.0,0.0,0.0,0.0,0.0,0.0,0.0
single_family,NA,799000.0,1527.0,1.0,2.0,2.0,2.0,2.0,0.0,1880.0
condos,condo,635000.0,2114.0,1.0,3.0,3.0,2.0,2.0,2.0,2017.0
single_family,NA,1199000.0,1561.0,1.0,3.0,2.0,2.0,2.0,2.0,1979.0
single_family,NA,1300000.0,2034.0,1.0,3.0,2.0,2.0,2.0,2.0,1956.0
land,NA,99000.0,0.0,0.0,0.0,0.0,0.0,0.0,0.0,0.0
condos,condo,399900.0,767.0,1.0,1.0,1.0,1.0,1.0,1.0,1990.0
single_family,NA,1339900.0,1580.0,1.0,4.0,2.0,2.0,2.0,2.0,1963.0
single_family,NA,493000.0,1532.0,1.0,3.0,2.0,2.0,2.0,2.0,1981.0
single_family,NA,1145000.0,3247.0,1.0,4.0,3.0,3.0,3.0,4.0,1987.0
single_family,NA,550000.0,1408.0,1.0,3.0,2.0,2.0,2.0,2.0,2022.0
single_family,NA,779000.0,1684.0,1.0,3.0,2.0,2.0,2.0,2.0,1948.0
single_family,NA,599000.0,1672.0,1.0,4.0,2.0,2.0,2.0,2.0,1963.0
townhomes,townhouse,799995.0,1314.0,3.0,3.0,3.0,2.0,2.0,2.0,2022.0
single_family,NA,3599000.0,1824.0,2.0,3.0,3.0,1.0,3.0,2.0,1952.0
single_family,NA,2425000.0,2209.0,1.0,3.0,3.0,2.0,2.0,2.0,1963.0
single_family,NA,735000.0,1586.0,1.0,3.0,2.0,2.0,2.0,2.0,1971.0
townhomes,townhouse,638888.0,1488.0,2.0,2.0,3.0,3.0,3.0,2.0,1990.0
land,NA,6000000.0,0.0,0.0,0.0,0.0,0.0,0.0,0.0,0.0
single_family,NA,709000.0,3666.0,2.0,5.0,5.0,4.0,4.0,4.0,2005.0
single_family,NA,1550000.0,2581.0,2.0,4.0,4.0,3.0,3.0,2.0,2018.0
single_family,NA,480000.0,1745.0,1.0,3.0,2.0,2.0,2.0,2.0,1976.0
single_family,NA,775000.0,1511.0,1.0,3.0,2.0,2.0,2.0,2.0,1974.0
single_family,NA,572990.0,2269.0,2.0,3.0,3.0,2.0,2.0,2.0,2025.0
condos,condo,538888.0,809.0,1.0,1.0,1.0,1.0,1.0,1.0,1966.0
single_family,NA,749000.0,1571.0,1.0,4.0,2.0,2.0,2.0,2.0,1956.0
single_family,NA,425000.0,1265.0,2.0,3.0,3.0,2.0,2.0,2.0,2006.0
single_family,NA,749000.0,2102.0,1.0,3.0,3.0,1.0,3.0,2.0,2005.0
single_family,NA,714999.0,1061.0,1.0,2.0,1.0,1.0,1.0,2.0,1951.0
mobile,NA,159900.0,1440.0,1.0,2.0,2.0,2.0,2.0,0.0,1999.0
single_family,NA,554900.0,1979.0,1.0,3.0,2.0,2.0,2.0,2.0,2005.0
single_family,NA,1450000.0,2211.0,2.0,3.0,4.0,1.0,4.0,3.0,1980.0
condos,condo,1895000.0,2100.0,1.0,2.0,3.0,2.0,2.0,2.0,2017.0
single_family,NA,2250000.0,2788.0,2.0,5.0,4.0,2.0,3.0,2.0,1970.0
land,NA,2300000.0,0.0,0.0,0.0,0.0,0.0,0.0,0.0,0.0
mobile,NA,131000.0,600.0,1.0,1.0,1.0,0.0,1.0,0.0,2003.0
condos,condo,455000.0,864.0,1.0,1.0,1.0,1.0,1.0,2.0,1985.0
single_family,NA,1085000.0,1979.0,2.0,4.0,3.0,2.0,2.0,2.0,1960.0
mobile,NA,69999.0,960.0,1.0,2.0,2.0,2.0,2.0,0.0,1972.0
single_family,NA,1295000.0,1936.0,1.0,3.0,2.0,2.0,2.0,2.0,1998.0
single_family,NA,979995.0,1190.0,1.0,3.0,2.0,1.0,2.0,2.0,1962.0
single_family,NA,285000.0,945.0,1.0,2.0,1.0,1.0,1.0,1.0,1939.0
single_family,NA,1650000.0,3628.0,2.0,5.0,4.0,3.0,3.0,3.0,1979.0
condos,condo,533888.0,1187.0,2.0,2.0,2.0,2.0,2.0,1.0,1974.0
land,NA,1200000.0,0.0,0.0,0.0,0.0,0.0,0.0,0.0,0.0
single_family,NA,1595000.0,4280.0,1.0,3.0,4.0,3.0,3.0,3.0,1990.0
single_family,NA,549900.0,2578.0,2.0,4.0,3.0,3.0,3.0,3.0,2002.0
condos,condo,1290000.0,2184.0,2.0,3.0,3.0,3.0,3.0,2.0,1977.0
condos,condo,375000.0,547.0,1.0,1.0,1.0,1.0,1.0,0.0,1989.0
single_family,NA,715000.0,1621.0,2.0,3.0,3.0,2.0,2.0,2.0,2019.0
single_family,NA,459000.0,1790.0,1.0,3.0,2.0,2.0,2.0,2.0,1980.0
single_family,NA,1750000.0,5157.0,2.0,4.0,4.0,3.0,3.0,3.0,2012.0
single_family,NA,449900.0,1414.0,1.0,4.0,2.0,2.0,2.0,2.0,1988.0
single_family,NA,765000.0,1106.0,1.0,3.0,2.0,0.0,2.0,2.0,1955.0
single_family,NA,650000.0,1985.0,2.0,4.0,3.0,2.0,2.0,2.0,2001.0
single_family,NA,859000.0,1874.0,2.0,3.0,3.0,2.0,2.0,2.0,2010.0
single_family,NA,1399000.0,1741.0,2.0,3.0,3.0,2.0,2.0,2.0,2009.0
single_family,NA,985000.0,1410.0,1.0,3.0,2.0,2.0,2.0,2.0,1977.0
single_family,NA,995000.0,1799.0,2.0,4.0,3.0,2.0,2.0,2.0,1975.0
single_family,NA,1098000.0,1760.0,2.0,3.0,3.0,2.0,2.0,2.0,1990.0
single_family,NA,1498000.0,2128.0,2.0,3.0,3.0,2.0,2.0,2.0,2005.0
condos,condo,998000.0,1870.0,3.0,3.0,4.0,3.0,3.0,0.0,2021.0
single_family,NA,1705000.0,2381.0,2.0,4.0,2.0,2.0,2.0,0.0,1926.0
land,NA,58900.0,0.0,0.0,0.0,0.0,0.0,0.0,0.0,0.0
single_family,NA,620000.0,924.0,1.0,2.0,1.0,1.0,1.0,2.0,1941.0
single_family,NA,859000.0,1408.0,1.0,3.0,2.0,2.0,2.0,2.0,1950.0
single_family,NA,525000.0,1455.0,1.0,3.0,2.0,2.0,2.0,3.0,1988.0
single_family,NA,490000.0,2146.0,2.0,4.0,3.0,2.0,2.0,2.0,2002.0
condos,condo,436000.0,1213.0,2.0,2.0,2.0,2.0,2.0,1.0,2003.0
mobile,NA,110000.0,1008.0,1.0,3.0,2.0,2.0,2.0,0.0,2008.0
single_family,NA,687613.0,2480.0,2.0,4.0,4.0,4.0,4.0,2.0,2025.0
condos,condo,235000.0,645.0,1.0,1.0,1.0,1.0,1.0,0.0,1974.0
single_family,NA,410000.0,1031.0,1.0,3.0,1.0,1.0,1.0,1.0,1963.0
single_family,NA,2100000.0,3225.0,1.0,3.0,5.0,0.0,4.0,3.0,1988.0
single_family,NA,650000.0,2514.0,2.0,4.0,3.0,2.0,2.0,2.0,2006.0
single_family,NA,795000.0,1854.0,1.0,3.0,2.0,2.0,2.0,2.0,1954.0
single_family,NA,951990.0,1869.0,2.0,4.0,3.0,3.0,3.0,2.0,2025.0
land,NA,329900.0,0.0,0.0,0.0,0.0,0.0,0.0,0.0,0.0
single_family,NA,749999.0,1120.0,1.0,3.0,1.0,1.0,1.0,2.0,1954.0
single_family,NA,4995000.0,6405.0,2.0,6.0,7.0,6.0,6.0,4.0,2007.0
single_family,NA,230000.0,1800.0,1.0,4.0,2.0,2.0,2.0,0.0,1958.0
single_family,NA,699950.0,2333.0,2.0,4.0,3.0,3.0,3.0,2.0,1989.0
single_family,NA,895000.0,1746.0,1.0,4.0,2.0,2.0,2.0,2.0,1978.0
condos,condo,689000.0,1533.0,2.0,3.0,3.0,2.0,2.0,2.0,1987.0
single_family,NA,895000.0,1956.0,2.0,4.0,2.0,2.0,2.0,3.0,1882.0
single_family,NA,1890000.0,2300.0,1.0,3.0,3.0,2.0,2.0,2.0,2022.0
single_family,NA,4975000.0,6318.0,2.0,5.0,6.0,6.0,6.0,3.0,1938.0
single_family,NA,459000.0,2062.0,2.0,3.0,3.0,2.0,2.0,2.0,1990.0
single_family,NA,1150000.0,3369.0,2.0,5.0,3.0,3.0,3.0,3.0,1990.0
land,NA,45000.0,0.0,0.0,0.0,0.0,0.0,0.0,0.0,0.0
single_family,NA,1200000.0,1009.0,1.0,2.0,1.0,1.0,1.0,2.0,1941.0
single_family,NA,785000.0,1259.0,2.0,2.0,2.0,2.0,2.0,2.0,1983.0
single_family,NA,899999.0,1848.0,2.0,3.0,3.0,2.0,2.0,2.0,1992.0
mobile,NA,395000.0,1500.0,1.0,3.0,2.0,2.0,2.0,0.0,2005.0
single_family,NA,1399000.0,2186.0,2.0,5.0,3.0,3.0,3.0,3.0,1986.0
single_family,NA,4995000.0,2462.0,1.0,3.0,3.0,2.0,2.0,2.0,1972.0
single_family,NA,799000.0,1065.0,1.0,3.0,2.0,2.0,2.0,2.0,1955.0
single_family,NA,650000.0,1066.0,1.0,3.0,2.0,2.0,2.0,2.0,1958.0
single_family,NA,2475000.0,4773.0,2.0,5.0,5.0,4.0,4.0,2.0,1962.0
single_family,NA,1899000.0,3496.0,2.0,5.0,4.0,3.0,3.0,2.0,1933.0
single_family,NA,749900.0,2731.0,2.0,4.0,3.0,3.0,3.0,1.0,1975.0
single_family,NA,2895000.0,3457.0,1.0,4.0,6.0,5.0,5.0,3.0,1951.0
single_family,NA,395000.0,1637.0,2.0,4.0,3.0,2.0,2.0,2.0,2022.0
single_family,NA,659000.0,3360.0,2.0,5.0,4.0,4.0,4.0,2.0,2006.0
single_family,NA,450000.0,960.0,1.0,3.0,1.0,1.0,1.0,2.0,1959.0
single_family,NA,629000.0,1088.0,1.0,2.0,2.0,2.0,2.0,2.0,1978.0
condos,condo,1612000.0,1699.0,2.0,2.0,3.0,2.0,2.0,2.0,2017.0
single_family,NA,1395000.0,2512.0,2.0,3.0,3.0,2.0,2.0,3.0,1994.0
single_family,NA,1699000.0,1976.0,1.0,3.0,3.0,2.0,3.0,3.0,1956.0
condos,condo,499000.0,1068.0,2.0,2.0,2.0,1.0,1.0,1.0,1984.0
single_family,NA,1948000.0,1975.0,1.0,3.0,2.0,2.0,2.0,2.0,1970.0
single_family,NA,515000.0,2240.0,1.0,3.0,2.0,2.0,2.0,2.0,1928.0
single_family,NA,549999.0,1723.0,1.0,3.0,2.0,2.0,2.0,2.0,1995.0
single_family,NA,1450000.0,2108.0,1.0,3.0,3.0,3.0,3.0,2.0,1953.0
single_family,NA,829000.0,1866.0,2.0,3.0,2.0,2.0,2.0,2.0,1975.0
single_family,NA,379900.0,1126.0,1.0,2.0,1.0,1.0,1.0,0.0,1951.0
multi_family,NA,500000.0,1758.0,1.0,4.0,2.0,2.0,2.0,1.0,1923.0
single_family,NA,449000.0,1443.0,1.0,2.0,2.0,2.0,2.0,2.0,1961.0
single_family,NA,6200000.0,3995.0,1.0,5.0,4.0,3.0,3.0,2.0,1977.0
single_family,NA,719000.0,829.0,1.0,2.0,1.0,1.0,1.0,1.0,1927.0
land,NA,169000.0,0.0,0.0,0.0,0.0,0.0,0.0,0.0,0.0
condos,condo,775000.0,988.0,1.0,2.0,1.0,1.0,1.0,0.0,1969.0
single_family,NA,1195000.0,1348.0,2.0,2.0,2.0,2.0,2.0,0.0,1927.0
single_family,NA,1160000.0,2440.0,2.0,4.0,3.0,3.0,3.0,2.0,1999.0
single_family,NA,1095000.0,1935.0,1.0,2.0,2.0,1.0,2.0,3.0,1948.0
condos,condo,479000.0,1010.0,1.0,2.0,2.0,2.0,2.0,2.0,1981.0
single_family,NA,440000.0,1367.0,1.0,2.0,2.0,2.0,2.0,2.0,1977.0
condos,condo,1295500.0,1674.0,2.0,3.0,3.0,2.0,2.0,2.0,2001.0
single_family,NA,2419000.0,2200.0,2.0,4.0,3.0,3.0,3.0,0.0,1924.0
single_family,NA,489900.0,1894.0,1.0,3.0,3.0,2.0,2.0,3.0,1997.0
townhomes,townhouse,650000.0,2090.0,2.0,3.0,3.0,2.0,2.0,2.0,2010.0
single_family,NA,1399000.0,1592.0,1.0,3.0,2.0,2.0,2.0,2.0,1977.0
mobile,NA,210000.0,880.0,1.0,2.0,2.0,2.0,2.0,2.0,2003.0
single_family,NA,1499000.0,1288.0,1.0,3.0,2.0,2.0,2.0,2.0,1956.0
single_family,NA,650000.0,2428.0,2.0,4.0,4.0,3.0,3.0,3.0,2022.0
single_family,NA,319000.0,1798.0,1.0,2.0,2.0,1.0,1.0,2.0,1986.0
single_family,NA,549000.0,1437.0,1.0,3.0,2.0,2.0,2.0,2.0,1990.0
single_family,NA,975000.0,3760.0,2.0,5.0,4.0,4.0,4.0,2.0,2004.0
single_family,NA,798000.0,1744.0,1.0,4.0,2.0,2.0,2.0,2.0,1964.0
land,NA,14400.0,0.0,0.0,0.0,0.0,0.0,0.0,0.0,0.0
condos,condo,299000.0,948.0,1.0,2.0,2.0,1.0,1.0,0.0,1983.0
land,NA,26000.0,0.0,0.0,0.0,0.0,0.0,0.0,0.0,0.0
single_family,NA,1749000.0,2741.0,1.0,3.0,2.0,2.0,2.0,0.0,1952.0
single_family,NA,1650000.0,1630.0,1.0,3.0,2.0,2.0,2.0,2.0,1958.0
single_family,NA,575000.0,1607.0,1.0,3.0,2.0,2.0,2.0,0.0,1962.0
single_family,NA,380000.0,1674.0,1.0,4.0,2.0,1.0,1.0,0.0,1960.0
condos,condo,505500.0,945.0,1.0,2.0,2.0,1.0,1.0,2.0,1973.0
condos,condo,1799000.0,1847.0,1.0,2.0,3.0,2.0,2.0,2.0,2007.0
single_family,NA,499000.0,1119.0,1.0,2.0,1.0,1.0,1.0,1.0,1908.0
condos,condo,525000.0,1047.0,1.0,2.0,2.0,2.0,2.0,1.0,1981.0
land,NA,199500.0,0.0,0.0,0.0,0.0,0.0,0.0,0.0,0.0
single_family,NA,699000.0,1888.0,1.0,3.0,2.0,2.0,2.0,2.0,1978.0
single_family,NA,749000.0,2529.0,2.0,3.0,3.0,3.0,3.0,3.0,2000.0
single_family,NA,559000.0,1952.0,1.0,3.0,2.0,2.0,2.0,2.0,2018.0
multi_family,NA,2995000.0,5040.0,2.0,10.0,10.0,7.0,7.0,4.0,1980.0
single_family,NA,925000.0,2224.0,2.0,5.0,3.0,2.0,2.0,3.0,2005.0
single_family,NA,699000.0,650.0,1.0,2.0,2.0,2.0,2.0,0.0,1922.0
single_family,NA,679000.0,1337.0,1.0,2.0,2.0,2.0,2.0,2.0,1986.0
single_family,NA,4500000.0,4000.0,2.0,6.0,5.0,4.0,4.0,2.0,2025.0
single_family,NA,1375000.0,3037.0,1.0,6.0,4.0,4.0,4.0,3.0,1970.0
single_family,NA,550000.0,1756.0,1.0,5.0,2.0,2.0,2.0,0.0,1946.0
single_family,NA,574999.0,1056.0,1.0,3.0,1.0,1.0,1.0,0.0,1946.0
single_family,NA,344000.0,516.0,1.0,2.0,1.0,1.0,1.0,0.0,1925.0
single_family,NA,4495000.0,2600.0,1.0,4.0,3.0,2.0,2.0,2.0,2025.0
single_family,NA,585000.0,2459.0,1.0,4.0,3.0,2.0,2.0,3.0,2025.0
single_family,NA,1299000.0,2653.0,1.0,3.0,3.0,3.0,3.0,3.0,2002.0
single_family,NA,950000.0,1484.0,2.0,3.0,3.0,3.0,3.0,2.0,1987.0
single_family,NA,429990.0,1547.0,2.0,3.0,3.0,0.0,2.0,2.0,2025.0
single_family,NA,1449000.0,2704.0,2.0,5.0,3.0,3.0,3.0,3.0,1997.0
single_family,NA,590000.0,1728.0,1.0,4.0,2.0,2.0,2.0,0.0,1935.0
single_family,NA,2799000.0,3450.0,3.0,3.0,4.0,3.0,3.0,3.0,1995.0
condos,condo,3095000.0,1937.0,1.0,2.0,2.0,2.0,2.0,1.0,1966.0
condos,condo,725000.0,1472.0,2.0,3.0,3.0,2.0,2.0,2.0,2020.0
single_family,NA,497000.0,1711.0,1.0,3.0,2.0,2.0,2.0,2.0,1988.0
single_family,NA,710990.0,2026.0,1.0,4.0,2.0,2.0,2.0,2.0,2025.0
single_family,NA,619900.0,1125.0,1.0,3.0,2.0,2.0,2.0,2.0,1959.0
single_family,NA,419000.0,1545.0,2.0,4.0,2.0,2.0,2.0,1.0,1925.0
single_family,NA,480000.0,2141.0,2.0,4.0,3.0,2.0,2.0,2.0,2005.0
single_family,NA,615000.0,1984.0,1.0,4.0,3.0,3.0,3.0,3.0,2001.0
single_family,NA,480000.0,1451.0,1.0,3.0,2.0,2.0,2.0,2.0,1976.0
single_family,NA,725000.0,1204.0,1.0,3.0,2.0,2.0,2.0,2.0,1956.0
single_family,NA,949000.0,1416.0,1.0,3.0,2.0,2.0,2.0,2.0,1953.0
mobile,NA,110000.0,1344.0,1.0,3.0,2.0,2.0,2.0,0.0,1975.0
single_family,NA,325000.0,1263.0,1.0,3.0,2.0,2.0,2.0,2.0,1959.0
mobile,NA,149900.0,1880.0,1.0,2.0,2.0,2.0,2.0,0.0,1983.0
townhomes,townhouse,1084990.0,1875.0,3.0,4.0,4.0,3.0,3.0,2.0,2026.0
condos,condo,800000.0,1721.0,3.0,3.0,3.0,2.0,2.0,2.0,2015.0
single_family,NA,775000.0,1702.0,2.0,4.0,3.0,2.0,2.0,2.0,1987.0
single_family,NA,675000.0,2263.0,3.0,4.0,2.0,2.0,2.0,1.0,1940.0
multi_family,NA,980000.0,2360.0,1.0,2.0,2.0,2.0,2.0,2.0,1946.0
land,NA,9000.0,0.0,0.0,0.0,0.0,0.0,0.0,0.0,0.0
single_family,NA,739990.0,2946.0,2.0,5.0,4.0,4.0,4.0,2.0,2026.0
single_family,NA,2200000.0,2383.0,1.0,4.0,3.0,2.0,2.0,2.0,1959.0
single_family,NA,2995000.0,3030.0,2.0,5.0,5.0,4.0,4.0,0.0,1937.0
single_family,NA,750000.0,2548.0,2.0,4.0,3.0,2.0,2.0,3.0,1991.0
single_family,NA,1180000.0,2166.0,1.0,4.0,3.0,3.0,3.0,1.0,1950.0
single_family,NA,389000.0,1617.0,2.0,3.0,3.0,2.0,2.0,2.0,2005.0
single_family,NA,2450000.0,4700.0,1.0,5.0,7.0,6.0,6.0,4.0,2025.0
single_family,NA,3973000.0,2044.0,1.0,3.0,3.0,3.0,3.0,4.0,2014.0
condos,condo,675000.0,719.0,1.0,1.0,1.0,1.0,1.0,1.0,2025.0
townhomes,townhouse,845000.0,2027.0,3.0,3.0,3.0,3.0,3.0,2.0,2021.0
single_family,NA,485000.0,2902.0,2.0,4.0,3.0,2.0,2.0,2.0,2017.0
condos,condo,1150000.0,1581.0,2.0,3.0,3.0,2.0,2.0,2.0,2003.0
condos,condo,1750000.0,2656.0,2.0,4.0,3.0,3.0,3.0,2.0,2023.0
single_family,NA,2350000.0,3398.0,2.0,5.0,4.0,3.0,3.0,3.0,1973.0
single_family,NA,681600.0,1671.0,1.0,2.0,2.0,2.0,2.0,2.0,2007.0
single_family,NA,665000.0,2430.0,1.0,5.0,2.0,2.0,2.0,3.0,1971.0
condos,condo,675000.0,846.0,3.0,1.0,1.0,1.0,1.0,1.0,1975.0
single_family,NA,460000.0,1134.0,1.0,3.0,2.0,2.0,2.0,2.0,1987.0
condos,condo,1680000.0,1775.0,2.0,3.0,3.0,2.0,2.0,2.0,2014.0
condos,condo,2875000.0,2405.0,4.0,4.0,4.0,1.0,3.0,0.0,1974.0
townhomes,townhouse,875000.0,1300.0,1.0,2.0,2.0,2.0,2.0,1.0,1968.0
single_family,NA,677166.0,2929.0,1.0,5.0,4.0,4.0,4.0,2.0,2026.0
single_family,NA,1198000.0,1453.0,1.0,3.0,2.0,2.0,2.0,2.0,1950.0
single_family,NA,1995000.0,2798.0,2.0,4.0,4.0,3.0,3.0,2.0,1977.0
single_family,NA,1098888.0,1130.0,1.0,3.0,2.0,2.0,2.0,2.0,1954.0
mobile,NA,229999.0,1724.0,1.0,3.0,2.0,2.0,2.0,3.0,1996.0
single_family,NA,749000.0,1214.0,2.0,2.0,3.0,2.0,2.0,2.0,1998.0
townhomes,townhouse,575000.0,961.0,2.0,2.0,2.0,1.0,1.0,2.0,1977.0
single_family,NA,579900.0,1245.0,1.0,2.0,2.0,2.0,2.0,2.0,1964.0
single_family,NA,735000.0,1126.0,1.0,2.0,2.0,2.0,2.0,2.0,1948.0
single_family,NA,539000.0,1066.0,1.0,3.0,1.0,1.0,1.0,2.0,1951.0
single_family,NA,420000.0,1334.0,1.0,3.0,2.0,2.0,2.0,2.0,1986.0
single_family,NA,825000.0,2430.0,2.0,2.0,3.0,3.0,3.0,2.0,2005.0
single_family,NA,799000.0,4286.0,2.0,5.0,4.0,4.0,4.0,3.0,2021.0
multi_family,NA,252000.0,600.0,1.0,1.0,1.0,0.0,1.0,1.0,1963.0
single_family,NA,779000.0,1410.0,1.0,3.0,1.0,1.0,1.0,2.0,1953.0
single_family,NA,699000.0,950.0,1.0,2.0,1.0,1.0,1.0,2.0,1942.0
multi_family,NA,1425000.0,2768.0,1.0,4.0,4.0,2.0,2.0,0.0,1963.0
single_family,NA,1149000.0,1572.0,1.0,4.0,3.0,2.0,2.0,2.0,1977.0
single_family,NA,989000.0,1620.0,1.0,4.0,3.0,3.0,3.0,2.0,1954.0
single_family,NA,950000.0,2010.0,1.0,4.0,2.0,2.0,2.0,2.0,1987.0
condos,condo,549000.0,1063.0,2.0,3.0,2.0,2.0,2.0,0.0,1973.0
condos,condo,675000.0,1010.0,1.0,2.0,2.0,2.0,2.0,0.0,1962.0
single_family,NA,949000.0,1793.0,1.0,4.0,2.0,2.0,2.0,2.0,1927.0
condos,condo,1247000.0,2730.0,2.0,3.0,3.0,2.0,2.0,3.0,1988.0
single_family,NA,1249000.0,2378.0,2.0,4.0,3.0,1.0,3.0,2.0,1966.0
single_family,NA,975000.0,900.0,1.0,3.0,1.0,1.0,1.0,1.0,1954.0
single_family,NA,2299000.0,4000.0,2.0,5.0,4.0,4.0,4.0,3.0,2001.0
single_family,NA,1598000.0,1742.0,2.0,4.0,2.0,2.0,2.0,1.0,1951.0
single_family,NA,849000.0,2444.0,1.0,3.0,3.0,2.0,2.0,2.0,2001.0
single_family,NA,1050000.0,2814.0,2.0,5.0,3.0,3.0,3.0,3.0,1989.0
condos,condo,549800.0,882.0,1.0,2.0,1.0,1.0,1.0,0.0,1971.0
single_family,NA,527000.0,1489.0,1.0,2.0,2.0,2.0,2.0,2.0,1995.0
townhomes,townhouse,1788000.0,1860.0,2.0,3.0,3.0,2.0,2.0,2.0,1988.0
condos,condo,1195000.0,2662.0,1.0,2.0,3.0,3.0,3.0,2.0,1979.0
single_family,NA,800000.0,1416.0,1.0,3.0,2.0,2.0,2.0,2.0,1961.0
land,NA,108000.0,0.0,0.0,0.0,0.0,0.0,0.0,0.0,0.0
single_family,NA,1750000.0,2576.0,2.0,3.0,2.0,2.0,2.0,2.0,1928.0
single_family,NA,349900.0,2045.0,1.0,3.0,2.0,2.0,2.0,2.0,1978.0
single_family,NA,449900.0,1714.0,2.0,3.0,3.0,3.0,3.0,2.0,1993.0
single_family,NA,705000.0,1475.0,1.0,3.0,2.0,2.0,2.0,2.0,1989.0
single_family,NA,879000.0,1976.0,2.0,3.0,3.0,2.0,2.0,0.0,1906.0
townhomes,townhouse,590000.0,841.0,1.0,2.0,2.0,2.0,2.0,2.0,1976.0
single_family,NA,615000.0,1471.0,1.0,4.0,2.0,2.0,2.0,2.0,1989.0
single_family,NA,615999.0,2753.0,2.0,5.0,4.0,4.0,4.0,2.0,2004.0
single_family,NA,1369000.0,1606.0,2.0,4.0,3.0,2.0,2.0,2.0,1997.0
single_family,NA,195000.0,1199.0,1.0,3.0,1.0,1.0,1.0,2.0,1968.0
single_family,NA,699000.0,2650.0,2.0,4.0,3.0,3.0,3.0,3.0,1990.0
single_family,NA,31888000.0,13206.0,3.0,6.0,9.0,6.0,6.0,5.0,2003.0
single_family,NA,995000.0,1671.0,1.0,6.0,4.0,3.0,3.0,1.0,1965.0
single_family,NA,1359000.0,1396.0,1.0,3.0,2.0,2.0,2.0,2.0,1969.0
condos,condo,776745.0,1317.0,1.0,2.0,2.0,2.0,2.0,0.0,1965.0
condos,condo,1160000.0,1565.0,2.0,3.0,3.0,2.0,2.0,2.0,2000.0
single_family,NA,2395000.0,1771.0,1.0,3.0,2.0,2.0,2.0,2.0,1964.0
condos,condo,715000.0,1008.0,2.0,2.0,2.0,2.0,2.0,1.0,1987.0
single_family,NA,684000.0,1128.0,1.0,3.0,2.0,2.0,2.0,2.0,1984.0
single_family,NA,569000.0,1950.0,1.0,4.0,2.0,2.0,2.0,1.0,1964.0
single_family,NA,1450000.0,2974.0,2.0,5.0,3.0,3.0,3.0,3.0,1996.0
land,NA,358000.0,0.0,0.0,0.0,0.0,0.0,0.0,0.0,0.0
single_family,NA,1198000.0,2332.0,1.0,5.0,3.0,3.0,3.0,2.0,1960.0
condos,condo,399999.0,808.0,1.0,2.0,2.0,2.0,2.0,0.0,1985.0
single_family,NA,875000.0,2595.0,2.0,4.0,3.0,2.0,3.0,2.0,1979.0
single_family,NA,759000.0,1225.0,1.0,4.0,2.0,2.0,2.0,0.0,1954.0
single_family,NA,349000.0,1692.0,2.0,2.0,3.0,2.0,2.0,2.0,1992.0
single_family,NA,7300000.0,9000.0,1.0,7.0,9.0,8.0,8.0,4.0,2023.0
single_family,NA,2099000.0,2426.0,2.0,4.0,3.0,3.0,3.0,2.0,1969.0
single_family,NA,615000.0,2134.0,1.0,3.0,3.0,2.0,2.0,3.0,2006.0
single_family,NA,595000.0,2140.0,2.0,5.0,3.0,3.0,3.0,2.0,2022.0
single_family,NA,924900.0,2888.0,2.0,5.0,3.0,3.0,3.0,2.0,2001.0
single_family,NA,365000.0,2072.0,2.0,3.0,2.0,1.0,2.0,0.0,1991.0
land,NA,350000.0,0.0,0.0,0.0,0.0,0.0,0.0,0.0,0.0
single_family,NA,1375000.0,2188.0,2.0,4.0,3.0,2.0,2.0,3.0,1985.0
single_family,NA,799999.0,1365.0,1.0,3.0,2.0,2.0,2.0,2.0,1959.0
condos,condo,889900.0,1256.0,2.0,2.0,3.0,2.0,2.0,2.0,1989.0
single_family,NA,949000.0,1402.0,1.0,2.0,1.0,1.0,1.0,2.0,1948.0
single_family,NA,1795000.0,2539.0,2.0,4.0,3.0,3.0,3.0,2.0,1964.0
single_family,NA,1900000.0,1098.0,2.0,2.0,2.0,0.0,2.0,0.0,1937.0
single_family,NA,519990.0,1979.0,1.0,4.0,3.0,3.0,3.0,2.0,2026.0
single_family,NA,998000.0,2916.0,2.0,5.0,5.0,5.0,5.0,2.0,1950.0
condos,condo,585000.0,956.0,1.0,2.0,2.0,1.0,1.0,1.0,1978.0
single_family,NA,699900.0,2621.0,2.0,5.0,3.0,2.0,2.0,3.0,2000.0
single_family,NA,414900.0,768.0,1.0,2.0,1.0,1.0,1.0,1.0,1955.0
condos,condo,625000.0,1456.0,1.0,3.0,2.0,2.0,2.0,0.0,1988.0
single_family,NA,700000.0,2658.0,2.0,4.0,3.0,2.0,2.0,3.0,2002.0
single_family,NA,1275000.0,1342.0,1.0,4.0,2.0,2.0,2.0,2.0,1968.0
single_family,NA,974990.0,2601.0,2.0,5.0,3.0,3.0,3.0,2.0,1978.0
single_family,NA,769000.0,2660.0,1.0,4.0,4.0,3.0,3.0,3.0,2015.0
single_family,NA,565000.0,2891.0,2.0,4.0,3.0,2.0,2.0,2.0,2007.0
townhomes,townhouse,1288888.0,1582.0,3.0,2.0,3.0,2.0,2.0,2.0,1967.0
single_family,NA,420000.0,1334.0,1.0,3.0,2.0,2.0,2.0,2.0,1983.0
single_family,NA,6295000.0,5138.0,2.0,5.0,7.0,6.0,6.0,2.0,1961.0
single_family,NA,1699000.0,1305.0,1.0,3.0,2.0,2.0,2.0,2.0,1971.0
single_family,NA,515000.0,1736.0,1.0,3.0,2.0,2.0,2.0,2.0,1964.0
single_family,NA,599900.0,950.0,1.0,3.0,1.0,1.0,1.0,1.0,1950.0
single_family,NA,650000.0,3065.0,2.0,3.0,3.0,3.0,3.0,3.0,2005.0
single_family,NA,763000.0,1262.0,1.0,3.0,1.0,1.0,1.0,0.0,1952.0
single_family,NA,4625000.0,2818.0,2.0,5.0,4.0,4.0,4.0,2.0,2026.0
condos,condo,749999.0,1300.0,3.0,2.0,3.0,2.0,2.0,2.0,2016.0
single_family,NA,729900.0,840.0,1.0,2.0,1.0,1.0,1.0,2.0,1956.0
land,NA,70000.0,0.0,0.0,0.0,0.0,0.0,0.0,0.0,0.0
single_family,NA,635000.0,2325.0,1.0,3.0,3.0,2.0,2.0,3.0,2005.0
single_family,NA,1995000.0,2551.0,2.0,4.0,3.0,3.0,3.0,2.0,1965.0
condos,condo,450000.0,1285.0,2.0,2.0,3.0,1.0,2.0,2.0,1970.0
condos,condo,533990.0,1711.0,2.0,3.0,3.0,2.0,2.0,2.0,2026.0
condos,condo,699800.0,890.0,3.0,1.0,2.0,1.0,1.0,2.0,1999.0
single_family,NA,699000.0,1048.0,1.0,3.0,1.0,1.0,1.0,2.0,1950.0
condos,condo,495000.0,1243.0,2.0,3.0,3.0,2.0,2.0,2.0,1978.0
condos,condo,574000.0,1128.0,1.0,2.0,2.0,2.0,2.0,2.0,1982.0
condos,condo,1575000.0,1689.0,3.0,3.0,2.0,2.0,2.0,2.0,2016.0
single_family,NA,1195000.0,1249.0,1.0,5.0,3.0,3.0,3.0,0.0,1938.0
single_family,NA,1049888.0,1008.0,1.0,3.0,1.0,1.0,1.0,1.0,1963.0
single_family,NA,1710000.0,2893.0,2.0,5.0,3.0,3.0,3.0,3.0,1998.0
land,NA,375000.0,0.0,0.0,0.0,0.0,0.0,0.0,0.0,0.0
single_family,NA,335000.0,1600.0,2.0,2.0,3.0,3.0,3.0,2.0,2006.0
single_family,NA,1399990.0,1735.0,1.0,3.0,2.0,2.0,2.0,0.0,1951.0
condos,condo,1650000.0,1190.0,1.0,2.0,2.0,2.0,2.0,1.0,1991.0
single_family,NA,909990.0,2537.0,2.0,5.0,3.0,3.0,3.0,2.0,2026.0
single_family,NA,2498000.0,2109.0,2.0,4.0,3.0,3.0,3.0,3.0,1968.0
single_family,NA,682206.0,2480.0,2.0,4.0,4.0,4.0,4.0,2.0,2025.0
townhomes,townhouse,429500.0,1039.0,3.0,2.0,2.0,2.0,2.0,2.0,1981.0
single_family,NA,349900.0,1327.0,1.0,2.0,2.0,2.0,2.0,2.0,1984.0
townhomes,townhouse,579900.0,1139.0,2.0,2.0,2.0,2.0,2.0,2.0,1982.0
single_family,NA,659500.0,2427.0,1.0,3.0,2.0,2.0,2.0,2.0,2006.0
townhomes,townhouse,619990.0,1379.0,3.0,2.0,3.0,2.0,2.0,2.0,2025.0
single_family,NA,345000.0,1767.0,1.0,2.0,2.0,2.0,2.0,2.0,1968.0
single_family,NA,420000.0,606.0,1.0,1.0,1.0,1.0,1.0,0.0,1947.0
single_family,NA,434900.0,1080.0,1.0,3.0,2.0,2.0,2.0,1.0,1979.0
single_family,NA,445000.0,1137.0,1.0,3.0,2.0,2.0,2.0,2.0,1979.0
single_family,NA,824000.0,1984.0,1.0,3.0,2.0,2.0,2.0,2.0,1970.0
single_family,NA,869000.0,2040.0,1.0,3.0,3.0,3.0,3.0,0.0,1979.0
condos,condo,555000.0,810.0,2.0,1.0,1.0,1.0,1.0,0.0,1979.0
single_family,NA,774900.0,3486.0,1.0,4.0,3.0,2.0,2.0,5.0,1998.0
single_family,NA,1100000.0,1539.0,1.0,3.0,2.0,1.0,2.0,2.0,1939.0
single_family,NA,1098000.0,1791.0,1.0,4.0,2.0,2.0,2.0,2.0,1956.0
single_family,NA,926000.0,1590.0,3.0,3.0,2.0,2.0,2.0,2.0,1976.0
condos,condo,995000.0,2100.0,2.0,4.0,3.0,2.0,2.0,2.0,2013.0
single_family,NA,950000.0,1176.0,1.0,3.0,2.0,2.0,2.0,2.0,1956.0
single_family,NA,2400000.0,2641.0,3.0,2.0,3.0,3.0,3.0,0.0,1986.0
single_family,NA,998000.0,1319.0,1.0,3.0,2.0,2.0,2.0,2.0,1950.0
single_family,NA,389500.0,1400.0,1.0,3.0,2.0,2.0,2.0,2.0,1962.0
single_family,NA,799990.0,2473.0,2.0,4.0,3.0,2.0,2.0,3.0,2000.0
single_family,NA,1925000.0,2323.0,1.0,3.0,3.0,3.0,3.0,2.0,1960.0
land,NA,54500.0,0.0,0.0,0.0,0.0,0.0,0.0,0.0,0.0
townhomes,townhouse,810000.0,1516.0,3.0,3.0,3.0,2.0,2.0,2.0,2004.0
single_family,NA,785000.0,1440.0,1.0,3.0,2.0,2.0,2.0,2.0,1964.0
single_family,NA,675000.0,2459.0,2.0,4.0,3.0,2.0,2.0,3.0,1990.0
single_family,NA,1225000.0,1908.0,1.0,4.0,2.0,2.0,2.0,2.0,1963.0
land,NA,165000.0,0.0,0.0,0.0,0.0,0.0,0.0,0.0,0.0
single_family,NA,1995000.0,2598.0,1.0,4.0,3.0,3.0,3.0,2.0,1955.0
single_family,NA,1890000.0,2027.0,2.0,3.0,3.0,2.0,2.0,2.0,2006.0
single_family,NA,4188000.0,5182.0,2.0,5.0,5.0,5.0,5.0,3.0,1988.0
single_family,NA,435000.0,1156.0,1.0,3.0,2.0,2.0,2.0,0.0,1971.0
single_family,NA,936900.0,1798.0,2.0,4.0,3.0,3.0,3.0,2.0,1964.0
land,NA,76500.0,0.0,0.0,0.0,0.0,0.0,0.0,0.0,0.0
multi_family,NA,825000.0,1747.0,1.0,3.0,4.0,4.0,4.0,2.0,1939.0
single_family,NA,775000.0,1574.0,2.0,4.0,3.0,3.0,3.0,2.0,2017.0
single_family,NA,300000.0,800.0,1.0,2.0,1.0,1.0,1.0,0.0,1947.0
condos,condo,499000.0,1319.0,1.0,3.0,2.0,2.0,2.0,2.0,1986.0
single_family,NA,950000.0,1400.0,1.0,3.0,2.0,2.0,2.0,2.0,1958.0
single_family,NA,550000.0,1804.0,1.0,2.0,2.0,2.0,2.0,2.0,1989.0
single_family,NA,515000.0,2339.0,1.0,4.0,3.0,3.0,3.0,2.0,2005.0
condos,condo,1249888.0,1279.0,1.0,2.0,2.0,2.0,2.0,1.0,1975.0
mobile,NA,139000.0,1152.0,1.0,3.0,2.0,2.0,2.0,0.0,1978.0
single_family,NA,722000.0,2712.0,1.0,4.0,4.0,3.0,3.0,3.0,2004.0
single_family,NA,2295000.0,2108.0,2.0,4.0,3.0,3.0,3.0,2.0,1962.0
single_family,NA,1970000.0,2063.0,1.0,3.0,2.0,2.0,2.0,3.0,1973.0
single_family,NA,425000.0,2210.0,1.0,4.0,3.0,3.0,3.0,2.0,1956.0
condos,condo,749000.0,930.0,1.0,1.0,1.0,1.0,1.0,0.0,1984.0
single_family,NA,739900.0,2340.0,2.0,4.0,3.0,2.0,3.0,3.0,1994.0
single_family,NA,599000.0,1582.0,1.0,4.0,2.0,2.0,2.0,2.0,1952.0
single_family,NA,700000.0,1132.0,1.0,3.0,1.0,1.0,1.0,0.0,1953.0
single_family,NA,2295000.0,2708.0,2.0,4.0,3.0,3.0,3.0,2.0,1940.0
single_family,NA,575000.0,1947.0,1.0,4.0,2.0,2.0,2.0,2.0,1991.0
single_family,NA,1259000.0,1553.0,1.0,4.0,2.0,2.0,2.0,2.0,1962.0
single_family,NA,1348000.0,2846.0,1.0,3.0,4.0,3.0,3.0,2.0,1948.0
single_family,NA,2595000.0,3420.0,2.0,4.0,5.0,5.0,5.0,2.0,2019.0
mobile,NA,150000.0,1116.0,1.0,2.0,2.0,2.0,2.0,0.0,1974.0
land,NA,89000.0,0.0,0.0,0.0,0.0,0.0,0.0,0.0,0.0
condos,condo,535000.0,1100.0,1.0,2.0,2.0,1.0,2.0,2.0,1981.0
single_family,NA,700000.0,1292.0,1.0,3.0,2.0,2.0,2.0,1.0,1949.0
single_family,NA,920000.0,1991.0,1.0,4.0,2.0,2.0,2.0,0.0,1964.0
single_family,NA,617777.0,1109.0,1.0,2.0,1.0,1.0,1.0,2.0,1930.0
single_family,NA,895000.0,1555.0,1.0,3.0,2.0,2.0,2.0,2.0,1957.0
condos,condo,798000.0,1047.0,1.0,2.0,2.0,2.0,2.0,2.0,1990.0
single_family,NA,1849000.0,1600.0,1.0,2.0,2.0,2.0,2.0,2.0,1942.0
single_family,NA,799000.0,1141.0,1.0,3.0,2.0,2.0,2.0,2.0,1988.0
single_family,NA,3820000.0,4274.0,2.0,5.0,6.0,5.0,5.0,2.0,2014.0
single_family,NA,499950.0,1385.0,1.0,4.0,2.0,2.0,2.0,2.0,1978.0
single_family,NA,339900.0,1672.0,2.0,4.0,2.0,2.0,2.0,0.0,1978.0
condos,condo,444000.0,1158.0,1.0,3.0,2.0,2.0,2.0,2.0,1984.0
single_family,NA,469000.0,1887.0,2.0,4.0,3.0,2.0,2.0,2.0,2014.0
single_family,NA,1199888.0,1770.0,1.0,3.0,4.0,4.0,4.0,2.0,1930.0
single_family,NA,2999000.0,4822.0,2.0,5.0,4.0,4.0,4.0,3.0,1971.0
single_family,NA,610000.0,1657.0,1.0,3.0,2.0,2.0,2.0,2.0,1978.0
townhomes,townhouse,1129000.0,2076.0,3.0,4.0,3.0,3.0,3.0,2.0,2002.0
single_family,NA,1500000.0,2960.0,2.0,4.0,3.0,3.0,3.0,2.0,2006.0
single_family,NA,2188000.0,2150.0,2.0,4.0,3.0,2.0,2.0,2.0,1970.0
single_family,NA,599000.0,2058.0,2.0,3.0,3.0,2.0,2.0,3.0,2005.0
townhomes,townhouse,639000.0,1601.0,2.0,4.0,3.0,3.0,3.0,2.0,1982.0
single_family,NA,1998000.0,2010.0,1.0,5.0,2.0,2.0,2.0,2.0,1966.0
single_family,NA,1849000.0,3717.0,2.0,5.0,5.0,4.0,4.0,3.0,1988.0
single_family,NA,1129000.0,1500.0,1.0,4.0,2.0,2.0,2.0,0.0,1954.0
single_family,NA,1130000.0,1482.0,1.0,3.0,2.0,2.0,2.0,2.0,1971.0
condos,condo,758000.0,1649.0,3.0,3.0,4.0,3.0,3.0,2.0,2018.0
single_family,NA,635000.0,2861.0,2.0,5.0,3.0,3.0,3.0,1.0,1971.0
single_family,NA,380000.0,1485.0,1.0,4.0,2.0,2.0,2.0,2.0,1955.0
single_family,NA,599000.0,1166.0,1.0,3.0,1.0,1.0,1.0,2.0,1918.0
single_family,NA,579500.0,2100.0,1.0,4.0,3.0,2.0,2.0,3.0,2025.0
land,NA,79950.0,0.0,0.0,0.0,0.0,0.0,0.0,0.0,0.0
mobile,NA,799000.0,1874.0,1.0,3.0,2.0,2.0,2.0,0.0,1987.0
condos,condo,420000.0,570.0,1.0,1.0,1.0,1.0,1.0,0.0,2006.0
condos,condo,538888.0,1060.0,2.0,2.0,2.0,1.0,1.0,1.0,1984.0
single_family,NA,435000.0,1482.0,1.0,3.0,2.0,2.0,2.0,2.0,1959.0
land,NA,25000.0,0.0,0.0,0.0,0.0,0.0,0.0,0.0,0.0
single_family,NA,650000.0,1196.0,1.0,4.0,2.0,2.0,2.0,2.0,1960.0
single_family,NA,1045000.0,3308.0,2.0,4.0,5.0,4.0,4.0,2.0,1991.0
single_family,NA,689900.0,837.0,1.0,2.0,1.0,1.0,1.0,1.0,1953.0
single_family,NA,1518000.0,2644.0,2.0,5.0,3.0,3.0,3.0,3.0,1994.0
single_family,NA,1150000.0,3658.0,1.0,4.0,5.0,3.0,5.0,12.0,1992.0
single_family,NA,779000.0,1993.0,3.0,3.0,4.0,3.0,3.0,2.0,2020.0
single_family,NA,1699900.0,2385.0,2.0,5.0,3.0,3.0,3.0,2.0,1988.0
single_family,NA,564900.0,1589.0,1.0,3.0,2.0,2.0,2.0,2.0,2000.0
single_family,NA,385000.0,1372.0,1.0,3.0,2.0,2.0,2.0,2.0,1983.0
land,NA,37000.0,0.0,0.0,0.0,0.0,0.0,0.0,0.0,0.0
single_family,NA,1395000.0,2418.0,4.0,4.0,5.0,4.0,4.0,2.0,2024.0
land,NA,35000.0,0.0,0.0,0.0,0.0,0.0,0.0,0.0,0.0
mobile,NA,157500.0,1440.0,1.0,2.0,2.0,2.0,2.0,0.0,1973.0
single_family,NA,725000.0,2578.0,1.0,4.0,3.0,3.0,3.0,2.0,1962.0
single_family,NA,1100000.0,2222.0,2.0,4.0,2.0,2.0,2.0,2.0,1950.0
single_family,NA,899000.0,3087.0,2.0,5.0,3.0,3.0,3.0,3.0,1990.0
single_family,NA,1650000.0,2000.0,2.0,4.0,2.0,2.0,2.0,2.0,1971.0
single_family,NA,731655.0,2558.0,2.0,4.0,3.0,3.0,3.0,2.0,2026.0
single_family,NA,1499999.0,1348.0,2.0,2.0,3.0,2.0,2.0,1.0,2005.0
land,NA,20000.0,0.0,0.0,0.0,0.0,0.0,0.0,0.0,0.0
single_family,NA,599900.0,2318.0,2.0,4.0,3.0,2.0,2.0,2.0,1999.0
single_family,NA,1349950.0,1961.0,1.0,3.0,2.0,2.0,2.0,2.0,1973.0
single_family,NA,557000.0,1989.0,1.0,4.0,2.0,2.0,2.0,3.0,2004.0
condos,condo,340000.0,1295.0,1.0,2.0,2.0,2.0,2.0,2.0,1985.0
townhomes,townhouse,1499000.0,2281.0,2.0,4.0,3.0,2.0,2.0,2.0,1980.0
single_family,NA,1375000.0,2814.0,2.0,4.0,3.0,3.0,3.0,2.0,1989.0
single_family,NA,849900.0,1427.0,2.0,3.0,3.0,2.0,2.0,2.0,1986.0
single_family,NA,550000.0,1950.0,1.0,2.0,3.0,2.0,2.0,0.0,1982.0
single_family,NA,1988000.0,1080.0,1.0,3.0,1.0,1.0,1.0,1.0,1951.0
single_family,NA,449900.0,1464.0,1.0,4.0,2.0,2.0,2.0,1.0,1948.0
single_family,NA,353390.0,1623.0,2.0,3.0,3.0,2.0,2.0,2.0,2025.0
single_family,NA,615000.0,2639.0,2.0,5.0,4.0,3.0,3.0,2.0,2014.0
single_family,NA,5800000.0,6859.0,2.0,5.0,7.0,6.0,6.0,4.0,1997.0
single_family,NA,299000.0,913.0,2.0,2.0,1.0,1.0,1.0,0.0,1940.0
single_family,NA,525000.0,1606.0,1.0,2.0,2.0,2.0,2.0,2.0,1989.0
land,NA,839000.0,0.0,0.0,0.0,0.0,0.0,0.0,0.0,0.0
single_family,NA,1199000.0,3140.0,1.0,4.0,3.0,3.0,3.0,3.0,2000.0
single_family,NA,650000.0,1787.0,1.0,3.0,2.0,2.0,2.0,2.0,2022.0
single_family,NA,654990.0,2309.0,2.0,4.0,3.0,3.0,3.0,2.0,2025.0
condos,condo,1599000.0,1581.0,2.0,3.0,3.0,2.0,2.0,2.0,2014.0
single_family,NA,815000.0,960.0,1.0,3.0,1.0,1.0,1.0,1.0,1951.0
single_family,NA,584900.0,2275.0,1.0,4.0,3.0,3.0,3.0,3.0,2017.0
condos,condo,570000.0,877.0,1.0,2.0,2.0,2.0,2.0,1.0,1983.0
land,NA,25000.0,0.0,0.0,0.0,0.0,0.0,0.0,0.0,0.0
single_family,NA,735500.0,2884.0,2.0,4.0,3.0,3.0,3.0,3.0,2019.0
single_family,NA,155000.0,729.0,1.0,2.0,2.0,2.0,2.0,0.0,1992.0
single_family,NA,1749000.0,2128.0,2.0,4.0,3.0,2.0,2.0,2.0,1998.0
single_family,NA,775000.0,2124.0,1.0,4.0,2.0,2.0,2.0,3.0,2001.0
single_family,NA,425000.0,2352.0,2.0,5.0,4.0,3.0,3.0,2.0,2004.0
multi_family,NA,1810000.0,7258.0,2.0,16.0,12.0,11.0,11.0,0.0,1963.0
single_family,NA,1900000.0,2314.0,2.0,5.0,3.0,3.0,3.0,2.0,1998.0
single_family,NA,427000.0,1584.0,1.0,3.0,2.0,2.0,2.0,2.0,1983.0
multi_family,NA,525000.0,1040.0,1.0,2.0,2.0,2.0,2.0,0.0,1966.0
single_family,NA,2950000.0,3278.0,3.0,6.0,4.0,4.0,4.0,2.0,1953.0
condos,condo,655000.0,865.0,1.0,1.0,1.0,1.0,1.0,1.0,2017.0
single_family,NA,929000.0,1130.0,1.0,3.0,2.0,2.0,2.0,2.0,1969.0
single_family,NA,1039500.0,1784.0,1.0,4.0,2.0,2.0,2.0,2.0,1975.0
single_family,NA,1899000.0,2070.0,2.0,3.0,3.0,3.0,3.0,1.0,1945.0
single_family,NA,1550000.0,1040.0,1.0,3.0,2.0,2.0,2.0,2.0,1972.0
land,NA,22500.0,0.0,0.0,0.0,0.0,0.0,0.0,0.0,0.0
single_family,NA,710000.0,1882.0,1.0,5.0,2.0,2.0,2.0,2.0,1989.0
single_family,NA,715000.0,1229.0,1.0,3.0,2.0,1.0,2.0,2.0,1988.0
single_family,NA,2498000.0,1658.0,1.0,3.0,2.0,2.0,2.0,2.0,1967.0
condos,condo,1650000.0,2398.0,3.0,4.0,3.0,3.0,3.0,2.0,2011.0
single_family,NA,729000.0,1820.0,1.0,3.0,2.0,2.0,2.0,2.0,2021.0
townhomes,townhouse,725000.0,1855.0,2.0,3.0,3.0,3.0,3.0,2.0,1973.0
condos,condo,595000.0,0.0,1.0,0.0,1.0,1.0,1.0,0.0,1980.0
single_family,NA,799999.0,2532.0,2.0,4.0,3.0,3.0,3.0,3.0,1997.0
single_family,NA,520000.0,792.0,1.0,2.0,1.0,1.0,1.0,0.0,1929.0
single_family,NA,1475000.0,2157.0,2.0,4.0,3.0,2.0,2.0,2.0,2013.0
condos,condo,1250000.0,1519.0,2.0,3.0,3.0,2.0,2.0,2.0,2006.0
single_family,NA,515000.0,2245.0,2.0,3.0,3.0,2.0,2.0,2.0,1977.0
single_family,NA,239900.0,852.0,1.0,2.0,1.0,1.0,1.0,2.0,1957.0
single_family,NA,600000.0,1025.0,1.0,2.0,1.0,1.0,1.0,1.0,1947.0
single_family,NA,353998.0,1623.0,2.0,3.0,3.0,2.0,2.0,2.0,2025.0
condos,condo,699000.0,862.0,1.0,2.0,2.0,1.0,1.0,1.0,1971.0
condos,condo,1995000.0,1414.0,4.0,1.0,3.0,2.0,2.0,0.0,2024.0
single_family,NA,699000.0,830.0,1.0,2.0,1.0,1.0,1.0,1.0,1944.0
mobile,NA,159000.0,1368.0,1.0,2.0,2.0,1.0,1.0,0.0,1969.0
single_family,NA,1799000.0,2017.0,1.0,2.0,2.0,2.0,2.0,2.0,1958.0
single_family,NA,2225000.0,1865.0,1.0,3.0,3.0,1.0,3.0,0.0,1936.0
single_family,NA,535000.0,2010.0,1.0,3.0,2.0,2.0,2.0,2.0,2003.0
single_family,NA,899000.0,992.0,1.0,3.0,1.0,1.0,1.0,2.0,1942.0
single_family,NA,3999999.0,2712.0,2.0,3.0,3.0,2.0,2.0,2.0,2018.0
condos,condo,550000.0,739.0,2.0,1.0,1.0,1.0,1.0,2.0,1976.0
single_family,NA,340000.0,921.0,1.0,2.0,1.0,1.0,1.0,1.0,1950.0
multi_family,NA,735000.0,1397.0,1.0,2.0,2.0,2.0,2.0,0.0,1969.0
single_family,NA,425000.0,1669.0,1.0,3.0,2.0,2.0,2.0,2.0,2024.0
single_family,NA,899000.0,950.0,1.0,2.0,2.0,2.0,2.0,1.0,1957.0
single_family,NA,525000.0,1286.0,1.0,3.0,2.0,2.0,2.0,2.0,1963.0
single_family,NA,2060000.0,2782.0,2.0,3.0,3.0,2.0,2.0,3.0,1998.0
townhomes,townhouse,729900.0,1536.0,2.0,2.0,2.0,2.0,2.0,2.0,1975.0
condos,condo,254000.0,667.0,1.0,1.0,1.0,1.0,1.0,0.0,2004.0
single_family,NA,459000.0,1056.0,1.0,3.0,2.0,2.0,2.0,1.0,1979.0
land,NA,225000.0,0.0,0.0,0.0,0.0,0.0,0.0,0.0,0.0
single_family,NA,475000.0,1912.0,1.0,3.0,3.0,2.0,2.0,2.0,1949.0
condos,condo,635000.0,1080.0,1.0,1.0,1.0,1.0,1.0,1.0,1925.0
townhomes,townhouse,1395000.0,1910.0,3.0,3.0,3.0,2.0,2.0,2.0,1977.0
single_family,NA,489000.0,1874.0,1.0,3.0,2.0,2.0,2.0,2.0,1950.0
condos,condo,1167000.0,1374.0,1.0,2.0,2.0,2.0,2.0,2.0,2017.0
single_family,NA,699000.0,1864.0,1.0,3.0,2.0,2.0,2.0,4.0,1954.0
condos,condo,979000.0,1109.0,4.0,2.0,2.0,2.0,2.0,2.0,1962.0
condos,condo,1398000.0,1885.0,1.0,2.0,3.0,2.0,2.0,2.0,1999.0
single_family,NA,1849000.0,3240.0,2.0,4.0,3.0,3.0,3.0,3.0,1980.0
single_family,NA,1000000.0,2590.0,1.0,4.0,3.0,2.0,2.0,5.0,1991.0
single_family,NA,919950.0,2225.0,2.0,3.0,2.0,2.0,2.0,0.0,1933.0
single_family,NA,650000.0,2442.0,2.0,4.0,3.0,3.0,3.0,3.0,2002.0
single_family,NA,2188000.0,1939.0,1.0,3.0,2.0,2.0,2.0,2.0,1962.0
single_family,NA,2438000.0,3344.0,1.0,5.0,3.0,3.0,3.0,3.0,1999.0
single_family,NA,1585000.0,1779.0,1.0,3.0,2.0,0.0,2.0,2.0,2018.0
single_family,NA,1699000.0,1896.0,2.0,3.0,3.0,2.0,2.0,2.0,1994.0
single_family,NA,525000.0,1649.0,1.0,3.0,2.0,2.0,2.0,2.0,2000.0
single_family,NA,569999.0,1500.0,1.0,3.0,2.0,2.0,2.0,2.0,1963.0
single_family,NA,684500.0,3102.0,2.0,5.0,3.0,3.0,3.0,3.0,2014.0
single_family,NA,389700.0,1231.0,1.0,3.0,2.0,2.0,2.0,2.0,1987.0
townhomes,townhouse,499950.0,1155.0,2.0,2.0,2.0,1.0,1.0,2.0,1966.0
single_family,NA,475000.0,1199.0,1.0,2.0,2.0,2.0,2.0,2.0,1983.0
single_family,NA,785000.0,1388.0,1.0,4.0,2.0,1.0,2.0,2.0,1954.0
single_family,NA,979000.0,2012.0,3.0,3.0,4.0,3.0,3.0,2.0,2025.0
single_family,NA,1780000.0,1152.0,1.0,2.0,1.0,1.0,1.0,0.0,1926.0
single_family,NA,1399900.0,1600.0,2.0,3.0,2.0,1.0,1.0,2.0,1926.0
single_family,NA,1260000.0,2256.0,2.0,4.0,3.0,2.0,2.0,3.0,1977.0
single_family,NA,945000.0,1308.0,1.0,2.0,2.0,2.0,2.0,3.0,2005.0
condos,condo,489900.0,878.0,1.0,2.0,2.0,2.0,2.0,0.0,1970.0
single_family,NA,630000.0,3127.0,2.0,4.0,4.0,4.0,4.0,3.0,2006.0
condos,condo,290000.0,1234.0,1.0,2.0,2.0,2.0,2.0,2.0,1984.0
single_family,NA,349950.0,772.0,1.0,2.0,1.0,1.0,1.0,1.0,1942.0
single_family,NA,470000.0,1410.0,1.0,3.0,2.0,2.0,2.0,2.0,1974.0
single_family,NA,310000.0,1418.0,1.0,3.0,3.0,2.0,2.0,2.0,2020.0
single_family,NA,1950000.0,2547.0,2.0,5.0,4.0,4.0,4.0,2.0,2018.0
mobile,NA,175000.0,1120.0,1.0,3.0,2.0,2.0,2.0,0.0,1966.0
single_family,NA,1995000.0,3254.0,2.0,5.0,3.0,3.0,3.0,2.0,1942.0
single_family,NA,809999.0,1428.0,1.0,3.0,2.0,2.0,2.0,0.0,1936.0
single_family,NA,868000.0,1143.0,1.0,3.0,2.0,2.0,2.0,1.0,1961.0
single_family,NA,275000.0,1008.0,1.0,3.0,2.0,2.0,2.0,0.0,1920.0
single_family,NA,449000.0,1504.0,1.0,3.0,2.0,2.0,2.0,1.0,1930.0
single_family,NA,514000.0,1538.0,1.0,3.0,2.0,2.0,2.0,2.0,2026.0
single_family,NA,503294.0,2057.0,2.0,4.0,3.0,3.0,3.0,2.0,2025.0
single_family,NA,899000.0,1185.0,2.0,3.0,2.0,1.0,1.0,0.0,1973.0
townhomes,townhouse,199000.0,1380.0,2.0,4.0,2.0,1.0,1.0,0.0,1974.0
land,NA,70000.0,0.0,0.0,0.0,0.0,0.0,0.0,0.0,0.0
single_family,NA,729000.0,1822.0,1.0,3.0,2.0,2.0,2.0,3.0,1992.0
single_family,NA,1999000.0,2053.0,2.0,3.0,2.0,1.0,2.0,2.0,1943.0
multi_family,NA,2795000.0,1633.0,1.0,3.0,3.0,3.0,3.0,0.0,1937.0
single_family,NA,549900.0,2089.0,1.0,4.0,4.0,2.0,2.0,3.0,2025.0
single_family,NA,2100000.0,1416.0,2.0,3.0,2.0,2.0,2.0,2.0,1936.0
land,NA,248000.0,0.0,0.0,0.0,0.0,0.0,0.0,0.0,0.0
townhomes,townhouse,479999.0,1444.0,2.0,2.0,3.0,2.0,2.0,2.0,1987.0
townhomes,townhouse,900000.0,2013.0,2.0,4.0,3.0,3.0,3.0,2.0,1995.0
single_family,NA,725000.0,1848.0,1.0,3.0,2.0,2.0,2.0,2.0,1986.0
single_family,NA,365000.0,1280.0,1.0,4.0,2.0,2.0,2.0,2.0,2003.0
single_family,NA,665000.0,1511.0,2.0,3.0,3.0,1.0,2.0,2.0,2015.0
single_family,NA,399000.0,1708.0,1.0,2.0,2.0,1.0,2.0,1.0,1964.0
townhomes,townhouse,638000.0,1395.0,2.0,3.0,3.0,2.0,2.0,2.0,1988.0
single_family,NA,639000.0,1728.0,1.0,3.0,2.0,2.0,2.0,2.0,2018.0
townhomes,townhouse,695000.0,1320.0,2.0,3.0,3.0,2.0,2.0,2.0,1965.0
single_family,NA,1030000.0,1475.0,1.0,3.0,1.0,1.0,1.0,2.0,1947.0
townhomes,townhouse,392000.0,1442.0,2.0,3.0,3.0,2.0,2.0,1.0,1980.0
single_family,NA,949000.0,1152.0,1.0,3.0,2.0,2.0,2.0,2.0,1955.0
single_family,NA,349000.0,1257.0,1.0,3.0,2.0,2.0,2.0,2.0,1991.0
single_family,NA,1075000.0,1650.0,1.0,4.0,2.0,2.0,2.0,2.0,1964.0
single_family,NA,1628000.0,1548.0,1.0,3.0,2.0,2.0,2.0,2.0,1960.0
single_family,NA,460000.0,1666.0,1.0,4.0,2.0,2.0,2.0,5.0,1976.0
single_family,NA,799999.0,1317.0,1.0,3.0,2.0,2.0,2.0,2.0,1951.0
single_family,NA,799000.0,884.0,2.0,2.0,1.0,1.0,1.0,1.0,1907.0
single_family,NA,1250000.0,1329.0,1.0,3.0,2.0,1.0,1.0,2.0,1946.0
single_family,NA,1388888.0,2416.0,2.0,4.0,3.0,1.0,3.0,2.0,1979.0
single_family,NA,854999.0,1624.0,1.0,3.0,2.0,2.0,2.0,2.0,1963.0
single_family,NA,470000.0,655.0,1.0,2.0,1.0,1.0,1.0,1.0,1920.0
condos,condo,1899999.0,2124.0,1.0,2.0,2.0,2.0,2.0,2.0,1980.0
single_family,NA,1675000.0,2065.0,2.0,4.0,3.0,3.0,3.0,2.0,1987.0
single_family,NA,918000.0,1199.0,1.0,2.0,2.0,2.0,2.0,2.0,2024.0
single_family,NA,495000.0,596.0,1.0,2.0,1.0,1.0,1.0,2.0,1947.0
mobile,NA,111000.0,1152.0,1.0,2.0,2.0,2.0,2.0,0.0,1973.0
single_family,NA,1370000.0,2649.0,2.0,4.0,4.0,3.0,3.0,2.0,1976.0
single_family,NA,499000.0,1127.0,1.0,2.0,2.0,2.0,2.0,2.0,1997.0
condos,condo,932000.0,1721.0,2.0,2.0,3.0,2.0,2.0,2.0,1977.0
townhomes,townhouse,718500.0,1419.0,3.0,3.0,3.0,2.0,2.0,2.0,1997.0
single_family,NA,472500.0,2326.0,1.0,4.0,3.0,2.0,2.0,3.0,1993.0
single_family,NA,969000.0,3234.0,2.0,5.0,3.0,3.0,3.0,3.0,2006.0
single_family,NA,1499990.0,2116.0,2.0,5.0,3.0,3.0,3.0,2.0,1964.0
single_family,NA,1638888.0,1719.0,1.0,4.0,2.0,2.0,2.0,2.0,1929.0
land,NA,799000.0,0.0,0.0,0.0,0.0,0.0,0.0,0.0,0.0
single_family,NA,839000.0,1541.0,1.0,4.0,2.0,2.0,2.0,2.0,1972.0
single_family,NA,1279000.0,1908.0,2.0,3.0,3.0,2.0,2.0,2.0,1987.0
single_family,NA,649900.0,1254.0,1.0,3.0,2.0,2.0,2.0,2.0,1957.0
single_family,NA,819990.0,2617.0,2.0,4.0,4.0,3.0,3.0,2.0,2025.0
multi_family,NA,860000.0,1764.0,2.0,4.0,3.0,3.0,3.0,2.0,1912.0
condos,condo,555000.0,988.0,1.0,2.0,2.0,2.0,2.0,2.0,1980.0
single_family,NA,1500000.0,2297.0,1.0,5.0,3.0,3.0,3.0,2.0,1958.0
single_family,NA,350000.0,884.0,1.0,3.0,1.0,1.0,1.0,1.0,1957.0
condos,condo,499800.0,970.0,2.0,2.0,2.0,1.0,1.0,1.0,1973.0
single_family,NA,699000.0,2318.0,2.0,4.0,3.0,3.0,3.0,2.0,1988.0
townhomes,townhouse,1298000.0,1851.0,3.0,4.0,4.0,3.0,3.0,2.0,2014.0
single_family,NA,1229000.0,1555.0,1.0,3.0,2.0,2.0,2.0,2.0,1951.0
single_family,NA,590490.0,1576.0,1.0,3.0,2.0,2.0,2.0,2.0,2025.0
single_family,NA,615000.0,1548.0,1.0,3.0,2.0,2.0,2.0,3.0,1996.0
single_family,NA,1200000.0,2749.0,3.0,4.0,3.0,1.0,2.0,2.0,1962.0
single_family,NA,2000000.0,3100.0,2.0,4.0,4.0,3.0,3.0,2.0,1987.0
single_family,NA,730000.0,3102.0,2.0,4.0,3.0,3.0,3.0,3.0,2005.0
single_family,NA,1899000.0,3780.0,2.0,5.0,5.0,4.0,4.0,3.0,2000.0
single_family,NA,1598000.0,1143.0,1.0,3.0,1.0,1.0,1.0,1.0,1951.0
single_family,NA,649900.0,1639.0,1.0,3.0,2.0,2.0,2.0,2.0,1959.0
single_family,NA,2099888.0,3036.0,2.0,5.0,3.0,3.0,3.0,2.0,2014.0
single_family,NA,2700000.0,1614.0,2.0,2.0,2.0,2.0,2.0,0.0,1969.0
single_family,NA,1750000.0,1600.0,1.0,3.0,3.0,2.0,3.0,2.0,1952.0
single_family,NA,2050000.0,2368.0,3.0,4.0,4.0,3.0,3.0,2.0,2025.0
single_family,NA,284950.0,1200.0,1.0,2.0,2.0,2.0,2.0,2.0,2001.0
single_family,NA,2395000.0,2870.0,2.0,5.0,3.0,3.0,3.0,0.0,1963.0
condos,condo,539000.0,1882.0,1.0,3.0,3.0,2.0,2.0,2.0,2024.0
single_family,NA,4500000.0,2494.0,2.0,3.0,3.0,2.0,2.0,1.0,1900.0
single_family,NA,1199900.0,3262.0,1.0,4.0,4.0,4.0,4.0,0.0,1989.0
single_family,NA,1598000.0,2728.0,1.0,3.0,3.0,2.0,2.0,0.0,1987.0
single_family,NA,549000.0,1360.0,1.0,3.0,2.0,2.0,2.0,0.0,1941.0
single_family,NA,1549000.0,3334.0,1.0,4.0,5.0,4.0,4.0,3.0,2017.0
single_family,NA,3688000.0,2649.0,2.0,4.0,3.0,2.0,2.0,2.0,1985.0
condos,condo,825000.0,1300.0,1.0,4.0,2.0,2.0,2.0,0.0,1973.0
single_family,NA,1495000.0,1444.0,1.0,4.0,2.0,2.0,2.0,0.0,1959.0
single_family,NA,395000.0,1674.0,1.0,3.0,1.0,1.0,1.0,2.0,1926.0
condos,condo,1673000.0,1229.0,1.0,2.0,2.0,2.0,2.0,0.0,1971.0
single_family,NA,2700000.0,4528.0,2.0,3.0,4.0,4.0,4.0,3.0,1942.0
single_family,NA,1195000.0,1571.0,1.0,3.0,2.0,2.0,2.0,0.0,1959.0
single_family,NA,425000.0,696.0,1.0,2.0,1.0,1.0,1.0,0.0,1940.0
condos,condo,2995000.0,2436.0,2.0,2.0,2.0,2.0,2.0,2.0,1987.0
single_family,NA,599000.0,1620.0,3.0,3.0,2.0,2.0,2.0,0.0,1939.0
single_family,NA,625000.0,1218.0,2.0,3.0,2.0,2.0,2.0,0.0,1972.0
land,NA,1540000.0,0.0,0.0,0.0,0.0,0.0,0.0,0.0,0.0
single_family,NA,390000.0,536.0,1.0,1.0,1.0,1.0,1.0,0.0,1936.0
single_family,NA,2895000.0,5371.0,2.0,7.0,6.0,5.0,5.0,3.0,1998.0
mobile,NA,599000.0,1488.0,1.0,3.0,2.0,2.0,2.0,0.0,1987.0
single_family,NA,2995000.0,2830.0,3.0,5.0,4.0,4.0,4.0,0.0,1994.0
single_family,NA,825000.0,2717.0,2.0,5.0,3.0,3.0,3.0,0.0,1995.0
single_family,NA,1950000.0,1684.0,2.0,3.0,4.0,3.0,3.0,1.0,1939.0
mobile,NA,675000.0,1536.0,1.0,2.0,2.0,0.0,2.0,0.0,1974.0
single_family,NA,975000.0,1570.0,2.0,3.0,2.0,2.0,2.0,1.0,1932.0
land,NA,650000.0,0.0,0.0,0.0,0.0,0.0,0.0,0.0,0.0
single_family,NA,759000.0,3199.0,3.0,3.0,4.0,3.0,4.0,5.0,1994.0
condos,condo,675000.0,1406.0,1.0,2.0,2.0,2.0,2.0,0.0,1972.0
single_family,NA,499999.0,2130.0,1.0,3.0,2.0,2.0,2.0,2.0,1959.0
single_family,NA,738000.0,2675.0,1.0,3.0,2.0,2.0,2.0,3.0,2002.0
single_family,NA,5699999.0,5165.0,2.0,5.0,6.0,5.0,5.0,2.0,2022.0
single_family,NA,2350000.0,3606.0,1.0,5.0,4.0,3.0,3.0,0.0,2000.0
single_family,NA,899000.0,1045.0,1.0,2.0,1.0,1.0,1.0,2.0,1941.0
single_family,NA,1699900.0,2311.0,1.0,4.0,2.0,2.0,2.0,2.0,1966.0
single_family,NA,544500.0,3185.0,1.0,5.0,3.0,2.0,2.0,3.0,2007.0
single_family,NA,698000.0,1478.0,1.0,4.0,2.0,2.0,2.0,1.0,1954.0
single_family,NA,6250000.0,14605.0,1.0,8.0,13.0,12.0,12.0,5.0,1946.0
single_family,NA,2895000.0,3503.0,2.0,5.0,3.0,3.0,3.0,3.0,1997.0
single_family,NA,1899888.0,2053.0,2.0,3.0,3.0,2.0,2.0,2.0,1997.0
single_family,NA,675000.0,1172.0,1.0,4.0,2.0,2.0,2.0,0.0,1954.0
single_family,NA,170000.0,966.0,2.0,2.0,2.0,2.0,2.0,2.0,1925.0
single_family,NA,1700000.0,3200.0,2.0,4.0,3.0,3.0,3.0,2.0,1968.0
single_family,NA,620000.0,2446.0,1.0,3.0,3.0,2.0,2.0,6.0,1980.0
single_family,NA,1890000.0,1768.0,2.0,4.0,3.0,2.0,2.0,2.0,1989.0
single_family,NA,898000.0,910.0,1.0,3.0,1.0,1.0,1.0,0.0,1959.0
single_family,NA,545000.0,1258.0,1.0,3.0,2.0,2.0,2.0,0.0,1953.0
multi_family,NA,2595000.0,4461.0,3.0,6.0,5.0,6.0,6.0,3.0,1966.0
single_family,NA,700000.0,1952.0,1.0,3.0,3.0,2.0,2.0,2.0,1987.0
single_family,NA,215000.0,1200.0,1.0,3.0,2.0,2.0,2.0,2.0,1959.0
single_family,NA,1429800.0,1576.0,1.0,4.0,2.0,2.0,2.0,2.0,1968.0
single_family,NA,340000.0,1287.0,1.0,3.0,2.0,1.0,2.0,0.0,1973.0
single_family,NA,1295000.0,1866.0,1.0,4.0,3.0,3.0,3.0,2.0,1947.0
single_family,NA,415000.0,1435.0,1.0,3.0,2.0,2.0,2.0,2.0,2004.0
single_family,NA,2950000.0,5370.0,2.0,5.0,6.0,5.0,5.0,3.0,1991.0
condos,condo,520000.0,1190.0,1.0,2.0,1.0,1.0,1.0,0.0,1973.0
single_family,NA,469000.0,1176.0,1.0,3.0,2.0,2.0,2.0,0.0,1963.0
single_family,NA,1298250.0,2647.0,3.0,4.0,3.0,3.0,3.0,2.0,1972.0
single_family,NA,1480000.0,3448.0,2.0,5.0,4.0,3.0,3.0,3.0,2005.0
single_family,NA,2250000.0,1490.0,1.0,4.0,2.0,2.0,2.0,0.0,1917.0
single_family,NA,645000.0,2070.0,2.0,4.0,3.0,3.0,3.0,0.0,2016.0
single_family,NA,3425000.0,4934.0,2.0,4.0,5.0,4.0,4.0,3.0,2005.0
single_family,NA,830950.0,3490.0,2.0,5.0,5.0,4.0,4.0,0.0,2025.0
townhomes,townhouse,939000.0,2372.0,3.0,4.0,3.0,3.0,3.0,2.0,2004.0
single_family,NA,800000.0,1886.0,1.0,2.0,2.0,2.0,2.0,0.0,1950.0
single_family,NA,829000.0,2124.0,1.0,3.0,3.0,3.0,3.0,2.0,1965.0
single_family,NA,775000.0,1845.0,1.0,3.0,2.0,2.0,2.0,2.0,1989.0
single_family,NA,1495000.0,3013.0,1.0,4.0,5.0,4.0,4.0,3.0,1999.0
single_family,NA,599000.0,2618.0,1.0,3.0,3.0,2.0,2.0,0.0,2007.0
single_family,NA,299000.0,1396.0,1.0,3.0,2.0,2.0,2.0,1.0,2004.0
single_family,NA,2990000.0,1836.0,1.0,3.0,2.0,2.0,2.0,1.0,1946.0
townhomes,townhouse,899000.0,2054.0,3.0,3.0,4.0,3.0,3.0,2.0,1979.0
condos,condo,1475000.0,1222.0,1.0,2.0,2.0,2.0,2.0,0.0,1995.0
single_family,NA,599900.0,1856.0,2.0,4.0,3.0,2.0,2.0,2.0,2004.0
single_family,NA,4350000.0,3334.0,2.0,3.0,4.0,3.0,3.0,2.0,1994.0
condos,condo,314900.0,1218.0,1.0,2.0,2.0,2.0,2.0,1.0,1982.0
single_family,NA,3795000.0,2439.0,1.0,4.0,3.0,2.0,2.0,3.0,1968.0
single_family,NA,1300000.0,3235.0,2.0,6.0,4.0,4.0,4.0,2.0,2002.0
multi_family,NA,2388000.0,11440.0,2.0,1.0,2.0,1.0,1.0,0.0,1986.0
single_family,NA,525000.0,1544.0,1.0,4.0,2.0,2.0,2.0,0.0,1973.0
single_family,NA,485000.0,1800.0,1.0,3.0,2.0,2.0,2.0,0.0,2000.0
single_family,NA,930000.0,1632.0,1.0,3.0,2.0,2.0,2.0,0.0,1969.0
single_family,NA,1595000.0,1000.0,1.0,2.0,2.0,2.0,2.0,0.0,1927.0
single_family,NA,1599000.0,1637.0,2.0,3.0,3.0,2.0,2.0,2.0,1988.0
condos,condo,640625.0,1226.0,3.0,3.0,3.0,2.0,2.0,1.0,1986.0
single_family,NA,549000.0,1141.0,1.0,3.0,1.0,1.0,1.0,1.0,1926.0
single_family,NA,1269800.0,3069.0,2.0,5.0,3.0,3.0,3.0,3.0,1984.0
single_family,NA,360000.0,1330.0,1.0,3.0,2.0,2.0,2.0,2.0,1980.0
single_family,NA,1549000.0,1817.0,1.0,4.0,2.0,2.0,2.0,2.0,1960.0
single_family,NA,2650000.0,2063.0,1.0,3.0,2.0,2.0,2.0,3.0,1972.0
single_family,NA,625000.0,2262.0,1.0,4.0,2.0,2.0,2.0,3.0,2007.0
single_family,NA,885000.0,2893.0,2.0,4.0,3.0,3.0,3.0,2.0,2023.0
mobile,NA,689900.0,1386.0,1.0,3.0,2.0,2.0,2.0,0.0,2025.0
single_family,NA,1700000.0,3348.0,2.0,3.0,2.0,2.0,2.0,3.0,2007.0
single_family,NA,829000.0,1883.0,2.0,3.0,2.0,2.0,2.0,2.0,1992.0
condos,condo,350000.0,936.0,1.0,1.0,2.0,1.0,1.0,1.0,1984.0
single_family,NA,1089000.0,2324.0,1.0,4.0,3.0,2.0,2.0,4.0,1972.0
single_family,NA,345000.0,1430.0,1.0,3.0,2.0,2.0,2.0,1.0,1955.0
single_family,NA,795000.0,2354.0,1.0,3.0,2.0,2.0,2.0,0.0,2023.0
single_family,NA,799000.0,2430.0,1.0,2.0,3.0,2.0,2.0,2.0,2025.0
single_family,NA,455000.0,2039.0,1.0,4.0,2.0,2.0,2.0,0.0,2011.0
single_family,NA,674000.0,2259.0,1.0,3.0,3.0,2.0,2.0,2.0,2006.0
single_family,NA,1799900.0,1643.0,1.0,3.0,2.0,1.0,1.0,1.0,1930.0
condos,condo,474500.0,671.0,1.0,1.0,1.0,1.0,1.0,1.0,2007.0
single_family,NA,309120.0,1628.0,1.0,3.0,2.0,2.0,2.0,2.0,1994.0
single_family,NA,399900.0,1410.0,1.0,3.0,2.0,2.0,2.0,2.0,2001.0
single_family,NA,749900.0,2365.0,1.0,4.0,3.0,1.0,3.0,2.0,1998.0
condos,condo,349000.0,667.0,1.0,1.0,1.0,1.0,1.0,1.0,2005.0
single_family,NA,450000.0,2166.0,1.0,2.0,3.0,2.0,2.0,2.0,2022.0
single_family,NA,469000.0,1837.0,1.0,3.0,2.0,2.0,2.0,0.0,2022.0
single_family,NA,1699000.0,1828.0,2.0,3.0,3.0,3.0,3.0,1.0,1943.0
single_family,NA,2775000.0,2361.0,2.0,4.0,3.0,3.0,3.0,2.0,1980.0
condos,condo,1169000.0,1763.0,2.0,4.0,3.0,2.0,2.0,2.0,2025.0
condos,condo,1238000.0,1721.0,3.0,3.0,3.0,2.0,2.0,2.0,1985.0
single_family,NA,1498000.0,3460.0,2.0,5.0,5.0,4.0,4.0,3.0,2005.0
multi_family,NA,3150000.0,4061.0,4.0,7.0,6.0,5.0,5.0,0.0,1910.0
single_family,NA,115000.0,1144.0,1.0,2.0,2.0,1.0,1.0,0.0,1982.0
single_family,NA,1100000.0,2260.0,1.0,3.0,3.0,3.0,3.0,2.0,1989.0
condos,condo,599000.0,1650.0,1.0,2.0,2.0,2.0,2.0,2.0,1975.0
single_family,NA,525000.0,2048.0,2.0,4.0,3.0,2.0,2.0,0.0,1971.0
single_family,NA,1399000.0,1374.0,1.0,3.0,2.0,2.0,2.0,2.0,1973.0
condos,condo,469999.0,695.0,1.0,1.0,1.0,1.0,1.0,1.0,1980.0
condos,condo,314999.0,1903.0,1.0,3.0,2.0,2.0,2.0,0.0,1980.0
single_family,NA,830000.0,1915.0,1.0,3.0,2.0,2.0,2.0,0.0,1967.0
single_family,NA,389000.0,1596.0,1.0,3.0,2.0,2.0,2.0,2.0,1963.0
single_family,NA,749999.0,744.0,1.0,2.0,1.0,1.0,1.0,1.0,1947.0
single_family,NA,663532.0,1763.0,1.0,2.0,2.0,2.0,2.0,2.0,2025.0
condos,condo,738000.0,1874.0,3.0,4.0,4.0,3.0,3.0,2.0,2018.0
single_family,NA,1350000.0,1721.0,1.0,3.0,2.0,2.0,2.0,2.0,1975.0
single_family,NA,2430000.0,1810.0,2.0,4.0,2.0,2.0,2.0,1.0,1945.0
single_family,NA,659950.0,1738.0,1.0,3.0,2.0,2.0,2.0,2.0,1973.0
single_family,NA,1569000.0,1746.0,1.0,4.0,2.0,2.0,2.0,2.0,1956.0
single_family,NA,664349.0,1870.0,2.0,4.0,3.0,3.0,3.0,0.0,2025.0
condos,condo,999000.0,1271.0,2.0,2.0,2.0,2.0,2.0,2.0,2025.0
single_family,NA,750000.0,2970.0,2.0,4.0,3.0,3.0,3.0,3.0,2023.0
single_family,NA,430000.0,1961.0,2.0,3.0,2.0,2.0,2.0,0.0,1990.0
land,NA,59000.0,0.0,0.0,0.0,0.0,0.0,0.0,0.0,0.0
single_family,NA,810000.0,2506.0,2.0,4.0,3.0,2.0,2.0,2.0,2007.0
single_family,NA,2300000.0,1770.0,3.0,3.0,3.0,2.0,2.0,0.0,1891.0
single_family,NA,455000.0,1681.0,1.0,2.0,2.0,2.0,2.0,2.0,2010.0
single_family,NA,1695000.0,1984.0,1.0,3.0,2.0,2.0,2.0,2.0,1966.0
single_family,NA,1450000.0,2813.0,2.0,4.0,3.0,2.0,2.0,3.0,1986.0
townhomes,townhouse,599950.0,1070.0,2.0,1.0,2.0,1.0,1.0,2.0,1976.0
single_family,NA,1999888.0,1374.0,1.0,3.0,2.0,2.0,2.0,2.0,1959.0
single_family,NA,1549000.0,1525.0,1.0,3.0,2.0,2.0,2.0,2.0,1965.0
single_family,NA,1798000.0,3050.0,2.0,4.0,4.0,3.0,3.0,2.0,2006.0
condos,condo,3495000.0,2472.0,1.0,2.0,3.0,2.0,2.0,2.0,2019.0
single_family,NA,720000.0,2545.0,2.0,4.0,3.0,3.0,3.0,2.0,2014.0
condos,condo,1050000.0,2489.0,1.0,3.0,3.0,3.0,3.0,2.0,1990.0
condos,condo,719000.0,1098.0,3.0,2.0,2.0,1.0,1.0,2.0,1980.0
single_family,NA,679900.0,2557.0,1.0,4.0,3.0,2.0,3.0,2.0,2023.0
single_family,NA,1069000.0,2159.0,2.0,4.0,4.0,3.0,3.0,2.0,2005.0
single_family,NA,995000.0,2447.0,2.0,5.0,3.0,3.0,3.0,1.0,1954.0
single_family,NA,715000.0,1441.0,1.0,3.0,1.0,1.0,1.0,0.0,1952.0
single_family,NA,1188600.0,1354.0,1.0,4.0,2.0,2.0,2.0,3.0,1954.0
single_family,NA,710000.0,1605.0,2.0,3.0,3.0,2.0,2.0,2.0,1990.0
condos,condo,564000.0,1419.0,1.0,2.0,2.0,2.0,2.0,2.0,1988.0
single_family,NA,815000.0,1756.0,2.0,4.0,3.0,2.0,2.0,2.0,1999.0
single_family,NA,775000.0,1800.0,1.0,4.0,2.0,2.0,2.0,2.0,1961.0
single_family,NA,1150000.0,1549.0,2.0,3.0,2.0,2.0,2.0,1.0,1943.0
single_family,NA,2395000.0,2937.0,1.0,4.0,4.0,2.0,2.0,3.0,1990.0
townhomes,townhouse,808000.0,1482.0,3.0,3.0,3.0,3.0,3.0,2.0,2025.0
single_family,NA,475000.0,1572.0,1.0,3.0,3.0,2.0,2.0,2.0,1975.0
single_family,NA,699000.0,1186.0,2.0,2.0,1.0,1.0,1.0,0.0,1925.0
single_family,NA,1025000.0,2036.0,1.0,4.0,2.0,2.0,2.0,2.0,1978.0
condos,condo,788000.0,1160.0,1.0,2.0,2.0,2.0,2.0,1.0,1994.0
single_family,NA,1389000.0,2403.0,1.0,3.0,4.0,1.0,3.0,2.0,1997.0
single_family,NA,2500000.0,3038.0,2.0,3.0,3.0,3.0,3.0,0.0,1969.0
single_family,NA,769000.0,1105.0,1.0,3.0,2.0,2.0,2.0,2.0,1972.0
single_family,NA,300000.0,843.0,1.0,2.0,1.0,1.0,1.0,0.0,1931.0
single_family,NA,519000.0,1625.0,1.0,4.0,2.0,2.0,2.0,2.0,2002.0
single_family,NA,939000.0,2028.0,3.0,4.0,4.0,4.0,4.0,0.0,1979.0
single_family,NA,459000.0,1909.0,1.0,3.0,4.0,1.0,3.0,2.0,2018.0
multi_family,NA,795000.0,1248.0,1.0,4.0,2.0,2.0,2.0,0.0,1953.0
single_family,NA,425000.0,1850.0,2.0,3.0,3.0,2.0,2.0,2.0,2023.0
single_family,NA,339900.0,1309.0,2.0,3.0,2.0,2.0,2.0,0.0,1954.0
single_family,NA,1050000.0,1470.0,1.0,3.0,2.0,2.0,2.0,2.0,1973.0
single_family,NA,749000.0,818.0,1.0,2.0,2.0,2.0,2.0,1.0,1992.0
single_family,NA,629000.0,1776.0,1.0,2.0,2.0,2.0,2.0,2.0,1999.0
land,NA,289000.0,0.0,0.0,0.0,0.0,0.0,0.0,0.0,0.0
single_family,NA,1725000.0,3188.0,2.0,4.0,3.0,3.0,3.0,3.0,1978.0
single_family,NA,1795000.0,2741.0,2.0,5.0,4.0,3.0,3.0,3.0,1968.0
condos,condo,750000.0,1802.0,1.0,2.0,2.0,2.0,2.0,0.0,1976.0
single_family,NA,390000.0,1398.0,2.0,3.0,3.0,2.0,2.0,0.0,2018.0
condos,condo,525000.0,656.0,1.0,1.0,1.0,1.0,1.0,0.0,1969.0
condos,condo,749900.0,1741.0,2.0,4.0,3.0,3.0,3.0,2.0,2023.0
single_family,NA,525000.0,1490.0,1.0,4.0,2.0,2.0,2.0,0.0,1955.0
single_family,NA,4750000.0,3502.0,2.0,5.0,5.0,5.0,5.0,2.0,1977.0
mobile,NA,69900.0,800.0,1.0,2.0,2.0,2.0,2.0,0.0,2011.0
single_family,NA,390000.0,1263.0,1.0,2.0,1.0,1.0,1.0,1.0,1924.0
single_family,NA,489000.0,1227.0,1.0,3.0,2.0,2.0,2.0,2.0,1993.0
land,NA,75000.0,0.0,0.0,0.0,0.0,0.0,0.0,0.0,0.0
mobile,NA,69900.0,768.0,1.0,2.0,2.0,1.0,1.0,0.0,1973.0
single_family,NA,629000.0,1400.0,1.0,4.0,2.0,2.0,2.0,0.0,1966.0
single_family,NA,420000.0,2896.0,2.0,3.0,4.0,1.0,3.0,3.0,1989.0
single_family,NA,1050000.0,1632.0,1.0,3.0,2.0,2.0,2.0,0.0,1996.0
single_family,NA,265000.0,1050.0,1.0,3.0,2.0,2.0,2.0,0.0,1960.0
condos,condo,449000.0,876.0,1.0,2.0,2.0,2.0,2.0,0.0,1970.0
single_family,NA,895000.0,1489.0,1.0,3.0,2.0,2.0,2.0,1.0,1945.0
single_family,NA,375000.0,1352.0,1.0,3.0,2.0,2.0,2.0,0.0,1968.0
single_family,NA,850000.0,2171.0,1.0,4.0,3.0,2.0,2.0,2.0,1968.0
condos,condo,488000.0,968.0,1.0,2.0,2.0,2.0,2.0,0.0,1992.0
condos,condo,995000.0,1032.0,2.0,2.0,2.0,2.0,2.0,1.0,1924.0
condos,condo,650000.0,1137.0,1.0,2.0,2.0,2.0,2.0,1.0,2008.0
single_family,NA,370000.0,1591.0,1.0,3.0,2.0,1.0,2.0,2.0,1969.0
single_family,NA,750249.0,2178.0,1.0,3.0,2.0,2.0,2.0,2.0,2025.0
single_family,NA,320000.0,1614.0,1.0,4.0,3.0,2.0,3.0,0.0,1956.0
single_family,NA,1100000.0,712.0,1.0,2.0,1.0,1.0,1.0,0.0,1954.0
single_family,NA,599000.0,1697.0,1.0,3.0,2.0,2.0,2.0,0.0,2018.0
single_family,NA,449950.0,1104.0,1.0,3.0,2.0,2.0,2.0,2.0,1962.0
single_family,NA,799999.0,1487.0,1.0,3.0,2.0,2.0,2.0,2.0,1955.0
single_family,NA,1375000.0,2604.0,1.0,3.0,3.0,3.0,3.0,0.0,1951.0
single_family,NA,599000.0,1543.0,1.0,3.0,2.0,2.0,2.0,2.0,1987.0
single_family,NA,385000.0,1239.0,1.0,3.0,2.0,2.0,2.0,0.0,1996.0
land,NA,50000.0,0.0,0.0,0.0,0.0,0.0,0.0,0.0,0.0
land,NA,45000.0,0.0,0.0,0.0,0.0,0.0,0.0,0.0,0.0
single_family,NA,1199000.0,1472.0,1.0,4.0,2.0,2.0,2.0,2.0,1967.0
single_family,NA,405000.0,2100.0,1.0,4.0,2.0,2.0,2.0,0.0,1998.0
single_family,NA,999000.0,2014.0,2.0,4.0,3.0,3.0,3.0,2.0,1947.0
land,NA,535000.0,0.0,0.0,0.0,0.0,0.0,0.0,0.0,0.0
multi_family,NA,1435000.0,2400.0,1.0,6.0,3.0,3.0,3.0,0.0,1973.0
single_family,NA,89900.0,789.0,1.0,2.0,1.0,1.0,1.0,0.0,1945.0
land,NA,175000.0,0.0,0.0,0.0,0.0,0.0,0.0,0.0,0.0
land,NA,45000.0,0.0,0.0,0.0,0.0,0.0,0.0,0.0,0.0
single_family,NA,1089000.0,1266.0,1.0,2.0,1.0,1.0,1.0,1.0,1918.0
land,NA,450000.0,0.0,0.0,0.0,0.0,0.0,0.0,0.0,0.0
land,NA,45000.0,0.0,0.0,0.0,0.0,0.0,0.0,0.0,0.0
single_family,NA,3335000.0,3000.0,3.0,2.0,2.0,2.0,2.0,2.0,2009.0
land,NA,140000.0,0.0,0.0,0.0,0.0,0.0,0.0,0.0,0.0
single_family,NA,988000.0,1030.0,2.0,3.0,1.0,1.0,1.0,1.0,1900.0
land,NA,28500.0,0.0,0.0,0.0,0.0,0.0,0.0,0.0,0.0
single_family,NA,468000.0,1288.0,1.0,3.0,2.0,2.0,2.0,2.0,2009.0
single_family,NA,1569000.0,2940.0,1.0,3.0,4.0,1.0,3.0,2.0,1994.0
single_family,NA,425000.0,1762.0,1.0,3.0,2.0,2.0,2.0,0.0,1978.0
condos,condo,450000.0,992.0,1.0,1.0,2.0,1.0,1.0,0.0,1914.0
single_family,NA,199900.0,1092.0,1.0,2.0,1.0,1.0,1.0,0.0,1920.0
condos,condo,494900.0,1024.0,1.0,3.0,2.0,2.0,2.0,0.0,1973.0
multi_family,NA,599950.0,3218.0,2.0,9.0,6.0,6.0,6.0,1.0,1988.0
multi_family,NA,260000.0,1800.0,1.0,3.0,2.0,2.0,2.0,0.0,1923.0
single_family,NA,599900.0,1705.0,1.0,3.0,2.0,2.0,2.0,2.0,1964.0
single_family,NA,1499988.0,2000.0,2.0,3.0,3.0,3.0,3.0,2.0,1989.0
condos,condo,549000.0,1090.0,1.0,2.0,2.0,2.0,2.0,2.0,1986.0
single_family,NA,340000.0,923.0,1.0,2.0,1.0,1.0,1.0,0.0,1954.0
condos,condo,4995000.0,1440.0,1.0,2.0,2.0,2.0,2.0,1.0,1964.0
single_family,NA,1385000.0,1489.0,1.0,4.0,2.0,2.0,2.0,2.0,1969.0
single_family,NA,848000.0,976.0,1.0,2.0,1.0,1.0,1.0,1.0,1923.0
land,NA,30000.0,0.0,0.0,0.0,0.0,0.0,0.0,0.0,0.0
land,NA,660000.0,0.0,0.0,0.0,0.0,0.0,0.0,0.0,0.0
single_family,NA,1100000.0,3594.0,2.0,5.0,3.0,3.0,3.0,3.0,2007.0
land,NA,40000.0,0.0,0.0,0.0,0.0,0.0,0.0,0.0,0.0
single_family,NA,529950.0,1925.0,1.0,4.0,2.0,2.0,2.0,3.0,2010.0
single_family,NA,2998000.0,4599.0,2.0,5.0,5.0,4.0,4.0,9.0,1897.0
single_family,NA,1388888.0,1108.0,1.0,3.0,2.0,2.0,2.0,2.0,1958.0
single_family,NA,950000.0,1883.0,2.0,3.0,3.0,2.0,2.0,2.0,1988.0
single_family,NA,625000.0,2097.0,1.0,3.0,2.0,2.0,2.0,2.0,1989.0
land,NA,1000000.0,0.0,0.0,0.0,0.0,0.0,0.0,0.0,0.0
land,NA,31500.0,0.0,0.0,0.0,0.0,0.0,0.0,0.0,0.0
single_family,NA,1200000.0,2620.0,2.0,5.0,3.0,3.0,3.0,2.0,1970.0
single_family,NA,2595000.0,2440.0,3.0,3.0,3.0,2.0,2.0,2.0,1996.0
single_family,NA,598000.0,1578.0,2.0,3.0,3.0,2.0,2.0,2.0,1992.0
single_family,NA,795000.0,2820.0,1.0,4.0,3.0,2.0,2.0,3.0,2015.0
single_family,NA,1150000.0,2292.0,2.0,4.0,3.0,2.0,2.0,2.0,1974.0
single_family,NA,2988000.0,1724.0,1.0,3.0,3.0,2.0,2.0,2.0,1966.0
single_family,NA,1350000.0,2687.0,1.0,4.0,3.0,2.0,2.0,2.0,1963.0
single_family,NA,1585000.0,0.0,2.0,2.0,1.0,1.0,1.0,0.0,1910.0
condos,condo,1125000.0,1994.0,2.0,3.0,3.0,2.0,2.0,2.0,1974.0
single_family,NA,549000.0,2596.0,2.0,5.0,3.0,3.0,3.0,3.0,1992.0
single_family,NA,699998.0,1245.0,1.0,4.0,2.0,2.0,2.0,2.0,1955.0
single_family,NA,819999.0,1203.0,1.0,3.0,2.0,2.0,2.0,2.0,1985.0
single_family,NA,2695000.0,2190.0,1.0,4.0,3.0,2.0,2.0,2.0,1963.0
single_family,NA,1499000.0,2496.0,1.0,3.0,2.0,2.0,2.0,2.0,1971.0
land,NA,10000.0,0.0,0.0,0.0,0.0,0.0,0.0,0.0,0.0
single_family,NA,290000.0,1260.0,1.0,4.0,2.0,1.0,1.0,0.0,1960.0
land,NA,39900.0,0.0,0.0,0.0,0.0,0.0,0.0,0.0,0.0
townhomes,townhouse,790801.0,1371.0,2.0,2.0,3.0,2.0,2.0,2.0,2025.0
condos,condo,599000.0,1303.0,2.0,3.0,3.0,2.0,2.0,0.0,1972.0
single_family,NA,499900.0,1372.0,1.0,3.0,2.0,2.0,2.0,2.0,1974.0
single_family,NA,1495000.0,2561.0,1.0,3.0,3.0,2.0,2.0,2.0,1960.0
single_family,NA,519900.0,1520.0,1.0,3.0,3.0,3.0,3.0,0.0,1920.0
single_family,NA,1225000.0,2068.0,2.0,5.0,3.0,3.0,3.0,2.0,1968.0
townhomes,townhouse,1150000.0,1066.0,2.0,2.0,3.0,2.0,2.0,0.0,2008.0
single_family,NA,659000.0,1974.0,1.0,4.0,2.0,2.0,2.0,2.0,1985.0
single_family,NA,514998.0,1520.0,2.0,3.0,3.0,2.0,2.0,2.0,1988.0
single_family,NA,549000.0,1841.0,1.0,3.0,2.0,2.0,2.0,2.0,2015.0
single_family,NA,649000.0,2773.0,1.0,3.0,3.0,3.0,3.0,2.0,2002.0
single_family,NA,379900.0,1476.0,1.0,3.0,2.0,2.0,2.0,2.0,1973.0
condos,condo,889000.0,1224.0,2.0,3.0,3.0,2.0,2.0,2.0,1986.0
condos,condo,725000.0,1142.0,1.0,3.0,2.0,2.0,2.0,2.0,1974.0
single_family,NA,649900.0,1044.0,1.0,3.0,2.0,2.0,2.0,1.0,1928.0
single_family,NA,1099000.0,3787.0,2.0,5.0,3.0,2.0,2.0,3.0,2016.0
single_family,NA,430000.0,1842.0,1.0,3.0,2.0,2.0,2.0,2.0,2020.0
single_family,NA,664000.0,2236.0,2.0,5.0,3.0,3.0,3.0,2.0,1964.0
single_family,NA,799000.0,3069.0,2.0,4.0,3.0,2.0,3.0,3.0,2000.0
condos,condo,509000.0,988.0,2.0,2.0,3.0,2.0,2.0,1.0,1974.0
single_family,NA,909900.0,1279.0,1.0,2.0,2.0,2.0,2.0,2.0,1984.0
condos,condo,529000.0,1920.0,1.0,3.0,3.0,2.0,3.0,2.0,1981.0
single_family,NA,848000.0,2951.0,2.0,4.0,3.0,2.0,2.0,2.0,2005.0
single_family,NA,685000.0,1870.0,1.0,2.0,3.0,2.0,2.0,5.0,1996.0
single_family,NA,934999.0,1635.0,1.0,4.0,2.0,2.0,2.0,2.0,1943.0
condos,condo,410000.0,1101.0,1.0,2.0,2.0,2.0,2.0,0.0,2005.0
multi_family,NA,455000.0,2632.0,1.0,7.0,3.0,3.0,3.0,0.0,1966.0
single_family,NA,1599000.0,3004.0,2.0,4.0,3.0,3.0,3.0,2.0,1977.0
single_family,NA,599999.0,1895.0,1.0,4.0,2.0,2.0,2.0,3.0,2001.0
single_family,NA,799000.0,1549.0,2.0,3.0,2.0,2.0,2.0,1.0,1922.0
condos,condo,875000.0,920.0,1.0,2.0,2.0,1.0,1.0,1.0,1986.0
single_family,NA,515000.0,1470.0,1.0,3.0,1.0,1.0,1.0,1.0,1959.0
single_family,NA,359000.0,1500.0,1.0,3.0,2.0,2.0,2.0,2.0,1959.0
single_family,NA,469900.0,1303.0,1.0,3.0,2.0,2.0,2.0,2.0,1978.0
single_family,NA,794700.0,2933.0,2.0,5.0,3.0,3.0,3.0,2.0,2025.0
single_family,NA,949000.0,1245.0,1.0,3.0,2.0,2.0,2.0,2.0,1960.0
single_family,NA,2799000.0,2415.0,1.0,3.0,3.0,2.0,3.0,2.0,1953.0
single_family,NA,650000.0,1604.0,1.0,3.0,2.0,2.0,2.0,0.0,1962.0
single_family,NA,975000.0,1755.0,1.0,3.0,2.0,2.0,2.0,2.0,1967.0
single_family,NA,999999.0,1734.0,1.0,4.0,2.0,2.0,2.0,2.0,1923.0
townhomes,townhouse,929000.0,1468.0,2.0,3.0,3.0,2.0,2.0,2.0,2003.0
condos,condo,589900.0,932.0,2.0,2.0,2.0,1.0,1.0,0.0,1983.0
single_family,NA,1428000.0,2267.0,3.0,3.0,3.0,2.0,2.0,2.0,2015.0
condos,condo,415000.0,700.0,1.0,1.0,1.0,1.0,1.0,0.0,1976.0
mobile,NA,220000.0,1416.0,1.0,3.0,2.0,2.0,2.0,0.0,1999.0
single_family,NA,289000.0,1212.0,1.0,4.0,2.0,2.0,2.0,1.0,1969.0
single_family,NA,1199999.0,1677.0,1.0,3.0,2.0,2.0,2.0,2.0,1959.0
single_family,NA,799000.0,1040.0,1.0,3.0,1.0,1.0,1.0,1.0,1951.0
townhomes,townhouse,695000.0,1310.0,1.0,3.0,2.0,2.0,2.0,2.0,1990.0
single_family,NA,624999.0,2822.0,2.0,4.0,4.0,4.0,4.0,3.0,2005.0
single_family,NA,1025000.0,2453.0,1.0,3.0,2.0,2.0,2.0,2.0,1960.0
single_family,NA,410000.0,1797.0,1.0,3.0,2.0,2.0,2.0,2.0,2000.0
single_family,NA,479900.0,1542.0,2.0,3.0,3.0,2.0,2.0,2.0,2019.0
single_family,NA,600000.0,2018.0,2.0,4.0,3.0,3.0,3.0,2.0,2021.0
condos,condo,370000.0,647.0,1.0,1.0,1.0,0.0,1.0,0.0,1972.0
single_family,NA,625000.0,1457.0,1.0,4.0,3.0,3.0,3.0,2.0,1939.0
single_family,NA,649988.0,3000.0,2.0,4.0,3.0,3.0,3.0,2.0,1992.0
single_family,NA,605000.0,2000.0,2.0,3.0,3.0,2.0,2.0,2.0,1978.0
single_family,NA,550000.0,1443.0,2.0,3.0,3.0,2.0,2.0,2.0,1985.0
single_family,NA,1698000.0,1538.0,1.0,3.0,2.0,2.0,2.0,2.0,1976.0
single_family,NA,928000.0,1417.0,1.0,3.0,2.0,2.0,2.0,2.0,1985.0
land,NA,69000.0,0.0,0.0,0.0,0.0,0.0,0.0,0.0,0.0
single_family,NA,2999888.0,5929.0,1.0,4.0,5.0,4.0,4.0,12.0,2009.0
single_family,NA,435000.0,1162.0,1.0,3.0,2.0,2.0,2.0,2.0,1987.0
townhomes,townhouse,544990.0,1549.0,2.0,3.0,3.0,2.0,2.0,2.0,2026.0
condos,condo,469000.0,769.0,4.0,1.0,1.0,1.0,1.0,0.0,1992.0
single_family,NA,4490000.0,3411.0,2.0,5.0,4.0,4.0,4.0,2.0,1986.0
mobile,NA,198000.0,1836.0,1.0,2.0,2.0,2.0,2.0,0.0,1977.0
single_family,NA,465000.0,1045.0,1.0,3.0,1.0,1.0,1.0,2.0,1971.0
single_family,NA,759888.0,2751.0,2.0,4.0,3.0,3.0,3.0,2.0,1999.0
single_family,NA,725000.0,2668.0,2.0,4.0,3.0,2.0,2.0,2.0,2000.0
single_family,NA,545000.0,480.0,1.0,1.0,1.0,1.0,1.0,1.0,1930.0
single_family,NA,700000.0,1534.0,1.0,3.0,2.0,2.0,2.0,2.0,1958.0
single_family,NA,999900.0,2085.0,1.0,4.0,3.0,3.0,3.0,2.0,2025.0
single_family,NA,885000.0,1889.0,3.0,3.0,3.0,3.0,3.0,2.0,2018.0
single_family,NA,375000.0,1654.0,1.0,2.0,2.0,2.0,2.0,2.0,1986.0
single_family,NA,549900.0,953.0,1.0,3.0,2.0,2.0,2.0,2.0,1987.0
single_family,NA,4500000.0,2640.0,1.0,3.0,2.0,2.0,2.0,2.0,1940.0
single_family,NA,1999000.0,1408.0,1.0,3.0,2.0,2.0,2.0,2.0,1955.0
single_family,NA,159095.0,870.0,1.0,2.0,1.0,1.0,1.0,2.0,1978.0
condos,condo,1288888.0,1850.0,2.0,2.0,3.0,2.0,2.0,2.0,1993.0
single_family,NA,735000.0,2405.0,2.0,3.0,3.0,3.0,3.0,1.0,2021.0
single_family,NA,1799000.0,2717.0,2.0,4.0,3.0,2.0,2.0,2.0,1937.0
single_family,NA,869000.0,1827.0,1.0,3.0,2.0,2.0,2.0,0.0,1929.0
single_family,NA,535000.0,1898.0,1.0,3.0,2.0,2.0,2.0,2.0,1983.0
single_family,NA,1050000.0,1080.0,1.0,3.0,2.0,2.0,2.0,2.0,1961.0
single_family,NA,799990.0,2929.0,2.0,5.0,4.0,4.0,4.0,2.0,2025.0
single_family,NA,790000.0,944.0,1.0,2.0,2.0,2.0,2.0,2.0,1988.0
single_family,NA,330000.0,1215.0,1.0,3.0,2.0,2.0,2.0,0.0,2022.0
condos,condo,452000.0,1183.0,1.0,2.0,2.0,2.0,2.0,0.0,1980.0
single_family,NA,368626.0,1500.0,1.0,3.0,2.0,2.0,2.0,2.0,2025.0
single_family,NA,415000.0,1200.0,1.0,3.0,1.0,1.0,1.0,0.0,1958.0
single_family,NA,1090000.0,2760.0,2.0,4.0,4.0,3.0,3.0,2.0,2017.0
single_family,NA,562000.0,1531.0,1.0,4.0,2.0,2.0,2.0,2.0,1971.0
single_family,NA,649888.0,1122.0,1.0,3.0,2.0,2.0,2.0,2.0,1986.0
single_family,NA,419900.0,1044.0,1.0,3.0,2.0,2.0,2.0,2.0,1981.0
single_family,NA,2650000.0,8990.0,2.0,5.0,8.0,7.0,7.0,4.0,2003.0
land,NA,48747.0,0.0,0.0,0.0,0.0,0.0,0.0,0.0,0.0
single_family,NA,2300000.0,4228.0,1.0,5.0,5.0,4.0,4.0,3.0,2024.0
single_family,NA,939000.0,1744.0,1.0,3.0,3.0,3.0,3.0,2.0,1964.0
single_family,NA,1099990.0,1720.0,1.0,3.0,2.0,2.0,2.0,2.0,1937.0
single_family,NA,643000.0,1459.0,1.0,2.0,2.0,2.0,2.0,2.0,1980.0
single_family,NA,1028000.0,2101.0,2.0,5.0,3.0,3.0,3.0,2.0,2010.0
condos,condo,449900.0,1218.0,3.0,2.0,2.0,2.0,2.0,2.0,1980.0
single_family,NA,775000.0,1805.0,2.0,4.0,3.0,2.0,2.0,2.0,2006.0
single_family,NA,349851.0,1239.0,1.0,3.0,2.0,2.0,2.0,1.0,1931.0
condos,condo,565000.0,1240.0,1.0,2.0,3.0,2.0,2.0,0.0,1972.0
multi_family,NA,999000.0,1878.0,1.0,4.0,3.0,3.0,3.0,0.0,1953.0
single_family,NA,269000.0,1946.0,2.0,3.0,2.0,2.0,2.0,0.0,1977.0
land,NA,10000.0,0.0,0.0,0.0,0.0,0.0,0.0,0.0,0.0
single_family,NA,510000.0,1075.0,1.0,4.0,2.0,2.0,2.0,2.0,1972.0
single_family,NA,1495000.0,2421.0,2.0,3.0,3.0,2.0,2.0,3.0,1987.0
single_family,NA,419999.0,1975.0,1.0,4.0,2.0,2.0,2.0,3.0,2004.0
single_family,NA,649000.0,1278.0,1.0,3.0,2.0,2.0,2.0,2.0,2002.0
single_family,NA,2100000.0,3154.0,1.0,4.0,3.0,3.0,3.0,4.0,1964.0
single_family,NA,399000.0,980.0,1.0,2.0,1.0,1.0,1.0,2.0,2010.0
land,NA,10000.0,0.0,0.0,0.0,0.0,0.0,0.0,0.0,0.0
single_family,NA,785000.0,2251.0,2.0,3.0,3.0,2.0,2.0,2.0,2018.0
single_family,NA,449000.0,1286.0,1.0,3.0,2.0,2.0,2.0,2.0,1990.0
single_family,NA,564950.0,3128.0,2.0,5.0,3.0,3.0,3.0,3.0,2006.0
single_family,NA,449000.0,1210.0,1.0,3.0,2.0,2.0,2.0,2.0,1986.0
single_family,NA,1415000.0,3439.0,2.0,3.0,4.0,4.0,4.0,3.0,1972.0
single_family,NA,469990.0,1842.0,1.0,4.0,3.0,3.0,3.0,2.0,2026.0
single_family,NA,1349000.0,1601.0,1.0,3.0,2.0,2.0,2.0,2.0,1940.0
condos,condo,1200000.0,1829.0,2.0,3.0,3.0,3.0,3.0,2.0,1993.0
single_family,NA,1025000.0,1472.0,1.0,3.0,2.0,2.0,2.0,2.0,1954.0
single_family,NA,6575000.0,3325.0,2.0,5.0,5.0,4.0,4.0,2.0,2026.0
single_family,NA,5985000.0,3700.0,1.0,4.0,5.0,1.0,4.0,0.0,2025.0
single_family,NA,574990.0,3127.0,2.0,5.0,4.0,3.0,3.0,9.0,2002.0
single_family,NA,325000.0,896.0,1.0,2.0,1.0,1.0,1.0,1.0,1947.0
single_family,NA,1138000.0,1092.0,1.0,3.0,2.0,2.0,2.0,2.0,1950.0
single_family,NA,579900.0,1700.0,1.0,3.0,1.0,1.0,1.0,2.0,1959.0
condos,condo,250000.0,1005.0,1.0,2.0,2.0,2.0,2.0,1.0,1993.0
single_family,NA,540000.0,2103.0,1.0,4.0,2.0,2.0,2.0,2.0,2018.0
single_family,NA,459900.0,1747.0,1.0,3.0,2.0,2.0,2.0,1.0,1960.0
land,NA,30000.0,0.0,0.0,0.0,0.0,0.0,0.0,0.0,0.0
single_family,NA,2499000.0,3052.0,1.0,5.0,3.0,3.0,3.0,2.0,1963.0
single_family,NA,2595000.0,3019.0,1.0,3.0,4.0,3.0,3.0,3.0,1988.0
single_family,NA,2195000.0,2724.0,2.0,4.0,3.0,3.0,3.0,2.0,1972.0
single_family,NA,419000.0,1412.0,1.0,3.0,2.0,2.0,2.0,2.0,1987.0
single_family,NA,680000.0,2759.0,2.0,5.0,3.0,3.0,3.0,2.0,2001.0
townhomes,townhouse,539999.0,904.0,2.0,2.0,1.0,1.0,1.0,2.0,1972.0
single_family,NA,599700.0,2500.0,1.0,5.0,4.0,3.0,3.0,3.0,2024.0
single_family,NA,505000.0,1935.0,1.0,3.0,2.0,2.0,2.0,2.0,2020.0
land,NA,15000.0,0.0,0.0,0.0,0.0,0.0,0.0,0.0,0.0
land,NA,75000.0,0.0,0.0,0.0,0.0,0.0,0.0,0.0,0.0
single_family,NA,1400000.0,1891.0,1.0,4.0,2.0,2.0,2.0,2.0,1962.0
single_family,NA,349000.0,1080.0,1.0,2.0,1.0,1.0,1.0,0.0,1948.0
single_family,NA,695000.0,1446.0,1.0,3.0,2.0,1.0,2.0,2.0,1976.0
multi_family,NA,999000.0,2239.0,2.0,7.0,4.0,4.0,4.0,0.0,1895.0
single_family,NA,585000.0,1020.0,1.0,3.0,2.0,2.0,2.0,2.0,1956.0
single_family,NA,999000.0,970.0,1.0,2.0,1.0,1.0,1.0,2.0,1950.0
condos,condo,550000.0,1661.0,1.0,2.0,2.0,2.0,2.0,2.0,1983.0
condos,condo,600000.0,1493.0,2.0,3.0,2.0,2.0,2.0,2.0,1965.0
single_family,NA,425000.0,1233.0,1.0,2.0,2.0,2.0,2.0,0.0,1973.0
condos,condo,625000.0,1118.0,2.0,3.0,3.0,2.0,2.0,0.0,1985.0
condos,condo,470000.0,984.0,1.0,2.0,2.0,2.0,2.0,0.0,1974.0
condos,condo,1028000.0,1310.0,1.0,2.0,2.0,2.0,2.0,2.0,1987.0
single_family,NA,1995000.0,3508.0,3.0,5.0,5.0,5.0,5.0,2.0,2024.0
single_family,NA,749000.0,3073.0,2.0,5.0,3.0,3.0,3.0,3.0,2004.0
multi_family,NA,349000.0,1050.0,1.0,2.0,1.0,1.0,1.0,0.0,1960.0
single_family,NA,1589000.0,1846.0,1.0,6.0,3.0,3.0,3.0,0.0,1953.0
condos,condo,715000.0,1016.0,2.0,2.0,3.0,2.0,2.0,0.0,1983.0
single_family,NA,1350000.0,1710.0,2.0,3.0,2.0,2.0,2.0,2.0,1964.0
single_family,NA,1995000.0,1315.0,1.0,3.0,2.0,2.0,2.0,1.0,1949.0
single_family,NA,1200000.0,1406.0,1.0,3.0,2.0,2.0,2.0,2.0,1989.0
single_family,NA,549900.0,1403.0,1.0,3.0,2.0,2.0,2.0,2.0,1969.0
single_family,NA,714950.0,1012.0,1.0,3.0,1.0,1.0,1.0,1.0,1971.0
single_family,NA,1495000.0,1169.0,1.0,2.0,1.0,1.0,1.0,2.0,1941.0
mobile,NA,200000.0,1140.0,1.0,2.0,2.0,2.0,2.0,0.0,1969.0
single_family,NA,368000.0,1090.0,1.0,3.0,1.0,1.0,1.0,1.0,1954.0
single_family,NA,699900.0,3124.0,2.0,4.0,3.0,3.0,3.0,3.0,1999.0
condos,condo,414900.0,851.0,1.0,2.0,2.0,2.0,2.0,2.0,1990.0
mobile,NA,365000.0,1519.0,1.0,2.0,2.0,2.0,2.0,2.0,2020.0
condos,condo,849000.0,911.0,2.0,2.0,3.0,2.0,2.0,2.0,1996.0
single_family,NA,550000.0,741.0,1.0,3.0,1.0,1.0,1.0,1.0,1953.0
single_family,NA,514000.0,1989.0,1.0,3.0,3.0,2.0,2.0,2.0,2025.0
single_family,NA,1550000.0,4147.0,1.0,5.0,4.0,4.0,4.0,3.0,2004.0
condos,condo,599000.0,1184.0,1.0,2.0,2.0,2.0,2.0,2.0,1979.0
single_family,NA,1580000.0,1964.0,2.0,3.0,2.0,2.0,2.0,1.0,1941.0
multi_family,NA,650000.0,3709.0,2.0,9.0,4.0,4.0,4.0,0.0,1965.0
single_family,NA,449999.0,1283.0,1.0,3.0,2.0,2.0,2.0,2.0,1989.0
single_family,NA,747000.0,1325.0,1.0,3.0,1.0,1.0,1.0,0.0,1921.0
single_family,NA,519900.0,1011.0,1.0,3.0,2.0,2.0,2.0,0.0,1949.0
single_family,NA,849999.0,1610.0,1.0,2.0,2.0,2.0,2.0,1.0,1939.0
single_family,NA,449900.0,1288.0,1.0,3.0,2.0,2.0,2.0,2.0,1989.0
condos,condo,1070000.0,1794.0,2.0,3.0,3.0,2.0,2.0,2.0,2018.0
single_family,NA,670000.0,2550.0,2.0,5.0,3.0,3.0,3.0,3.0,1989.0
single_family,NA,1291000.0,1750.0,1.0,3.0,2.0,2.0,2.0,2.0,1962.0
single_family,NA,1325000.0,4400.0,1.0,4.0,4.0,3.0,3.0,4.0,2007.0
condos,condo,499000.0,676.0,1.0,1.0,1.0,1.0,1.0,0.0,1990.0
single_family,NA,1199900.0,1688.0,1.0,4.0,2.0,2.0,2.0,2.0,1962.0
single_family,NA,799000.0,1156.0,1.0,3.0,2.0,1.0,2.0,2.0,1948.0
single_family,NA,549000.0,2590.0,2.0,4.0,3.0,3.0,3.0,2.0,2017.0
single_family,NA,619000.0,1785.0,1.0,2.0,2.0,2.0,2.0,2.0,2004.0
land,NA,39888.0,0.0,0.0,0.0,0.0,0.0,0.0,0.0,0.0
single_family,NA,1099900.0,1642.0,1.0,3.0,2.0,2.0,2.0,2.0,1961.0
single_family,NA,350000.0,1014.0,1.0,2.0,1.0,1.0,1.0,0.0,1918.0
single_family,NA,659000.0,1322.0,2.0,3.0,3.0,2.0,2.0,2.0,1988.0
single_family,NA,2288000.0,2170.0,2.0,3.0,3.0,2.0,2.0,3.0,1933.0
mobile,NA,250000.0,1344.0,1.0,2.0,2.0,2.0,2.0,0.0,1979.0
single_family,NA,4095000.0,5409.0,2.0,5.0,7.0,2.0,5.0,4.0,2025.0
single_family,NA,575000.0,1224.0,2.0,3.0,2.0,2.0,2.0,1.0,1985.0
single_family,NA,598000.0,600.0,1.0,1.0,1.0,1.0,1.0,1.0,1931.0
single_family,NA,489900.0,2074.0,2.0,4.0,3.0,3.0,3.0,2.0,2020.0
townhomes,townhouse,527265.0,1577.0,2.0,3.0,3.0,2.0,2.0,2.0,2026.0
single_family,NA,449999.0,1509.0,1.0,2.0,2.0,1.0,2.0,2.0,1999.0
land,NA,100000.0,0.0,0.0,0.0,0.0,0.0,0.0,0.0,0.0
townhomes,townhouse,1399900.0,1570.0,2.0,2.0,3.0,2.0,2.0,2.0,1975.0
single_family,NA,1850000.0,2150.0,2.0,4.0,3.0,2.0,2.0,2.0,1973.0
single_family,NA,559888.0,1246.0,1.0,3.0,2.0,1.0,1.0,1.0,1953.0
single_family,NA,780000.0,1431.0,1.0,4.0,2.0,2.0,2.0,2.0,2001.0
single_family,NA,415000.0,1582.0,1.0,3.0,2.0,2.0,2.0,2.0,2004.0
land,NA,59000.0,0.0,0.0,0.0,0.0,0.0,0.0,0.0,0.0
mobile,NA,399900.0,2393.0,1.0,3.0,3.0,2.0,2.0,0.0,1999.0
single_family,NA,1200888.0,1483.0,1.0,3.0,2.0,2.0,2.0,2.0,1936.0
single_family,NA,1649000.0,2816.0,2.0,4.0,3.0,2.0,3.0,3.0,1986.0
single_family,NA,325000.0,1200.0,1.0,3.0,2.0,2.0,2.0,2.0,2006.0
single_family,NA,729000.0,1758.0,2.0,3.0,2.0,2.0,2.0,2.0,1996.0
condos,condo,739990.0,1938.0,1.0,2.0,3.0,2.0,2.0,2.0,2025.0
townhomes,townhouse,729000.0,2100.0,2.0,4.0,3.0,2.0,2.0,2.0,2022.0
condos,condo,223333.0,552.0,2.0,1.0,1.0,0.0,1.0,0.0,1958.0
single_family,NA,829000.0,2272.0,2.0,4.0,3.0,2.0,2.0,2.0,2001.0
single_family,NA,394999.0,1162.0,1.0,2.0,2.0,2.0,2.0,1.0,1949.0
single_family,NA,1350000.0,2643.0,2.0,5.0,3.0,3.0,3.0,2.0,1997.0
single_family,NA,565000.0,1365.0,3.0,3.0,2.0,1.0,1.0,0.0,1975.0
single_family,NA,699990.0,2862.0,2.0,4.0,3.0,3.0,3.0,2.0,2019.0
single_family,NA,411000.0,1500.0,1.0,3.0,2.0,2.0,2.0,2.0,2007.0
single_family,NA,1125000.0,2938.0,2.0,6.0,3.0,3.0,3.0,2.0,1953.0
single_family,NA,425000.0,1530.0,1.0,4.0,2.0,2.0,2.0,0.0,1968.0
land,NA,65000.0,0.0,0.0,0.0,0.0,0.0,0.0,0.0,0.0
single_family,NA,649990.0,2453.0,2.0,5.0,3.0,3.0,3.0,2.0,2025.0
condos,condo,968000.0,1335.0,2.0,2.0,2.0,2.0,2.0,0.0,1972.0
single_family,NA,625000.0,1315.0,1.0,3.0,2.0,2.0,2.0,2.0,1983.0
condos,condo,659000.0,2002.0,2.0,3.0,3.0,3.0,3.0,2.0,2018.0
single_family,NA,1549000.0,1803.0,1.0,3.0,2.0,2.0,2.0,2.0,1947.0
multi_family,NA,390000.0,1950.0,1.0,2.0,4.0,4.0,4.0,0.0,2006.0
single_family,NA,1988000.0,2450.0,1.0,5.0,3.0,2.0,2.0,1.0,1946.0
single_family,NA,564990.0,1352.0,1.0,3.0,2.0,2.0,2.0,2.0,2025.0
townhomes,townhouse,725000.0,1841.0,2.0,3.0,3.0,2.0,2.0,2.0,2007.0
single_family,NA,1184000.0,1650.0,2.0,4.0,2.0,2.0,2.0,2.0,1977.0
land,NA,275000.0,0.0,0.0,0.0,0.0,0.0,0.0,0.0,0.0
single_family,NA,367300.0,1405.0,1.0,2.0,2.0,2.0,2.0,2.0,2002.0
condos,condo,999000.0,1803.0,3.0,3.0,2.0,2.0,2.0,0.0,1974.0
single_family,NA,449900.0,1342.0,1.0,3.0,2.0,2.0,2.0,2.0,1981.0
single_family,NA,495000.0,1608.0,1.0,2.0,2.0,2.0,2.0,2.0,1980.0
single_family,NA,449900.0,1538.0,1.0,2.0,2.0,2.0,2.0,2.0,1973.0
townhomes,townhouse,1299000.0,2475.0,3.0,4.0,4.0,3.0,3.0,3.0,1987.0
single_family,NA,1339000.0,1648.0,1.0,4.0,2.0,2.0,2.0,2.0,1969.0
single_family,NA,999950.0,2617.0,2.0,4.0,3.0,3.0,3.0,2.0,2014.0
condos,condo,305000.0,864.0,1.0,2.0,1.0,1.0,1.0,1.0,1980.0
townhomes,townhouse,689000.0,1901.0,2.0,3.0,3.0,3.0,3.0,2.0,1987.0
single_family,NA,789000.0,1287.0,1.0,3.0,2.0,2.0,2.0,2.0,1983.0
single_family,NA,99000.0,1092.0,1.0,4.0,2.0,2.0,2.0,0.0,1951.0
single_family,NA,925000.0,1650.0,1.0,3.0,2.0,2.0,2.0,2.0,1954.0
condos,condo,1264000.0,1760.0,3.0,3.0,3.0,2.0,2.0,2.0,2025.0
single_family,NA,1400000.0,2354.0,2.0,4.0,3.0,2.0,2.0,2.0,1989.0
single_family,NA,1067777.0,2128.0,1.0,6.0,4.0,4.0,4.0,0.0,1957.0
single_family,NA,775000.0,1114.0,1.0,3.0,1.0,1.0,1.0,2.0,1956.0
single_family,NA,1150000.0,1536.0,1.0,3.0,2.0,2.0,2.0,2.0,2023.0
single_family,NA,229000.0,933.0,1.0,3.0,1.0,1.0,1.0,0.0,1915.0
single_family,NA,858000.0,1692.0,2.0,3.0,3.0,2.0,2.0,2.0,1985.0
single_family,NA,349000.0,1328.0,1.0,2.0,2.0,2.0,2.0,2.0,1979.0
single_family,NA,390000.0,2177.0,1.0,3.0,2.0,2.0,2.0,2.0,1971.0
single_family,NA,1149000.0,1047.0,2.0,3.0,2.0,2.0,2.0,0.0,1907.0
single_family,NA,710000.0,908.0,1.0,2.0,1.0,1.0,1.0,2.0,1946.0
mobile,NA,100000.0,1440.0,1.0,2.0,2.0,2.0,2.0,0.0,1988.0
single_family,NA,1499000.0,1347.0,1.0,3.0,2.0,2.0,2.0,2.0,1963.0
single_family,NA,680000.0,1753.0,2.0,3.0,3.0,3.0,3.0,2.0,2006.0
single_family,NA,1250000.0,1570.0,1.0,3.0,2.0,2.0,2.0,2.0,1960.0
condos,condo,445000.0,664.0,1.0,1.0,1.0,1.0,1.0,1.0,1991.0
single_family,NA,336500.0,1260.0,1.0,3.0,2.0,2.0,2.0,2.0,1955.0
single_family,NA,999998.0,2521.0,2.0,3.0,3.0,3.0,3.0,1.0,1942.0
single_family,NA,625000.0,1854.0,3.0,2.0,2.0,2.0,2.0,0.0,1995.0
single_family,NA,1295000.0,2000.0,2.0,4.0,3.0,2.0,2.0,2.0,1987.0
townhomes,townhouse,537131.0,1584.0,2.0,3.0,3.0,2.0,2.0,2.0,2025.0
single_family,NA,315000.0,977.0,1.0,2.0,2.0,2.0,2.0,1.0,1987.0
single_family,NA,499000.0,1791.0,1.0,4.0,3.0,2.0,2.0,2.0,1956.0
condos,condo,399999.0,919.0,1.0,2.0,2.0,1.0,2.0,1.0,1979.0
single_family,NA,210000.0,1559.0,1.0,3.0,2.0,2.0,2.0,0.0,1959.0
condos,condo,409000.0,1030.0,2.0,3.0,2.0,2.0,2.0,0.0,1972.0
single_family,NA,2350000.0,2670.0,1.0,4.0,4.0,3.0,3.0,2.0,1952.0
single_family,NA,848000.0,973.0,1.0,2.0,2.0,2.0,2.0,2.0,1986.0
single_family,NA,1375000.0,3221.0,2.0,5.0,5.0,5.0,5.0,3.0,1987.0
single_family,NA,1167000.0,1144.0,1.0,3.0,2.0,2.0,2.0,2.0,1964.0
single_family,NA,450000.0,1392.0,1.0,3.0,2.0,2.0,2.0,0.0,1936.0
single_family,NA,2998000.0,4400.0,3.0,5.0,5.0,4.0,4.0,4.0,1990.0
condos,condo,725000.0,917.0,1.0,2.0,2.0,2.0,2.0,0.0,1980.0
single_family,NA,2295000.0,1630.0,1.0,3.0,2.0,1.0,2.0,2.0,1962.0
townhomes,townhouse,1890000.0,2140.0,3.0,2.0,3.0,2.0,2.0,0.0,2004.0
single_family,NA,650000.0,2108.0,1.0,3.0,2.0,2.0,2.0,2.0,1923.0
single_family,NA,2099990.0,2475.0,2.0,4.0,3.0,3.0,3.0,3.0,1996.0
mobile,NA,259000.0,1539.0,1.0,3.0,2.0,2.0,2.0,0.0,2007.0
single_family,NA,17500000.0,8055.0,3.0,5.0,7.0,7.0,7.0,2.0,1926.0
single_family,NA,474900.0,1840.0,1.0,3.0,2.0,2.0,2.0,2.0,2002.0
single_family,NA,530000.0,1103.0,1.0,2.0,1.0,1.0,1.0,1.0,1918.0
single_family,NA,935000.0,1045.0,2.0,2.0,2.0,1.0,2.0,2.0,1985.0
single_family,NA,730000.0,728.0,1.0,2.0,1.0,1.0,1.0,2.0,1947.0
townhomes,townhouse,733990.0,1777.0,3.0,3.0,4.0,3.0,3.0,2.0,2026.0
single_family,NA,675000.0,2010.0,2.0,4.0,3.0,3.0,3.0,2.0,2022.0
condos,condo,675000.0,1198.0,2.0,2.0,2.0,1.0,2.0,0.0,1974.0
single_family,NA,2149000.0,3210.0,2.0,5.0,4.0,4.0,4.0,3.0,1996.0
single_family,NA,3995000.0,3237.0,2.0,4.0,3.0,3.0,3.0,2.0,1952.0
single_family,NA,1299500.0,1648.0,1.0,3.0,2.0,1.0,2.0,1.0,1967.0
condos,condo,389000.0,943.0,1.0,2.0,2.0,2.0,2.0,2.0,1990.0
single_family,NA,285000.0,910.0,1.0,2.0,1.0,1.0,1.0,0.0,1972.0
townhomes,townhouse,699999.0,2204.0,2.0,3.0,3.0,3.0,3.0,2.0,1985.0
single_family,NA,470000.0,1637.0,1.0,3.0,2.0,2.0,2.0,1.0,1920.0
single_family,NA,2949000.0,1624.0,2.0,3.0,2.0,2.0,2.0,1.0,1948.0
single_family,NA,505000.0,1533.0,1.0,3.0,2.0,2.0,2.0,2.0,1974.0
single_family,NA,350000.0,1187.0,1.0,3.0,2.0,2.0,2.0,2.0,1982.0
single_family,NA,620000.0,2075.0,1.0,4.0,2.0,2.0,2.0,2.0,2006.0
condos,condo,516999.0,1371.0,2.0,2.0,2.0,2.0,2.0,0.0,2001.0
single_family,NA,995000.0,1574.0,2.0,2.0,2.0,2.0,2.0,1.0,1937.0
single_family,NA,900000.0,2097.0,2.0,4.0,3.0,3.0,3.0,2.0,1979.0
single_family,NA,1495000.0,3576.0,3.0,5.0,5.0,5.0,5.0,3.0,1962.0
single_family,NA,899900.0,2331.0,1.0,4.0,3.0,3.0,3.0,2.0,1963.0
single_family,NA,430000.0,2076.0,1.0,2.0,2.0,2.0,2.0,2.0,2012.0
land,NA,8800.0,0.0,0.0,0.0,0.0,0.0,0.0,0.0,0.0
single_family,NA,499000.0,1310.0,1.0,3.0,2.0,1.0,1.0,0.0,1962.0
townhomes,townhouse,693500.0,1394.0,2.0,3.0,3.0,2.0,2.0,1.0,1974.0
townhomes,townhouse,667990.0,1916.0,3.0,3.0,2.0,2.0,2.0,2.0,2026.0
single_family,NA,589888.0,903.0,1.0,2.0,1.0,1.0,1.0,1.0,1923.0
single_family,NA,240000.0,827.0,1.0,2.0,1.0,1.0,1.0,1.0,1981.0
single_family,NA,340000.0,960.0,1.0,3.0,2.0,2.0,2.0,0.0,1954.0
single_family,NA,659000.0,1516.0,2.0,3.0,3.0,2.0,2.0,2.0,1990.0
single_family,NA,1195000.0,3000.0,2.0,5.0,5.0,4.0,4.0,2.0,2014.0
single_family,NA,1425000.0,1528.0,1.0,3.0,2.0,2.0,2.0,2.0,1938.0
single_family,NA,750000.0,1992.0,2.0,4.0,3.0,3.0,3.0,2.0,1959.0
condos,condo,430000.0,715.0,1.0,1.0,1.0,1.0,1.0,1.0,1967.0
single_family,NA,695000.0,2152.0,1.0,3.0,3.0,2.0,2.0,2.0,1963.0
single_family,NA,1189000.0,2655.0,2.0,3.0,4.0,2.0,2.0,5.0,2004.0
condos,condo,1976529.0,2347.0,2.0,4.0,3.0,2.0,2.0,2.0,2026.0
single_family,NA,3940000.0,5630.0,2.0,6.0,6.0,5.0,5.0,3.0,2007.0
condos,condo,660000.0,1142.0,2.0,2.0,2.0,2.0,2.0,2.0,1981.0
condos,condo,619000.0,1107.0,3.0,3.0,3.0,3.0,3.0,2.0,1979.0
single_family,NA,200000.0,836.0,1.0,2.0,1.0,1.0,1.0,0.0,1963.0
condos,condo,769000.0,1460.0,6.0,2.0,2.0,2.0,2.0,0.0,2006.0
single_family,NA,1149000.0,1944.0,1.0,4.0,3.0,3.0,3.0,2.0,1965.0
single_family,NA,529900.0,1557.0,1.0,3.0,2.0,2.0,2.0,2.0,1960.0
single_family,NA,799999.0,2809.0,2.0,4.0,3.0,3.0,3.0,3.0,2005.0
land,NA,67000.0,0.0,0.0,0.0,0.0,0.0,0.0,0.0,0.0
single_family,NA,869900.0,1220.0,1.0,3.0,2.0,0.0,2.0,2.0,1953.0
single_family,NA,318000.0,1498.0,1.0,3.0,2.0,2.0,2.0,2.0,1979.0
single_family,NA,999999.0,1839.0,1.0,4.0,3.0,1.0,3.0,2.0,1957.0
single_family,NA,799000.0,1225.0,1.0,4.0,2.0,2.0,2.0,2.0,1954.0
single_family,NA,975000.0,1328.0,1.0,3.0,2.0,2.0,2.0,2.0,1974.0
condos,condo,379000.0,960.0,1.0,2.0,2.0,2.0,2.0,0.0,1991.0
single_family,NA,515000.0,1470.0,1.0,3.0,1.0,1.0,1.0,1.0,1959.0
single_family,NA,1395000.0,1400.0,1.0,3.0,2.0,2.0,2.0,0.0,1923.0
multi_family,NA,625000.0,1645.0,2.0,2.0,2.0,2.0,2.0,0.0,1974.0
single_family,NA,595000.0,2260.0,1.0,5.0,3.0,3.0,3.0,2.0,2026.0
single_family,NA,1095000.0,2770.0,2.0,5.0,4.0,4.0,4.0,2.0,2005.0
single_family,NA,450000.0,553.0,1.0,1.0,1.0,1.0,1.0,1.0,1938.0
single_family,NA,825000.0,2092.0,1.0,3.0,2.0,1.0,2.0,2.0,1991.0
multi_family,NA,1800000.0,3454.0,2.0,0.0,2.0,2.0,2.0,2.0,1949.0
single_family,NA,650000.0,1400.0,1.0,4.0,1.0,1.0,1.0,0.0,1954.0
single_family,NA,999000.0,1926.0,1.0,3.0,2.0,2.0,2.0,5.0,1987.0
single_family,NA,350000.0,1439.0,1.0,4.0,2.0,2.0,2.0,2.0,2004.0
single_family,NA,544000.0,2549.0,2.0,4.0,3.0,2.0,2.0,2.0,2005.0
single_family,NA,1375000.0,1634.0,2.0,3.0,3.0,2.0,2.0,2.0,2004.0
condos,condo,370000.0,1551.0,2.0,4.0,3.0,2.0,2.0,0.0,1972.0
single_family,NA,850000.0,3094.0,2.0,4.0,3.0,3.0,3.0,3.0,2001.0
single_family,NA,1880000.0,2517.0,2.0,5.0,4.0,4.0,4.0,2.0,1960.0
multi_family,NA,349999.0,672.0,1.0,5.0,3.0,3.0,3.0,0.0,1946.0
single_family,NA,1450000.0,1700.0,1.0,4.0,2.0,2.0,2.0,0.0,1963.0
single_family,NA,814999.0,2072.0,2.0,4.0,3.0,2.0,2.0,2.0,1977.0
land,NA,45000.0,0.0,0.0,0.0,0.0,0.0,0.0,0.0,0.0
single_family,NA,345000.0,1573.0,3.0,3.0,3.0,3.0,3.0,0.0,1927.0
single_family,NA,799990.0,3015.0,2.0,5.0,3.0,3.0,3.0,3.0,2025.0
multi_family,NA,2895000.0,6200.0,2.0,12.0,8.0,2.0,2.0,0.0,1954.0
single_family,NA,949000.0,1708.0,2.0,4.0,2.0,2.0,2.0,2.0,1952.0
single_family,NA,639950.0,2196.0,2.0,4.0,3.0,3.0,3.0,3.0,1989.0
land,NA,2095000.0,0.0,0.0,0.0,0.0,0.0,0.0,0.0,0.0
condos,condo,500000.0,762.0,1.0,1.0,1.0,1.0,1.0,1.0,1992.0
mobile,NA,375000.0,1711.0,1.0,3.0,2.0,2.0,2.0,0.0,1998.0
single_family,NA,1149900.0,3506.0,2.0,4.0,4.0,4.0,4.0,4.0,2005.0
single_family,NA,950000.0,2162.0,2.0,3.0,3.0,3.0,3.0,1.0,1984.0
single_family,NA,579000.0,1649.0,2.0,3.0,3.0,2.0,2.0,1.0,2004.0
single_family,NA,559000.0,1759.0,1.0,3.0,2.0,2.0,2.0,2.0,1988.0
condos,condo,397000.0,1091.0,2.0,3.0,2.0,2.0,2.0,2.0,1963.0
single_family,NA,1225000.0,2508.0,2.0,4.0,3.0,3.0,3.0,2.0,1973.0
land,NA,40000.0,0.0,0.0,0.0,0.0,0.0,0.0,0.0,0.0
single_family,NA,655000.0,2111.0,2.0,4.0,3.0,3.0,3.0,2.0,2021.0
mobile,NA,309000.0,1440.0,1.0,2.0,2.0,2.0,2.0,0.0,1976.0
condos,condo,498888.0,870.0,3.0,1.0,2.0,2.0,2.0,1.0,2015.0
townhomes,townhouse,764900.0,1240.0,1.0,3.0,2.0,2.0,2.0,2.0,1971.0
single_family,NA,638000.0,2200.0,2.0,4.0,3.0,2.0,2.0,2.0,2002.0
multi_family,NA,700000.0,2688.0,1.0,8.0,4.0,4.0,4.0,0.0,2007.0
single_family,NA,1995000.0,3039.0,2.0,5.0,4.0,4.0,4.0,3.0,1996.0
single_family,NA,2295000.0,3449.0,2.0,5.0,4.0,4.0,4.0,2.0,1950.0
single_family,NA,699000.0,2009.0,1.0,3.0,2.0,2.0,2.0,2.0,1999.0
townhomes,townhouse,1395000.0,1830.0,3.0,2.0,3.0,2.0,2.0,2.0,2009.0
single_family,NA,1700000.0,2330.0,1.0,3.0,2.0,1.0,2.0,2.0,1966.0
single_family,NA,2049000.0,3406.0,2.0,4.0,4.0,4.0,4.0,3.0,1996.0
mobile,NA,119000.0,700.0,1.0,1.0,1.0,1.0,1.0,0.0,1986.0
single_family,NA,898000.0,2130.0,2.0,4.0,3.0,2.0,2.0,2.0,2025.0
single_family,NA,945000.0,1839.0,1.0,3.0,3.0,3.0,3.0,2.0,1954.0
mobile,NA,235000.0,1368.0,1.0,2.0,2.0,2.0,2.0,0.0,1970.0
single_family,NA,799999.0,1738.0,1.0,3.0,3.0,3.0,3.0,2.0,1955.0
land,NA,125000.0,0.0,0.0,0.0,0.0,0.0,0.0,0.0,0.0
single_family,NA,4150000.0,2325.0,2.0,4.0,5.0,4.0,4.0,2.0,2023.0
multi_family,NA,795000.0,0.0,1.0,6.0,6.0,6.0,6.0,0.0,1958.0
single_family,NA,650190.0,2537.0,2.0,5.0,3.0,3.0,3.0,2.0,2026.0
single_family,NA,360000.0,1397.0,1.0,3.0,2.0,2.0,2.0,2.0,2003.0
single_family,NA,585000.0,1854.0,1.0,3.0,2.0,2.0,2.0,2.0,1999.0
single_family,NA,1005000.0,1719.0,2.0,3.0,3.0,2.0,2.0,2.0,1985.0
single_family,NA,2998111.0,2420.0,2.0,3.0,4.0,3.0,3.0,2.0,1953.0
single_family,NA,559900.0,1056.0,1.0,4.0,2.0,2.0,2.0,2.0,1954.0
condos,condo,463500.0,752.0,1.0,2.0,2.0,2.0,2.0,1.0,1988.0
condos,condo,1300000.0,1822.0,2.0,3.0,3.0,2.0,2.0,2.0,2003.0
single_family,NA,3750000.0,4590.0,1.0,4.0,4.0,3.0,3.0,4.0,2001.0
single_family,NA,3995000.0,2567.0,1.0,4.0,3.0,2.0,2.0,2.0,1969.0
single_family,NA,1249000.0,1814.0,1.0,3.0,3.0,2.0,2.0,2.0,1954.0
single_family,NA,3800000.0,4012.0,2.0,4.0,4.0,1.0,3.0,3.0,1977.0
single_family,NA,679900.0,2672.0,2.0,4.0,3.0,2.0,2.0,3.0,2001.0
single_family,NA,464900.0,1534.0,1.0,3.0,2.0,2.0,2.0,2.0,2019.0
single_family,NA,3495000.0,3916.0,2.0,5.0,6.0,5.0,5.0,2.0,1950.0
condos,condo,315000.0,861.0,1.0,2.0,1.0,1.0,1.0,2.0,1969.0
single_family,NA,699000.0,1374.0,1.0,3.0,2.0,2.0,2.0,2.0,1947.0
single_family,NA,2125000.0,1270.0,1.0,2.0,2.0,2.0,2.0,0.0,1930.0
single_family,NA,565000.0,2544.0,2.0,4.0,3.0,3.0,3.0,2.0,2004.0
single_family,NA,559000.0,2004.0,1.0,3.0,2.0,2.0,2.0,2.0,2001.0
single_family,NA,1295000.0,1568.0,2.0,3.0,2.0,1.0,2.0,2.0,1981.0
land,NA,135000.0,0.0,0.0,0.0,0.0,0.0,0.0,0.0,0.0
single_family,NA,1375000.0,1660.0,1.0,3.0,2.0,2.0,2.0,2.0,1976.0
single_family,NA,721500.0,2065.0,2.0,4.0,2.0,2.0,2.0,0.0,1920.0
single_family,NA,837000.0,1406.0,1.0,3.0,1.0,1.0,1.0,2.0,1952.0
single_family,NA,2998000.0,3404.0,2.0,5.0,6.0,5.0,5.0,3.0,2013.0
single_family,NA,868888.0,1408.0,1.0,4.0,2.0,2.0,2.0,2.0,1962.0
townhomes,townhouse,699990.0,2184.0,3.0,4.0,4.0,3.0,3.0,2.0,2026.0
townhomes,townhouse,499000.0,1137.0,2.0,2.0,3.0,2.0,2.0,1.0,1991.0
single_family,NA,309000.0,1543.0,1.0,2.0,2.0,2.0,2.0,2.0,2022.0
single_family,NA,1975000.0,3633.0,2.0,5.0,5.0,4.0,4.0,3.0,2001.0
condos,condo,554900.0,1775.0,2.0,3.0,3.0,2.0,2.0,2.0,2007.0
single_family,NA,1185000.0,1584.0,1.0,3.0,2.0,2.0,2.0,2.0,1962.0
single_family,NA,499950.0,1986.0,1.0,3.0,2.0,2.0,2.0,0.0,1930.0
single_family,NA,550000.0,2257.0,1.0,3.0,2.0,2.0,2.0,2.0,1990.0
townhomes,townhouse,349000.0,1518.0,2.0,3.0,2.0,2.0,2.0,2.0,1980.0
condos,condo,740000.0,1780.0,3.0,4.0,3.0,2.0,2.0,2.0,2017.0
single_family,NA,525900.0,1782.0,2.0,4.0,3.0,2.0,2.0,2.0,1962.0
single_family,NA,899000.0,1226.0,1.0,3.0,2.0,2.0,2.0,2.0,1950.0
mobile,NA,299000.0,1080.0,1.0,3.0,2.0,2.0,2.0,0.0,2010.0
single_family,NA,917000.0,1490.0,1.0,3.0,3.0,2.0,2.0,2.0,1951.0
single_family,NA,475000.0,1901.0,1.0,3.0,2.0,2.0,2.0,2.0,1960.0
single_family,NA,499899.0,1347.0,1.0,2.0,2.0,2.0,2.0,2.0,1970.0
single_family,NA,899000.0,1460.0,1.0,3.0,2.0,2.0,2.0,2.0,1982.0
single_family,NA,400000.0,1602.0,1.0,4.0,2.0,2.0,2.0,2.0,1972.0
single_family,NA,454785.0,1595.0,1.0,3.0,2.0,2.0,2.0,2.0,2025.0
condos,condo,535000.0,1030.0,1.0,2.0,2.0,2.0,2.0,2.0,1987.0
single_family,NA,510000.0,1621.0,1.0,3.0,2.0,2.0,2.0,2.0,1991.0
condos,condo,435000.0,800.0,3.0,1.0,1.0,1.0,1.0,0.0,1975.0
land,NA,45000.0,0.0,0.0,0.0,0.0,0.0,0.0,0.0,0.0
single_family,NA,710000.0,1086.0,1.0,3.0,2.0,1.0,2.0,2.0,1959.0
townhomes,townhouse,699000.0,1949.0,2.0,4.0,3.0,2.0,2.0,2.0,1985.0
single_family,NA,759990.0,2537.0,2.0,5.0,3.0,3.0,3.0,3.0,2026.0
single_family,NA,1350000.0,2134.0,2.0,4.0,3.0,2.0,2.0,2.0,1992.0
condos,condo,598000.0,1463.0,2.0,3.0,3.0,2.0,2.0,2.0,2020.0
condos,condo,109000.0,648.0,1.0,1.0,1.0,1.0,1.0,0.0,1979.0
single_family,NA,415000.0,1689.0,1.0,2.0,2.0,2.0,2.0,2.0,2009.0
single_family,NA,1098888.0,1198.0,1.0,2.0,2.0,2.0,2.0,1.0,1924.0
single_family,NA,540000.0,1517.0,1.0,3.0,3.0,3.0,3.0,2.0,1950.0
condos,condo,346000.0,1028.0,1.0,2.0,2.0,2.0,2.0,2.0,1985.0
single_family,NA,595000.0,3276.0,2.0,5.0,4.0,4.0,4.0,3.0,2008.0
single_family,NA,1549000.0,3548.0,2.0,4.0,5.0,4.0,4.0,2.0,2021.0
single_family,NA,329900.0,1626.0,1.0,4.0,2.0,2.0,2.0,2.0,1987.0
single_family,NA,945000.0,1869.0,1.0,3.0,2.0,2.0,2.0,2.0,1952.0
single_family,NA,738177.0,2293.0,1.0,3.0,2.0,2.0,2.0,2.0,2026.0
single_family,NA,2799950.0,1946.0,2.0,4.0,3.0,2.0,2.0,2.0,1955.0
condos,condo,1185300.0,1528.0,1.0,3.0,2.0,2.0,2.0,2.0,2023.0
single_family,NA,738900.0,1812.0,1.0,4.0,2.0,2.0,2.0,0.0,1952.0
single_family,NA,3888000.0,3900.0,2.0,6.0,5.0,5.0,5.0,2.0,2025.0
townhomes,townhouse,1625000.0,2662.0,2.0,3.0,3.0,2.0,2.0,2.0,1990.0
single_family,NA,1550000.0,1625.0,2.0,4.0,2.0,2.0,2.0,0.0,1942.0
single_family,NA,2390000.0,3645.0,1.0,5.0,4.0,4.0,4.0,3.0,1961.0
multi_family,NA,1419888.0,3213.0,3.0,6.0,4.0,4.0,4.0,2.0,1966.0
townhomes,townhouse,549000.0,1350.0,3.0,3.0,3.0,3.0,3.0,2.0,1991.0
land,NA,50000.0,0.0,0.0,0.0,0.0,0.0,0.0,0.0,0.0
land,NA,65000.0,0.0,0.0,0.0,0.0,0.0,0.0,0.0,0.0
single_family,NA,1348000.0,1815.0,1.0,3.0,2.0,2.0,2.0,2.0,1939.0
single_family,NA,1199800.0,2035.0,1.0,3.0,3.0,3.0,3.0,2.0,1950.0
single_family,NA,1200000.0,1240.0,1.0,4.0,2.0,2.0,2.0,2.0,1963.0
single_family,NA,830000.0,2434.0,1.0,3.0,3.0,2.0,2.0,3.0,2002.0
land,NA,5000.0,0.0,0.0,0.0,0.0,0.0,0.0,0.0,0.0
land,NA,879000.0,0.0,0.0,0.0,0.0,0.0,0.0,0.0,0.0
single_family,NA,379900.0,1059.0,1.0,2.0,2.0,1.0,2.0,1.0,1962.0
condos,condo,509000.0,886.0,2.0,1.0,2.0,1.0,1.0,2.0,1979.0
single_family,NA,919000.0,1872.0,2.0,3.0,3.0,2.0,2.0,2.0,2018.0
single_family,NA,1049500.0,2209.0,2.0,4.0,3.0,2.0,3.0,3.0,1987.0
single_family,NA,3400000.0,4264.0,1.0,4.0,5.0,4.0,4.0,3.0,2018.0
condos,condo,649000.0,1103.0,1.0,2.0,2.0,2.0,2.0,2.0,1962.0
single_family,NA,1499000.0,1363.0,1.0,3.0,3.0,2.0,2.0,0.0,1926.0
single_family,NA,468000.0,1224.0,1.0,3.0,2.0,2.0,2.0,2.0,1947.0
single_family,NA,600000.0,964.0,1.0,2.0,1.0,1.0,1.0,2.0,1922.0
single_family,NA,1199000.0,902.0,1.0,2.0,1.0,1.0,1.0,2.0,1948.0
condos,condo,569900.0,1224.0,2.0,2.0,3.0,2.0,2.0,1.0,1984.0
single_family,NA,586000.0,2492.0,2.0,5.0,3.0,3.0,3.0,2.0,1974.0
single_family,NA,875000.0,1440.0,1.0,3.0,2.0,2.0,2.0,2.0,1967.0
single_family,NA,160000.0,1077.0,1.0,3.0,1.0,1.0,1.0,0.0,1945.0
single_family,NA,709490.0,1805.0,2.0,4.0,3.0,2.0,2.0,2.0,2026.0
single_family,NA,999900.0,1740.0,1.0,4.0,3.0,2.0,2.0,2.0,1979.0
townhomes,townhouse,350000.0,1112.0,1.0,2.0,2.0,2.0,2.0,2.0,1985.0
single_family,NA,550000.0,1589.0,2.0,3.0,3.0,2.0,2.0,2.0,1986.0
single_family,NA,599900.0,1075.0,1.0,3.0,1.0,1.0,1.0,2.0,1954.0
single_family,NA,975000.0,2175.0,2.0,4.0,3.0,3.0,3.0,3.0,1998.0
mobile,NA,85000.0,1344.0,1.0,3.0,2.0,2.0,2.0,0.0,1995.0
single_family,NA,730583.0,1914.0,2.0,4.0,3.0,3.0,3.0,2.0,2025.0
single_family,NA,290000.0,766.0,1.0,2.0,1.0,1.0,1.0,0.0,1948.0
land,NA,99900.0,0.0,0.0,0.0,0.0,0.0,0.0,0.0,0.0
single_family,NA,549900.0,1280.0,2.0,3.0,3.0,2.0,2.0,2.0,1988.0
single_family,NA,535000.0,1067.0,1.0,2.0,1.0,1.0,1.0,1.0,1927.0
single_family,NA,514995.0,2043.0,1.0,3.0,2.0,2.0,2.0,2.0,2007.0
single_family,NA,1495000.0,3352.0,1.0,5.0,3.0,3.0,3.0,0.0,1961.0
single_family,NA,798000.0,1196.0,1.0,3.0,2.0,2.0,2.0,2.0,1963.0
single_family,NA,1199000.0,4134.0,1.0,4.0,4.0,3.0,3.0,4.0,1961.0
single_family,NA,995000.0,1513.0,1.0,3.0,2.0,2.0,2.0,2.0,1955.0
single_family,NA,429900.0,1325.0,1.0,3.0,2.0,2.0,2.0,2.0,1994.0
condos,condo,630000.0,719.0,1.0,1.0,1.0,1.0,1.0,1.0,2025.0
single_family,NA,1275000.0,1997.0,2.0,3.0,3.0,2.0,2.0,2.0,1999.0
townhomes,townhouse,879000.0,2096.0,3.0,3.0,3.0,2.0,2.0,2.0,2006.0
single_family,NA,1499990.0,1563.0,1.0,5.0,2.0,1.0,2.0,2.0,1954.0
mobile,NA,190000.0,1238.0,1.0,3.0,2.0,2.0,2.0,0.0,2001.0
land,NA,110000.0,0.0,0.0,0.0,0.0,0.0,0.0,0.0,0.0
single_family,NA,3250000.0,4237.0,1.0,4.0,4.0,3.0,3.0,2.0,1989.0
single_family,NA,1630000.0,2275.0,2.0,3.0,3.0,2.0,2.0,2.0,1998.0
land,NA,10000.0,0.0,0.0,0.0,0.0,0.0,0.0,0.0,0.0
single_family,NA,820000.0,1856.0,2.0,3.0,3.0,3.0,3.0,3.0,1987.0
single_family,NA,539000.0,1285.0,1.0,2.0,2.0,2.0,2.0,2.0,1997.0
single_family,NA,2395000.0,2552.0,2.0,4.0,3.0,3.0,3.0,3.0,1968.0
single_family,NA,2815000.0,1983.0,1.0,3.0,2.0,2.0,2.0,2.0,1949.0
land,NA,670000.0,0.0,0.0,0.0,0.0,0.0,0.0,0.0,0.0
single_family,NA,379900.0,1608.0,1.0,3.0,2.0,2.0,2.0,2.0,1980.0
single_family,NA,1079000.0,1717.0,1.0,4.0,2.0,2.0,2.0,2.0,1965.0
single_family,NA,1050000.0,1704.0,1.0,3.0,2.0,1.0,2.0,2.0,1952.0
single_family,NA,785000.0,1373.0,1.0,3.0,2.0,1.0,1.0,2.0,1954.0
condos,condo,1169000.0,1796.0,3.0,3.0,3.0,3.0,3.0,0.0,1980.0
single_family,NA,440000.0,1408.0,1.0,3.0,2.0,2.0,2.0,2.0,1995.0
condos,condo,560000.0,1328.0,1.0,2.0,2.0,2.0,2.0,2.0,2014.0
single_family,NA,12995000.0,8502.0,3.0,6.0,9.0,8.0,8.0,6.0,2000.0
single_family,NA,1895000.0,2409.0,2.0,3.0,3.0,2.0,3.0,2.0,1973.0
single_family,NA,750000.0,3613.0,2.0,5.0,4.0,3.0,4.0,3.0,2006.0
condos,condo,389800.0,640.0,1.0,1.0,1.0,1.0,1.0,0.0,1971.0
single_family,NA,1998950.0,2223.0,2.0,5.0,3.0,3.0,3.0,2.0,1997.0
condos,condo,475000.0,868.0,1.0,2.0,1.0,1.0,1.0,0.0,1983.0
condos,condo,1795000.0,1862.0,2.0,3.0,3.0,2.0,2.0,0.0,1900.0
townhomes,townhouse,2599000.0,2990.0,2.0,4.0,4.0,3.0,3.0,2.0,2025.0
single_family,NA,585000.0,2980.0,2.0,5.0,3.0,3.0,3.0,3.0,2006.0
land,NA,100000.0,0.0,0.0,0.0,0.0,0.0,0.0,0.0,0.0
condos,condo,560000.0,1020.0,1.0,2.0,3.0,2.0,2.0,0.0,1994.0
condos,condo,459900.0,1648.0,2.0,3.0,3.0,2.0,2.0,2.0,2015.0
single_family,NA,1795000.0,1673.0,1.0,3.0,2.0,2.0,2.0,1.0,1948.0
single_family,NA,1425000.0,1346.0,1.0,3.0,2.0,2.0,2.0,2.0,1975.0
single_family,NA,2099999.0,2193.0,1.0,4.0,3.0,3.0,3.0,2.0,1978.0
single_family,NA,1100000.0,3724.0,2.0,5.0,5.0,4.0,4.0,3.0,2003.0
condos,condo,1880000.0,2526.0,2.0,4.0,3.0,3.0,3.0,2.0,1978.0
single_family,NA,1778000.0,1330.0,1.0,3.0,2.0,2.0,2.0,1.0,1949.0
condos,condo,1400000.0,1605.0,1.0,2.0,1.0,1.0,1.0,0.0,1930.0
single_family,NA,6700000.0,4144.0,1.0,4.0,7.0,5.0,5.0,0.0,1987.0
single_family,NA,1899900.0,2313.0,2.0,5.0,3.0,2.0,2.0,2.0,1913.0
single_family,NA,320000.0,816.0,1.0,2.0,1.0,1.0,1.0,0.0,1958.0
single_family,NA,874888.0,958.0,1.0,3.0,2.0,2.0,2.0,2.0,1938.0
single_family,NA,875000.0,3895.0,2.0,5.0,3.0,2.0,2.0,3.0,1992.0
single_family,NA,1175000.0,2776.0,2.0,4.0,3.0,3.0,3.0,2.0,2017.0
single_family,NA,775000.0,1594.0,1.0,3.0,2.0,2.0,2.0,0.0,1967.0
condos,condo,825000.0,579.0,2.0,1.0,1.0,1.0,1.0,0.0,1972.0
condos,condo,1295000.0,1240.0,1.0,2.0,2.0,2.0,2.0,2.0,1988.0
townhomes,townhouse,662990.0,1916.0,3.0,3.0,2.0,2.0,2.0,2.0,2026.0
single_family,NA,1298000.0,1250.0,1.0,2.0,1.0,1.0,1.0,3.0,1930.0
single_family,NA,1695000.0,2255.0,1.0,3.0,4.0,3.0,3.0,4.0,1961.0
single_family,NA,4250000.0,2836.0,2.0,4.0,3.0,3.0,3.0,0.0,1960.0
single_family,NA,2998000.0,1816.0,1.0,3.0,2.0,2.0,2.0,2.0,1972.0
single_family,NA,3395000.0,5116.0,1.0,4.0,5.0,4.0,4.0,3.0,2006.0
multi_family,NA,3250000.0,10818.0,2.0,24.0,23.0,23.0,23.0,2.0,1989.0
single_family,NA,365000.0,2136.0,1.0,3.0,2.0,2.0,2.0,2.0,2005.0
single_family,NA,929000.0,1376.0,1.0,3.0,2.0,2.0,2.0,0.0,1970.0
single_family,NA,839000.0,1187.0,1.0,3.0,2.0,1.0,1.0,2.0,1956.0
single_family,NA,579284.0,2194.0,1.0,4.0,2.0,2.0,2.0,2.0,2026.0
land,NA,838000.0,0.0,0.0,0.0,0.0,0.0,0.0,0.0,0.0
condos,condo,1399999.0,1490.0,1.0,3.0,1.0,1.0,1.0,1.0,1900.0
single_family,NA,975000.0,2468.0,1.0,3.0,3.0,1.0,3.0,2.0,2000.0
single_family,NA,615000.0,2755.0,1.0,3.0,3.0,3.0,3.0,2.0,2005.0
townhomes,townhouse,1548950.0,1700.0,2.0,3.0,3.0,2.0,2.0,2.0,1975.0
condos,condo,1795000.0,1399.0,2.0,2.0,2.0,2.0,2.0,0.0,1906.0
condos,condo,1575000.0,1643.0,3.0,2.0,2.0,2.0,2.0,2.0,2003.0
single_family,NA,13995000.0,6608.0,2.0,6.0,7.0,7.0,7.0,0.0,1935.0
single_family,NA,2598000.0,2660.0,2.0,4.0,3.0,3.0,3.0,2.0,1989.0
single_family,NA,4900000.0,4718.0,1.0,5.0,5.0,4.0,4.0,3.0,1998.0
condos,condo,1085000.0,1490.0,1.0,2.0,2.0,2.0,2.0,2.0,2015.0
multi_family,NA,920000.0,2820.0,1.0,6.0,6.0,6.0,6.0,3.0,2025.0
condos,condo,509999.0,1002.0,2.0,2.0,2.0,2.0,2.0,2.0,2021.0
single_family,NA,1750000.0,4703.0,1.0,4.0,5.0,4.0,4.0,2.0,1988.0
single_family,NA,615000.0,2478.0,1.0,4.0,3.0,3.0,3.0,3.0,1994.0
single_family,NA,459000.0,1182.0,1.0,2.0,1.0,1.0,1.0,0.0,1927.0
single_family,NA,1797000.0,1664.0,1.0,3.0,2.0,2.0,2.0,2.0,1954.0
multi_family,NA,2288888.0,3447.0,1.0,7.0,5.0,5.0,5.0,2.0,1964.0
condos,condo,1095000.0,1598.0,2.0,3.0,2.0,2.0,2.0,1.0,1925.0
single_family,NA,3195000.0,4003.0,1.0,4.0,4.0,1.0,3.0,2.0,1958.0
single_family,NA,1845000.0,3412.0,2.0,6.0,3.0,3.0,3.0,3.0,1993.0
single_family,NA,1868888.0,1717.0,2.0,3.0,3.0,2.0,2.0,2.0,1988.0
single_family,NA,679000.0,1527.0,2.0,3.0,3.0,2.0,2.0,1.0,1980.0
single_family,NA,549000.0,2072.0,1.0,3.0,3.0,2.0,2.0,2.0,2006.0
condos,condo,1898888.0,3454.0,2.0,4.0,5.0,4.0,4.0,2.0,2010.0
single_family,NA,1095000.0,1598.0,2.0,3.0,2.0,2.0,2.0,1.0,1925.0
single_family,NA,599999.0,2254.0,2.0,3.0,3.0,2.0,2.0,0.0,2005.0
single_family,NA,924000.0,2053.0,1.0,4.0,3.0,3.0,3.0,0.0,1948.0
single_family,NA,700000.0,4358.0,2.0,6.0,5.0,4.0,4.0,3.0,2009.0
single_family,NA,895000.0,1710.0,1.0,3.0,2.0,2.0,2.0,1.0,1946.0
single_family,NA,975000.0,1540.0,1.0,3.0,2.0,2.0,2.0,2.0,1956.0
single_family,NA,1725000.0,2716.0,1.0,4.0,3.0,3.0,3.0,2.0,1958.0
single_family,NA,1549950.0,2504.0,1.0,4.0,3.0,2.0,2.0,3.0,1975.0
single_family,NA,2495000.0,3372.0,3.0,4.0,4.0,4.0,4.0,1.0,1923.0
single_family,NA,1550000.0,3206.0,2.0,5.0,4.0,3.0,3.0,3.0,2003.0
single_family,NA,2799880.0,3612.0,2.0,5.0,4.0,4.0,4.0,3.0,1999.0
single_family,NA,3198000.0,2100.0,2.0,4.0,4.0,3.0,3.0,2.0,1999.0
single_family,NA,560000.0,2199.0,2.0,4.0,3.0,3.0,3.0,0.0,2015.0
single_family,NA,829000.0,1252.0,2.0,3.0,1.0,1.0,1.0,1.0,1943.0
multi_family,NA,920000.0,2820.0,1.0,6.0,6.0,6.0,6.0,3.0,2025.0
single_family,NA,429000.0,1192.0,1.0,3.0,2.0,2.0,2.0,2.0,1947.0
single_family,NA,1749000.0,1963.0,2.0,4.0,2.0,2.0,2.0,1.0,1946.0
land,NA,70000.0,0.0,0.0,0.0,0.0,0.0,0.0,0.0,0.0
single_family,NA,2795000.0,4542.0,1.0,4.0,5.0,1.0,4.0,3.0,1996.0
single_family,NA,935000.0,2144.0,2.0,4.0,3.0,3.0,3.0,2.0,1989.0
single_family,NA,1255000.0,2615.0,2.0,5.0,3.0,3.0,3.0,3.0,1999.0
single_family,NA,2895000.0,3288.0,3.0,4.0,4.0,3.0,3.0,3.0,1993.0
single_family,NA,1598000.0,1864.0,2.0,4.0,3.0,2.0,2.0,2.0,1999.0
condos,condo,489000.0,865.0,1.0,2.0,1.0,1.0,1.0,1.0,1991.0
single_family,NA,795000.0,2188.0,1.0,4.0,3.0,3.0,3.0,0.0,1998.0
single_family,NA,2389950.0,2019.0,1.0,4.0,3.0,3.0,3.0,2.0,1952.0
townhomes,townhouse,779000.0,1799.0,2.0,2.0,3.0,1.0,2.0,2.0,1978.0
single_family,NA,2890000.0,2036.0,1.0,4.0,2.0,2.0,2.0,2.0,1962.0
single_family,NA,648000.0,2265.0,1.0,4.0,2.0,2.0,2.0,2.0,1999.0
single_family,NA,439000.0,1432.0,1.0,2.0,2.0,2.0,2.0,2.0,2006.0
single_family,NA,3195000.0,4611.0,2.0,5.0,6.0,3.0,3.0,2.0,2001.0
single_family,NA,3495000.0,1906.0,3.0,4.0,4.0,3.0,3.0,0.0,1941.0
multi_family,NA,1145000.0,1330.0,2.0,4.0,2.0,2.0,2.0,0.0,1960.0
single_family,NA,645000.0,1792.0,1.0,4.0,2.0,2.0,2.0,0.0,1989.0
condos,condo,799000.0,1538.0,3.0,2.0,2.0,2.0,2.0,2.0,2000.0
single_family,NA,789000.0,1709.0,1.0,3.0,2.0,2.0,2.0,0.0,2023.0
condos,condo,549000.0,1554.0,1.0,2.0,2.0,2.0,2.0,2.0,1975.0
single_family,NA,525000.0,2370.0,1.0,4.0,2.0,2.0,2.0,0.0,2007.0
single_family,NA,23988000.0,11257.0,2.0,7.0,10.0,8.0,8.0,3.0,2012.0
single_family,NA,1449900.0,1932.0,1.0,3.0,2.0,2.0,2.0,2.0,1970.0
single_family,NA,785000.0,2008.0,1.0,4.0,3.0,3.0,3.0,2.0,2000.0
single_family,NA,1150000.0,1501.0,1.0,4.0,2.0,2.0,2.0,2.0,1973.0
condos,condo,719900.0,1481.0,3.0,2.0,3.0,2.0,2.0,2.0,2005.0
single_family,NA,3395000.0,1725.0,1.0,4.0,2.0,2.0,2.0,2.0,1972.0
single_family,NA,2130000.0,1290.0,1.0,4.0,2.0,2.0,2.0,1.0,1946.0
single_family,NA,1799000.0,712.0,1.0,3.0,2.0,2.0,2.0,2.0,1938.0
mobile,NA,100000.0,1440.0,1.0,3.0,2.0,2.0,2.0,0.0,1974.0
single_family,NA,1100000.0,2918.0,1.0,3.0,4.0,3.0,3.0,3.0,2002.0
single_family,NA,1795000.0,1707.0,1.0,3.0,3.0,3.0,3.0,0.0,1979.0
single_family,NA,1399000.0,1267.0,1.0,2.0,2.0,2.0,2.0,0.0,1899.0
condos,condo,725000.0,950.0,1.0,2.0,2.0,2.0,2.0,0.0,1990.0
condos,condo,995000.0,1252.0,1.0,2.0,2.0,2.0,2.0,1.0,1994.0
single_family,NA,379000.0,1543.0,1.0,3.0,2.0,2.0,2.0,2.0,1992.0
single_family,NA,550000.0,1189.0,1.0,3.0,2.0,2.0,2.0,2.0,1979.0
single_family,NA,825000.0,2302.0,1.0,4.0,3.0,3.0,3.0,2.0,1989.0
single_family,NA,394900.0,1515.0,1.0,4.0,2.0,2.0,2.0,2.0,2021.0
condos,condo,949000.0,1475.0,1.0,2.0,2.0,2.0,2.0,1.0,1964.0
condos,condo,1100000.0,1679.0,2.0,3.0,3.0,2.0,2.0,2.0,2000.0
single_family,NA,2498000.0,2086.0,2.0,3.0,3.0,2.0,2.0,2.0,1980.0
single_family,NA,2650000.0,3243.0,3.0,4.0,5.0,4.0,4.0,1.0,1982.0
single_family,NA,998000.0,1856.0,2.0,3.0,3.0,2.0,2.0,0.0,1988.0
single_family,NA,425000.0,974.0,1.0,2.0,1.0,1.0,1.0,0.0,1940.0
single_family,NA,325000.0,1998.0,2.0,3.0,2.0,2.0,2.0,0.0,1956.0
mobile,NA,34500.0,720.0,1.0,2.0,1.0,1.0,1.0,1.0,1975.0
single_family,NA,1299000.0,2953.0,2.0,7.0,4.0,4.0,4.0,0.0,1900.0
single_family,NA,850000.0,1608.0,2.0,3.0,2.0,2.0,2.0,0.0,1977.0
single_family,NA,1499000.0,1930.0,1.0,3.0,2.0,2.0,2.0,1.0,1948.0
single_family,NA,1699000.0,3132.0,2.0,3.0,3.0,2.0,2.0,0.0,2002.0
condos,condo,825000.0,1546.0,1.0,2.0,2.0,2.0,2.0,2.0,1983.0
single_family,NA,335000.0,0.0,1.0,4.0,2.0,2.0,2.0,0.0,1951.0
single_family,NA,2098000.0,3273.0,2.0,4.0,5.0,4.0,4.0,2.0,2014.0
single_family,NA,589900.0,1318.0,1.0,3.0,2.0,2.0,2.0,0.0,1975.0
condos,condo,499999.0,855.0,1.0,2.0,2.0,2.0,2.0,0.0,1986.0
single_family,NA,799000.0,2323.0,1.0,3.0,3.0,2.0,2.0,0.0,2020.0
single_family,NA,349000.0,1372.0,1.0,3.0,2.0,2.0,2.0,0.0,1965.0
single_family,NA,340000.0,1746.0,1.0,4.0,2.0,2.0,2.0,0.0,1984.0
single_family,NA,1148000.0,1184.0,1.0,3.0,2.0,2.0,2.0,1.0,1946.0
single_family,NA,489000.0,2988.0,2.0,5.0,4.0,3.0,3.0,0.0,2021.0
single_family,NA,1295000.0,2086.0,2.0,4.0,2.0,2.0,2.0,1.0,1932.0
single_family,NA,675000.0,2391.0,1.0,3.0,2.0,1.0,2.0,3.0,1990.0
single_family,NA,950000.0,2116.0,1.0,3.0,2.0,2.0,2.0,0.0,2004.0
single_family,NA,330000.0,1515.0,3.0,3.0,2.0,1.0,1.0,0.0,1973.0
condos,condo,424888.0,1223.0,1.0,2.0,2.0,2.0,2.0,0.0,1971.0
single_family,NA,2675000.0,1222.0,1.0,3.0,2.0,2.0,2.0,2.0,1951.0
single_family,NA,500000.0,1922.0,2.0,3.0,3.0,2.0,2.0,0.0,1991.0
condos,condo,1799000.0,3076.0,3.0,4.0,4.0,3.0,3.0,0.0,1969.0
single_family,NA,838000.0,1814.0,1.0,3.0,2.0,2.0,2.0,2.0,1985.0
condos,condo,948000.0,1061.0,1.0,2.0,2.0,2.0,2.0,2.0,2009.0
single_family,NA,1895000.0,2704.0,2.0,5.0,5.0,4.0,4.0,2.0,1958.0
single_family,NA,345000.0,1850.0,1.0,3.0,2.0,2.0,2.0,2.0,2025.0
single_family,NA,719500.0,2264.0,2.0,4.0,3.0,3.0,3.0,2.0,1988.0
single_family,NA,779900.0,2558.0,1.0,5.0,3.0,3.0,3.0,0.0,2025.0
single_family,NA,465000.0,2900.0,1.0,4.0,2.0,2.0,2.0,0.0,1979.0
single_family,NA,619000.0,2476.0,1.0,4.0,2.0,2.0,2.0,0.0,2005.0
single_family,NA,520000.0,1842.0,2.0,3.0,3.0,2.0,2.0,2.0,1988.0
single_family,NA,1250000.0,1230.0,1.0,2.0,2.0,2.0,2.0,2.0,1970.0
single_family,NA,1388000.0,1704.0,1.0,3.0,1.0,1.0,1.0,2.0,1931.0
single_family,NA,1235000.0,3029.0,2.0,4.0,4.0,3.0,3.0,3.0,2003.0
single_family,NA,489900.0,2375.0,1.0,3.0,3.0,3.0,3.0,2.0,1979.0
single_family,NA,1349000.0,1734.0,2.0,3.0,3.0,2.0,2.0,2.0,1998.0
multi_family,NA,1890000.0,2595.0,2.0,4.0,1.0,1.0,1.0,0.0,1907.0
single_family,NA,1745000.0,2398.0,2.0,4.0,3.0,3.0,3.0,3.0,2001.0
single_family,NA,769000.0,1060.0,1.0,3.0,2.0,2.0,2.0,0.0,1963.0
townhomes,townhouse,539999.0,1355.0,2.0,3.0,3.0,3.0,3.0,2.0,1986.0
single_family,NA,1119000.0,2608.0,2.0,5.0,3.0,3.0,3.0,3.0,1995.0
single_family,NA,1599995.0,1630.0,1.0,3.0,2.0,2.0,2.0,2.0,1972.0
single_family,NA,775000.0,2335.0,2.0,4.0,3.0,3.0,3.0,3.0,1998.0
single_family,NA,660000.0,1546.0,2.0,2.0,3.0,2.0,2.0,0.0,1982.0
single_family,NA,888000.0,919.0,2.0,2.0,1.0,1.0,1.0,1.0,1950.0
condos,condo,595000.0,1450.0,2.0,3.0,3.0,3.0,3.0,0.0,2006.0
single_family,NA,688000.0,2223.0,2.0,4.0,3.0,3.0,3.0,3.0,1990.0
condos,condo,875000.0,2125.0,1.0,3.0,4.0,3.0,3.0,2.0,1990.0
single_family,NA,895000.0,1008.0,1.0,2.0,2.0,2.0,2.0,2.0,1971.0
single_family,NA,598000.0,1412.0,1.0,3.0,2.0,2.0,2.0,2.0,2024.0
single_family,NA,2398000.0,2099.0,1.0,4.0,4.0,4.0,4.0,2.0,1957.0
single_family,NA,750000.0,1339.0,1.0,3.0,2.0,2.0,2.0,0.0,1951.0
condos,condo,825000.0,1222.0,1.0,2.0,2.0,2.0,2.0,2.0,1984.0
multi_family,NA,1990000.0,3223.0,2.0,9.0,4.0,4.0,4.0,0.0,1964.0
single_family,NA,275000.0,927.0,1.0,3.0,1.0,1.0,1.0,0.0,1952.0
land,NA,49995.0,0.0,0.0,0.0,0.0,0.0,0.0,0.0,0.0
single_family,NA,458900.0,1852.0,1.0,4.0,2.0,2.0,2.0,3.0,2014.0
single_family,NA,1798880.0,1922.0,1.0,4.0,3.0,2.0,2.0,2.0,1976.0
single_family,NA,949000.0,1542.0,1.0,3.0,2.0,2.0,2.0,2.0,1964.0
single_family,NA,1635000.0,2004.0,2.0,4.0,2.0,2.0,2.0,2.0,1970.0
single_family,NA,1380000.0,1728.0,1.0,4.0,3.0,3.0,3.0,2.0,1963.0
condos,condo,1599000.0,2647.0,2.0,3.0,4.0,2.0,2.0,2.0,2025.0
townhomes,townhouse,925900.0,2080.0,2.0,2.0,3.0,2.0,2.0,2.0,2024.0
single_family,NA,2695000.0,1616.0,1.0,3.0,2.0,2.0,2.0,2.0,1962.0
condos,condo,899000.0,1647.0,1.0,2.0,2.0,2.0,2.0,2.0,2004.0
single_family,NA,899900.0,1308.0,1.0,3.0,2.0,2.0,2.0,2.0,1957.0
single_family,NA,378000.0,2344.0,2.0,4.0,3.0,3.0,3.0,2.0,1979.0
single_family,NA,2699000.0,3159.0,2.0,4.0,4.0,3.0,3.0,3.0,2001.0
single_family,NA,819999.0,1204.0,1.0,3.0,2.0,2.0,2.0,2.0,1958.0
townhomes,townhouse,1599990.0,1421.0,3.0,3.0,3.0,3.0,3.0,2.0,1997.0
townhomes,townhouse,725000.0,1335.0,3.0,3.0,3.0,3.0,3.0,2.0,2007.0
single_family,NA,899000.0,1871.0,2.0,3.0,3.0,2.0,2.0,2.0,1991.0
condos,condo,799000.0,1070.0,1.0,2.0,2.0,2.0,2.0,1.0,1984.0
single_family,NA,1395000.0,1488.0,1.0,3.0,2.0,2.0,2.0,2.0,2013.0
condos,condo,570000.0,1798.0,2.0,2.0,2.0,0.0,2.0,1.0,1980.0
mobile,NA,315000.0,1320.0,1.0,3.0,2.0,2.0,2.0,2.0,1986.0
single_family,NA,885000.0,3791.0,2.0,5.0,5.0,4.0,4.0,2.0,2007.0
single_family,NA,534900.0,2142.0,1.0,4.0,2.0,2.0,2.0,0.0,1994.0
single_family,NA,550000.0,916.0,1.0,2.0,1.0,1.0,1.0,0.0,1948.0
single_family,NA,1150000.0,2239.0,2.0,4.0,3.0,2.0,2.0,0.0,1960.0
single_family,NA,1895000.0,1860.0,2.0,3.0,3.0,3.0,3.0,1.0,1939.0
single_family,NA,505000.0,1128.0,1.0,3.0,2.0,2.0,2.0,0.0,1971.0
single_family,NA,649999.0,1996.0,2.0,3.0,3.0,2.0,2.0,2.0,2005.0
single_family,NA,424000.0,1820.0,1.0,3.0,2.0,1.0,2.0,2.0,2019.0
single_family,NA,599999.0,2988.0,2.0,4.0,3.0,3.0,3.0,0.0,2018.0
single_family,NA,995000.0,1702.0,1.0,3.0,2.0,2.0,2.0,2.0,1987.0
condos,condo,499000.0,813.0,1.0,2.0,1.0,1.0,1.0,0.0,1981.0
single_family,NA,349000.0,924.0,1.0,2.0,2.0,2.0,2.0,2.0,1984.0
condos,condo,399000.0,1245.0,1.0,2.0,2.0,2.0,2.0,2.0,1989.0
townhomes,townhouse,749000.0,1193.0,2.0,3.0,3.0,2.0,2.0,2.0,1972.0
single_family,NA,535000.0,2052.0,2.0,4.0,3.0,2.0,2.0,2.0,2020.0
single_family,NA,539000.0,1665.0,1.0,3.0,2.0,2.0,2.0,2.0,1991.0
single_family,NA,765000.0,3330.0,2.0,5.0,4.0,3.0,3.0,3.0,2014.0
single_family,NA,1299888.0,1180.0,1.0,4.0,2.0,2.0,2.0,2.0,1962.0
single_family,NA,539900.0,1824.0,1.0,3.0,2.0,2.0,2.0,2.0,2006.0
townhomes,townhouse,665000.0,1455.0,2.0,4.0,3.0,2.0,2.0,2.0,1981.0
single_family,NA,2495000.0,2955.0,2.0,4.0,4.0,4.0,4.0,2.0,1954.0
single_family,NA,1598000.0,1670.0,1.0,3.0,2.0,2.0,2.0,2.0,1980.0
condos,condo,585000.0,894.0,1.0,1.0,1.0,1.0,1.0,1.0,2005.0
single_family,NA,850000.0,2610.0,1.0,3.0,4.0,1.0,3.0,2.0,1998.0
condos,condo,399000.0,820.0,1.0,2.0,2.0,2.0,2.0,0.0,1978.0
single_family,NA,1099000.0,2260.0,1.0,4.0,3.0,3.0,3.0,4.0,1986.0
single_family,NA,470000.0,2338.0,2.0,4.0,3.0,3.0,3.0,0.0,2016.0
condos,condo,395000.0,1330.0,1.0,2.0,2.0,2.0,2.0,2.0,1991.0
single_family,NA,419000.0,1671.0,1.0,3.0,2.0,2.0,2.0,2.0,2017.0
condos,condo,339000.0,1073.0,1.0,1.0,2.0,2.0,2.0,0.0,1977.0
single_family,NA,765000.0,1481.0,1.0,4.0,2.0,2.0,2.0,0.0,1960.0
condos,condo,655000.0,934.0,1.0,2.0,2.0,2.0,2.0,2.0,1987.0
single_family,NA,365000.0,1340.0,1.0,2.0,2.0,2.0,2.0,2.0,1999.0
mobile,NA,249000.0,1440.0,1.0,3.0,2.0,2.0,2.0,0.0,1979.0
condos,condo,510000.0,1029.0,1.0,2.0,2.0,1.0,2.0,2.0,1984.0
condos,condo,450000.0,1080.0,1.0,2.0,2.0,2.0,2.0,2.0,1983.0
condos,condo,2195000.0,1230.0,1.0,2.0,2.0,2.0,2.0,2.0,1973.0
single_family,NA,1009000.0,3813.0,1.0,3.0,5.0,2.0,3.0,3.0,1983.0
single_family,NA,3388000.0,3292.0,2.0,5.0,4.0,3.0,3.0,3.0,1998.0
single_family,NA,789000.0,2316.0,1.0,3.0,2.0,2.0,2.0,2.0,1970.0
condos,condo,395000.0,1312.0,1.0,2.0,2.0,2.0,2.0,2.0,1988.0
single_family,NA,529999.0,1435.0,1.0,3.0,2.0,2.0,2.0,0.0,1954.0
condos,condo,539000.0,1233.0,1.0,2.0,2.0,2.0,2.0,0.0,1985.0
single_family,NA,748000.0,1164.0,1.0,3.0,2.0,2.0,2.0,2.0,1956.0
single_family,NA,1358000.0,1720.0,1.0,4.0,2.0,2.0,2.0,2.0,1968.0
single_family,NA,1098888.0,990.0,1.0,3.0,1.0,1.0,1.0,0.0,1951.0
single_family,NA,699000.0,936.0,1.0,2.0,1.0,1.0,1.0,1.0,1926.0
single_family,NA,1300000.0,2009.0,1.0,3.0,3.0,3.0,3.0,2.0,1958.0
single_family,NA,949000.0,1683.0,1.0,3.0,2.0,2.0,2.0,0.0,1956.0
townhomes,townhouse,559000.0,864.0,1.0,2.0,1.0,1.0,1.0,0.0,1985.0
single_family,NA,400000.0,1200.0,1.0,3.0,2.0,2.0,2.0,2.0,1993.0
single_family,NA,385000.0,1565.0,1.0,4.0,2.0,2.0,2.0,0.0,1960.0
single_family,NA,515000.0,1620.0,1.0,3.0,2.0,2.0,2.0,0.0,1990.0
single_family,NA,998000.0,1582.0,2.0,3.0,3.0,2.0,2.0,2.0,1978.0
single_family,NA,3295000.0,3157.0,1.0,3.0,2.0,2.0,2.0,3.0,1981.0
single_family,NA,919000.0,1717.0,1.0,3.0,2.0,2.0,2.0,2.0,1977.0
condos,condo,569000.0,1170.0,1.0,3.0,2.0,2.0,2.0,2.0,1986.0
single_family,NA,444000.0,1114.0,2.0,2.0,1.0,1.0,1.0,1.0,1908.0
condo_townhome_rowhome_coop,townhouse,850000.0,1332.0,3.0,3.0,2.0,2.0,2.0,0.0,1974.0
condos,condo,359000.0,1178.0,2.0,2.0,2.0,2.0,2.0,0.0,1985.0
single_family,NA,1899900.0,1660.0,1.0,4.0,3.0,3.0,3.0,2.0,1955.0
single_family,NA,449999.0,1539.0,1.0,3.0,2.0,2.0,2.0,2.0,1947.0
single_family,NA,575000.0,2581.0,2.0,4.0,3.0,3.0,3.0,3.0,1992.0
condos,condo,419000.0,1464.0,2.0,1.0,1.0,1.0,1.0,0.0,1930.0
single_family,NA,685000.0,937.0,1.0,2.0,2.0,2.0,2.0,0.0,1918.0
single_family,NA,425000.0,1819.0,1.0,3.0,2.0,2.0,2.0,2.0,1986.0
condos,condo,385000.0,806.0,1.0,2.0,1.0,1.0,1.0,1.0,1985.0
single_family,NA,2388000.0,1214.0,1.0,3.0,2.0,2.0,2.0,2.0,1954.0
condos,condo,1299000.0,1645.0,1.0,2.0,2.0,2.0,2.0,2.0,1965.0
single_family,NA,825000.0,1572.0,1.0,3.0,2.0,2.0,2.0,2.0,1958.0
single_family,NA,1199900.0,2030.0,1.0,4.0,2.0,2.0,2.0,3.0,1976.0
single_family,NA,379000.0,1874.0,1.0,3.0,2.0,2.0,2.0,2.0,1989.0
condos,condo,375000.0,664.0,1.0,1.0,1.0,1.0,1.0,0.0,1995.0
single_family,NA,849888.0,838.0,1.0,2.0,2.0,2.0,2.0,1.0,1920.0
condos,condo,899800.0,1763.0,2.0,4.0,3.0,2.0,2.0,2.0,1978.0
single_family,NA,698800.0,1092.0,1.0,3.0,1.0,1.0,1.0,2.0,1953.0
condos,condo,209000.0,771.0,1.0,1.0,1.0,1.0,1.0,0.0,1973.0
single_family,NA,1325000.0,3070.0,2.0,4.0,4.0,2.0,2.0,3.0,1985.0
single_family,NA,419900.0,1743.0,1.0,3.0,2.0,2.0,2.0,0.0,1991.0
land,NA,39999.0,0.0,0.0,0.0,0.0,0.0,0.0,0.0,0.0
condos,condo,489900.0,1122.0,1.0,2.0,2.0,2.0,2.0,2.0,1990.0
single_family,NA,308500.0,1048.0,1.0,2.0,2.0,2.0,2.0,0.0,1963.0
single_family,NA,430000.0,527.0,1.0,3.0,1.0,1.0,1.0,1.0,1890.0
single_family,NA,898000.0,2003.0,1.0,4.0,2.0,2.0,2.0,2.0,1966.0
single_family,NA,510000.0,1256.0,1.0,3.0,2.0,2.0,2.0,0.0,1966.0
single_family,NA,4200000.0,1660.0,1.0,3.0,2.0,2.0,2.0,0.0,1954.0
single_family,NA,399000.0,1716.0,1.0,4.0,2.0,2.0,2.0,0.0,2007.0
single_family,NA,1499000.0,1640.0,2.0,3.0,2.0,1.0,1.0,0.0,1961.0
single_family,NA,209900.0,1170.0,1.0,3.0,2.0,2.0,2.0,4.0,1949.0
land,NA,85000.0,0.0,0.0,0.0,0.0,0.0,0.0,0.0,0.0
single_family,NA,984900.0,1275.0,1.0,3.0,2.0,2.0,2.0,2.0,1974.0
single_family,NA,379900.0,1560.0,1.0,3.0,2.0,2.0,2.0,2.0,1967.0
single_family,NA,799000.0,1220.0,1.0,3.0,2.0,2.0,2.0,2.0,1976.0
single_family,NA,619000.0,1043.0,1.0,3.0,2.0,2.0,2.0,1.0,1952.0
single_family,NA,437990.0,0.0,1.0,4.0,2.0,2.0,2.0,0.0,2025.0
single_family,NA,899999.0,1175.0,1.0,3.0,2.0,2.0,2.0,2.0,1955.0
single_family,NA,365000.0,1857.0,1.0,3.0,2.0,2.0,2.0,0.0,1961.0
single_family,NA,650000.0,2044.0,1.0,3.0,3.0,3.0,3.0,5.0,2004.0
single_family,NA,1350000.0,2090.0,1.0,4.0,2.0,2.0,2.0,2.0,1976.0
single_family,NA,474990.0,0.0,1.0,4.0,2.0,2.0,2.0,0.0,2025.0
condos,condo,287000.0,709.0,2.0,1.0,1.0,1.0,1.0,0.0,1974.0
land,NA,120000.0,0.0,0.0,0.0,0.0,0.0,0.0,0.0,0.0
condos,condo,260000.0,700.0,1.0,1.0,1.0,1.0,1.0,0.0,1972.0
condos,condo,450000.0,704.0,2.0,1.0,1.0,1.0,1.0,0.0,2006.0
townhomes,townhouse,1988000.0,2381.0,2.0,2.0,3.0,2.0,2.0,2.0,1965.0
land,NA,197500.0,0.0,0.0,0.0,0.0,0.0,0.0,0.0,0.0
single_family,NA,340000.0,816.0,1.0,2.0,1.0,1.0,1.0,0.0,1951.0
land,NA,7000.0,0.0,0.0,0.0,0.0,0.0,0.0,0.0,0.0
single_family,NA,1499000.0,1140.0,1.0,3.0,1.0,1.0,1.0,2.0,1946.0
mobile,NA,183000.0,987.0,1.0,2.0,2.0,2.0,2.0,0.0,1990.0
single_family,NA,4498000.0,2212.0,1.0,4.0,3.0,2.0,2.0,2.0,1957.0
single_family,NA,499000.0,1474.0,1.0,3.0,1.0,1.0,1.0,0.0,1890.0
townhomes,townhouse,1099990.0,2338.0,3.0,4.0,3.0,3.0,3.0,0.0,2025.0
condos,condo,489900.0,1303.0,1.0,2.0,2.0,2.0,2.0,2.0,1980.0
single_family,NA,199000.0,0.0,1.0,2.0,1.0,1.0,1.0,1.0,1984.0
single_family,NA,515990.0,1979.0,1.0,4.0,3.0,3.0,3.0,0.0,2026.0
townhomes,townhouse,925000.0,1967.0,3.0,3.0,3.0,2.0,2.0,0.0,1982.0
land,NA,59950.0,0.0,0.0,0.0,0.0,0.0,0.0,0.0,0.0
single_family,NA,8900000.0,8234.0,5.0,6.0,8.0,6.0,6.0,3.0,1983.0
single_family,NA,630000.0,1709.0,1.0,4.0,2.0,2.0,2.0,2.0,1940.0
single_family,NA,1395000.0,1958.0,2.0,3.0,2.0,2.0,2.0,0.0,1964.0
single_family,NA,1049000.0,2831.0,1.0,4.0,4.0,4.0,4.0,0.0,1974.0
single_family,NA,424000.0,1400.0,1.0,4.0,2.0,2.0,2.0,0.0,1958.0
multi_family,NA,1548000.0,3014.0,2.0,8.0,4.0,4.0,4.0,4.0,1963.0
single_family,NA,220000.0,560.0,1.0,3.0,2.0,2.0,2.0,0.0,1940.0
single_family,NA,819000.0,1517.0,1.0,4.0,2.0,2.0,2.0,2.0,1969.0
land,NA,25000.0,0.0,0.0,0.0,0.0,0.0,0.0,0.0,0.0
single_family,NA,599000.0,1791.0,1.0,2.0,2.0,2.0,2.0,3.0,2000.0
single_family,NA,529900.0,3240.0,2.0,5.0,3.0,3.0,3.0,2.0,2023.0
single_family,NA,1211996.0,3698.0,2.0,5.0,6.0,5.0,5.0,4.0,2026.0
single_family,NA,499000.0,1361.0,1.0,2.0,2.0,2.0,2.0,0.0,1938.0
single_family,NA,450000.0,1765.0,1.0,3.0,2.0,2.0,2.0,2.0,2003.0
land,NA,10000.0,0.0,0.0,0.0,0.0,0.0,0.0,0.0,0.0
single_family,NA,899000.0,1935.0,1.0,3.0,2.0,1.0,1.0,0.0,1948.0
single_family,NA,2028888.0,2810.0,2.0,4.0,3.0,2.0,2.0,3.0,2007.0
land,NA,212000.0,0.0,0.0,0.0,0.0,0.0,0.0,0.0,0.0
single_family,NA,750000.0,1227.0,1.0,4.0,2.0,1.0,1.0,2.0,1961.0
land,NA,20000.0,0.0,0.0,0.0,0.0,0.0,0.0,0.0,0.0
single_family,NA,419900.0,1346.0,1.0,3.0,2.0,2.0,2.0,2.0,1952.0
condos,condo,1049000.0,670.0,1.0,0.0,1.0,1.0,1.0,1.0,1972.0
single_family,NA,423780.0,0.0,1.0,4.0,2.0,2.0,2.0,0.0,2025.0
single_family,NA,540000.0,1943.0,2.0,3.0,3.0,3.0,3.0,0.0,1993.0
single_family,NA,435000.0,960.0,1.0,2.0,2.0,2.0,2.0,0.0,1971.0
single_family,NA,339950.0,1382.0,1.0,4.0,2.0,2.0,2.0,0.0,1993.0
single_family,NA,1695000.0,2700.0,1.0,4.0,3.0,3.0,3.0,2.0,1967.0
single_family,NA,625000.0,1138.0,1.0,3.0,2.0,2.0,2.0,2.0,1974.0
single_family,NA,699999.0,660.0,1.0,3.0,1.0,1.0,1.0,0.0,1952.0
single_family,NA,1500000.0,2464.0,2.0,3.0,3.0,2.0,2.0,0.0,1975.0
single_family,NA,850000.0,2130.0,1.0,4.0,2.0,2.0,2.0,2.0,1970.0
single_family,NA,2698000.0,2393.0,2.0,4.0,4.0,4.0,4.0,2.0,2014.0
single_family,NA,2688000.0,2020.0,2.0,3.0,3.0,3.0,3.0,2.0,1980.0
land,NA,1200000.0,0.0,0.0,0.0,0.0,0.0,0.0,0.0,0.0
single_family,NA,899000.0,2001.0,1.0,3.0,2.0,2.0,2.0,2.0,1960.0
single_family,NA,719900.0,1839.0,2.0,4.0,3.0,3.0,3.0,2.0,2005.0
multi_family,NA,1450000.0,4409.0,2.0,2.0,10.0,2.0,2.0,0.0,1905.0
single_family,NA,990000.0,2144.0,1.0,4.0,2.0,2.0,2.0,2.0,1974.0
single_family,NA,485000.0,1400.0,1.0,3.0,2.0,2.0,2.0,2.0,1906.0
single_family,NA,485000.0,1202.0,1.0,2.0,2.0,2.0,2.0,2.0,1964.0
single_family,NA,1850000.0,3180.0,1.0,4.0,4.0,4.0,4.0,2.0,1947.0
condos,condo,1499000.0,1618.0,2.0,3.0,3.0,2.0,2.0,1.0,1977.0
townhomes,townhouse,1309990.0,1985.0,3.0,4.0,4.0,3.0,3.0,2.0,2025.0
single_family,NA,439900.0,1680.0,1.0,3.0,2.0,2.0,2.0,2.0,1978.0
single_family,NA,919900.0,2481.0,1.0,3.0,3.0,2.0,2.0,2.0,1999.0
townhomes,townhouse,1198000.0,2054.0,3.0,4.0,3.0,3.0,3.0,2.0,1990.0
single_family,NA,699900.0,1893.0,1.0,3.0,2.0,2.0,2.0,2.0,2003.0
single_family,NA,1099999.0,1570.0,1.0,3.0,2.0,1.0,1.0,0.0,1941.0
single_family,NA,1250000.0,1727.0,1.0,3.0,2.0,1.0,2.0,2.0,1958.0
single_family,NA,720000.0,1911.0,1.0,7.0,2.0,2.0,2.0,2.0,1913.0
single_family,NA,499000.0,1676.0,1.0,3.0,2.0,2.0,2.0,2.0,1973.0
single_family,NA,625000.0,1812.0,2.0,4.0,3.0,3.0,3.0,2.0,1970.0
single_family,NA,1700000.0,2230.0,1.0,5.0,3.0,2.0,2.0,2.0,1960.0
single_family,NA,1050000.0,1515.0,1.0,2.0,2.0,2.0,2.0,2.0,1941.0
single_family,NA,459000.0,1500.0,1.0,3.0,3.0,2.0,3.0,0.0,2023.0
single_family,NA,1025000.0,2137.0,2.0,5.0,3.0,3.0,3.0,2.0,2015.0
single_family,NA,499900.0,1375.0,2.0,3.0,3.0,2.0,2.0,2.0,2023.0
single_family,NA,840000.0,1390.0,3.0,2.0,3.0,2.0,2.0,2.0,2023.0
single_family,NA,1400000.0,2688.0,2.0,6.0,3.0,3.0,3.0,2.0,1971.0
single_family,NA,2559000.0,3653.0,2.0,5.0,4.0,4.0,4.0,3.0,1981.0
single_family,NA,1169000.0,1178.0,1.0,3.0,2.0,2.0,2.0,2.0,1973.0
single_family,NA,1950000.0,2694.0,1.0,4.0,3.0,1.0,3.0,2.0,1960.0
single_family,NA,2195000.0,3653.0,2.0,5.0,3.0,3.0,3.0,3.0,1980.0
single_family,NA,1550000.0,2668.0,2.0,4.0,3.0,1.0,3.0,3.0,1996.0
single_family,NA,499900.0,1776.0,1.0,3.0,2.0,2.0,2.0,2.0,1954.0
condos,condo,619000.0,1358.0,2.0,3.0,3.0,2.0,2.0,2.0,1985.0
single_family,NA,420000.0,1823.0,1.0,4.0,2.0,2.0,2.0,2.0,1948.0
single_family,NA,819000.0,1324.0,1.0,4.0,2.0,2.0,2.0,2.0,1978.0
single_family,NA,529900.0,1473.0,1.0,2.0,2.0,2.0,2.0,2.0,2000.0
mobile,NA,475000.0,1856.0,1.0,3.0,2.0,2.0,2.0,3.0,1986.0
condos,condo,469888.0,672.0,1.0,1.0,1.0,1.0,1.0,0.0,1983.0
single_family,NA,460000.0,2163.0,1.0,4.0,2.0,2.0,2.0,3.0,2001.0
single_family,NA,360000.0,1190.0,1.0,3.0,2.0,2.0,2.0,2.0,1980.0
single_family,NA,200000.0,688.0,1.0,1.0,1.0,1.0,1.0,0.0,1990.0
single_family,NA,899950.0,936.0,1.0,2.0,1.0,1.0,1.0,1.0,1936.0
single_family,NA,649000.0,1926.0,2.0,3.0,3.0,3.0,3.0,0.0,1987.0
condos,condo,455000.0,1484.0,2.0,3.0,3.0,2.0,2.0,2.0,2024.0
single_family,NA,589000.0,2577.0,2.0,3.0,3.0,2.0,2.0,3.0,2000.0
single_family,NA,2295000.0,3320.0,2.0,4.0,4.0,3.0,3.0,2.0,1960.0
single_family,NA,2950000.0,1891.0,1.0,4.0,3.0,3.0,3.0,2.0,1956.0
single_family,NA,749500.0,1006.0,1.0,2.0,1.0,1.0,1.0,2.0,1940.0
single_family,NA,515000.0,1052.0,1.0,3.0,2.0,2.0,2.0,2.0,1989.0
condos,condo,499000.0,929.0,3.0,1.0,2.0,2.0,2.0,1.0,1965.0
single_family,NA,869000.0,2582.0,2.0,4.0,4.0,3.0,3.0,2.0,1987.0
single_family,NA,875000.0,3177.0,2.0,4.0,4.0,3.0,3.0,3.0,2006.0
single_family,NA,1698000.0,2384.0,2.0,4.0,4.0,4.0,4.0,3.0,1999.0
single_family,NA,1049900.0,2224.0,2.0,4.0,3.0,2.0,2.0,2.0,1989.0
single_family,NA,625000.0,2056.0,2.0,3.0,3.0,2.0,2.0,2.0,1996.0
single_family,NA,1060000.0,1522.0,2.0,3.0,3.0,1.0,2.0,2.0,1987.0
single_family,NA,1890000.0,2827.0,1.0,5.0,3.0,3.0,3.0,2.0,1953.0
single_family,NA,3980000.0,2758.0,2.0,4.0,4.0,4.0,4.0,2.0,2024.0
single_family,NA,1750000.0,3028.0,2.0,5.0,3.0,3.0,3.0,3.0,1991.0
mobile,NA,130000.0,1440.0,1.0,2.0,2.0,2.0,2.0,0.0,1987.0
single_family,NA,3499000.0,4698.0,2.0,4.0,6.0,5.0,5.0,2.0,1997.0
single_family,NA,1300000.0,2088.0,1.0,3.0,3.0,2.0,2.0,3.0,1999.0
single_family,NA,532000.0,1873.0,1.0,2.0,2.0,2.0,2.0,2.0,2002.0
single_family,NA,549900.0,1888.0,1.0,3.0,2.0,2.0,2.0,2.0,2025.0
single_family,NA,1399000.0,1595.0,1.0,3.0,2.0,2.0,2.0,2.0,1997.0
single_family,NA,1298888.0,1731.0,2.0,3.0,3.0,2.0,2.0,3.0,1987.0
single_family,NA,730000.0,2301.0,2.0,4.0,3.0,2.0,3.0,2.0,2017.0
single_family,NA,594000.0,1406.0,1.0,3.0,2.0,2.0,2.0,0.0,1949.0
condos,condo,325500.0,816.0,1.0,2.0,2.0,1.0,2.0,0.0,1975.0
single_family,NA,745000.0,2240.0,2.0,6.0,3.0,3.0,3.0,2.0,2008.0
single_family,NA,1528888.0,1232.0,1.0,3.0,2.0,2.0,2.0,2.0,1966.0
single_family,NA,1325000.0,1327.0,1.0,3.0,2.0,2.0,2.0,2.0,1949.0
single_family,NA,769000.0,2266.0,1.0,2.0,3.0,2.0,2.0,2.0,2025.0
single_family,NA,2999000.0,3044.0,2.0,4.0,4.0,3.0,3.0,2.0,1954.0
single_family,NA,639900.0,1975.0,1.0,3.0,2.0,2.0,2.0,2.0,2006.0
single_family,NA,849000.0,2201.0,3.0,4.0,2.0,2.0,2.0,2.0,1945.0
single_family,NA,899000.0,2951.0,2.0,5.0,5.0,3.0,5.0,0.0,1989.0
single_family,NA,745000.0,1512.0,1.0,4.0,2.0,1.0,2.0,2.0,1948.0
single_family,NA,989000.0,4151.0,2.0,5.0,6.0,5.0,6.0,3.0,2007.0
single_family,NA,899000.0,1616.0,1.0,3.0,2.0,2.0,2.0,2.0,1954.0
multi_family,NA,2150000.0,9460.0,2.0,15.0,16.0,2.0,2.0,0.0,1976.0
townhomes,townhouse,629999.0,1105.0,2.0,2.0,3.0,2.0,2.0,2.0,1982.0
single_family,NA,1225000.0,4592.0,2.0,4.0,5.0,4.0,4.0,4.0,2017.0
single_family,NA,400000.0,1777.0,1.0,2.0,2.0,1.0,2.0,2.0,1974.0
single_family,NA,989999.0,1508.0,1.0,4.0,2.0,2.0,2.0,2.0,1958.0
single_family,NA,150000.0,1408.0,1.0,2.0,2.0,2.0,2.0,2.0,1993.0
multi_family,NA,1600000.0,3052.0,2.0,7.0,4.0,4.0,4.0,0.0,1972.0
single_family,NA,409900.0,936.0,1.0,3.0,1.0,1.0,1.0,1.0,1956.0
single_family,NA,579990.0,2059.0,2.0,4.0,3.0,3.0,3.0,2.0,2026.0
mobile,NA,69999.0,768.0,1.0,2.0,1.0,1.0,1.0,0.0,1982.0
townhomes,townhouse,540000.0,1366.0,2.0,3.0,3.0,2.0,2.0,2.0,2007.0
single_family,NA,369000.0,1440.0,2.0,3.0,1.0,1.0,1.0,0.0,1963.0
single_family,NA,949000.0,1778.0,1.0,3.0,2.0,1.0,2.0,2.0,1955.0
single_family,NA,1325000.0,1308.0,1.0,4.0,2.0,2.0,2.0,2.0,1972.0
land,NA,3100000.0,0.0,0.0,0.0,0.0,0.0,0.0,0.0,0.0
condos,condo,649998.0,1040.0,1.0,1.0,1.0,1.0,1.0,2.0,1984.0
single_family,NA,795000.0,2744.0,2.0,5.0,4.0,3.0,3.0,0.0,2017.0
single_family,NA,974000.0,2384.0,2.0,4.0,3.0,3.0,3.0,2.0,2008.0
single_family,NA,736433.0,2973.0,2.0,5.0,4.0,3.0,3.0,2.0,2025.0
single_family,NA,2795000.0,2082.0,2.0,4.0,3.0,2.0,2.0,2.0,1968.0
condos,condo,1013400.0,1162.0,1.0,2.0,2.0,1.0,2.0,0.0,2024.0
single_family,NA,440000.0,1712.0,2.0,3.0,3.0,2.0,2.0,2.0,2005.0
single_family,NA,550000.0,3358.0,3.0,4.0,3.0,3.0,3.0,2.0,1992.0
mobile,NA,45000.0,1040.0,1.0,2.0,1.0,1.0,1.0,0.0,1968.0
single_family,NA,535000.0,1270.0,1.0,3.0,2.0,2.0,2.0,2.0,1985.0
single_family,NA,1250000.0,2380.0,2.0,4.0,3.0,3.0,3.0,3.0,1979.0
single_family,NA,825000.0,2422.0,2.0,5.0,3.0,3.0,3.0,3.0,2000.0
land,NA,2399000.0,0.0,0.0,0.0,0.0,0.0,0.0,0.0,0.0
condos,condo,775000.0,1255.0,2.0,2.0,2.0,2.0,2.0,1.0,1986.0
single_family,NA,549900.0,1664.0,1.0,3.0,2.0,2.0,2.0,2.0,1923.0
single_family,NA,719000.0,2586.0,2.0,4.0,3.0,2.0,2.0,2.0,1986.0
single_family,NA,749900.0,2788.0,2.0,4.0,3.0,3.0,3.0,2.0,2005.0
land,NA,35000.0,0.0,0.0,0.0,0.0,0.0,0.0,0.0,0.0
mobile,NA,265000.0,1680.0,1.0,2.0,2.0,2.0,2.0,2.0,1984.0
single_family,NA,649999.0,1234.0,1.0,3.0,1.0,1.0,1.0,1.0,1954.0
single_family,NA,419000.0,1644.0,1.0,4.0,3.0,2.0,2.0,0.0,2007.0
condos,condo,599900.0,1654.0,2.0,3.0,3.0,2.0,2.0,2.0,2003.0
single_family,NA,725000.0,1844.0,1.0,4.0,2.0,2.0,2.0,2.0,1990.0
townhomes,townhouse,685000.0,1159.0,2.0,3.0,2.0,1.0,2.0,2.0,1973.0
condos,condo,250000.0,601.0,1.0,1.0,1.0,1.0,1.0,0.0,1990.0
condos,condo,569888.0,863.0,1.0,2.0,1.0,1.0,1.0,0.0,1979.0
single_family,NA,980000.0,1282.0,1.0,3.0,1.0,1.0,1.0,2.0,1948.0
single_family,NA,735000.0,1437.0,1.0,4.0,2.0,2.0,2.0,2.0,1969.0
single_family,NA,695000.0,1572.0,1.0,4.0,2.0,2.0,2.0,2.0,1980.0
multi_family,NA,2799000.0,3460.0,3.0,6.0,4.0,4.0,4.0,2.0,1930.0
single_family,NA,289900.0,1011.0,1.0,3.0,1.0,1.0,1.0,2.0,1972.0
condos,condo,768000.0,1388.0,3.0,2.0,2.0,2.0,2.0,1.0,2001.0
single_family,NA,1995000.0,1924.0,1.0,4.0,2.0,2.0,2.0,2.0,1948.0
single_family,NA,370000.0,1306.0,1.0,3.0,2.0,2.0,2.0,2.0,1975.0
condos,condo,169000.0,826.0,2.0,2.0,1.0,1.0,1.0,0.0,1985.0
mobile,NA,425000.0,1721.0,1.0,3.0,2.0,2.0,2.0,0.0,1999.0
single_family,NA,749950.0,2374.0,1.0,4.0,4.0,3.0,3.0,3.0,2017.0
single_family,NA,1800000.0,2344.0,1.0,5.0,3.0,3.0,3.0,2.0,1950.0
single_family,NA,849000.0,1466.0,1.0,2.0,1.0,1.0,1.0,2.0,1927.0
townhomes,townhouse,399000.0,1696.0,2.0,3.0,2.0,2.0,2.0,1.0,1981.0
single_family,NA,769000.0,2977.0,2.0,3.0,3.0,3.0,3.0,3.0,1984.0
single_family,NA,775000.0,1080.0,1.0,3.0,1.0,1.0,1.0,2.0,1947.0
single_family,NA,915000.0,2018.0,2.0,4.0,3.0,2.0,3.0,2.0,2000.0
single_family,NA,399999.0,1514.0,1.0,3.0,2.0,2.0,2.0,2.0,1983.0
single_family,NA,635000.0,1443.0,2.0,3.0,3.0,2.0,2.0,2.0,1998.0
single_family,NA,674900.0,2743.0,2.0,4.0,3.0,2.0,2.0,2.0,2006.0
single_family,NA,290000.0,868.0,1.0,2.0,1.0,1.0,1.0,0.0,1938.0
single_family,NA,2980000.0,4344.0,2.0,5.0,6.0,5.0,5.0,2.0,2006.0
single_family,NA,415000.0,1011.0,1.0,2.0,2.0,2.0,2.0,1.0,2005.0
single_family,NA,749900.0,1246.0,1.0,3.0,2.0,2.0,2.0,2.0,1992.0
single_family,NA,1049000.0,3401.0,2.0,4.0,5.0,4.0,4.0,3.0,2005.0
single_family,NA,749000.0,2176.0,1.0,3.0,2.0,2.0,2.0,3.0,1999.0
single_family,NA,2599000.0,4700.0,2.0,4.0,5.0,4.0,4.0,2.0,2007.0
single_family,NA,8495000.0,4246.0,2.0,5.0,7.0,6.0,6.0,2.0,2025.0
single_family,NA,998000.0,2001.0,2.0,4.0,3.0,3.0,3.0,2.0,1976.0
single_family,NA,670000.0,1192.0,1.0,3.0,1.0,1.0,1.0,2.0,1928.0
single_family,NA,1345000.0,2045.0,1.0,3.0,3.0,0.0,3.0,2.0,1975.0
single_family,NA,415000.0,1357.0,1.0,3.0,2.0,2.0,2.0,2.0,1990.0
single_family,NA,849000.0,2372.0,1.0,4.0,3.0,3.0,3.0,3.0,1999.0
land,NA,1590000.0,0.0,0.0,0.0,0.0,0.0,0.0,0.0,0.0
mobile,NA,1124000.0,2416.0,1.0,4.0,3.0,3.0,3.0,3.0,2001.0
single_family,NA,649900.0,3581.0,2.0,5.0,4.0,3.0,3.0,3.0,2006.0
single_family,NA,569990.0,1985.0,2.0,3.0,3.0,2.0,2.0,2.0,2024.0
single_family,NA,485000.0,984.0,1.0,2.0,1.0,1.0,1.0,2.0,1984.0
single_family,NA,3998000.0,3069.0,1.0,4.0,4.0,3.0,3.0,2.0,1972.0
single_family,NA,749000.0,680.0,1.0,1.0,1.0,1.0,1.0,1.0,1923.0
single_family,NA,2945000.0,4400.0,2.0,6.0,8.0,6.0,6.0,2.0,1958.0
single_family,NA,535000.0,1322.0,1.0,3.0,2.0,2.0,2.0,2.0,1986.0
single_family,NA,755000.0,3462.0,2.0,5.0,3.0,3.0,3.0,3.0,2022.0
single_family,NA,1500000.0,2450.0,1.0,3.0,3.0,2.0,3.0,2.0,1955.0
single_family,NA,719900.0,1384.0,1.0,3.0,2.0,1.0,1.0,2.0,1955.0
single_family,NA,1475000.0,2599.0,1.0,5.0,4.0,4.0,4.0,2.0,1962.0
single_family,NA,534950.0,1800.0,1.0,4.0,2.0,2.0,2.0,2.0,1991.0
single_family,NA,700000.0,1446.0,1.0,3.0,2.0,2.0,2.0,2.0,1969.0
single_family,NA,690000.0,2250.0,2.0,4.0,3.0,3.0,3.0,2.0,2005.0
single_family,NA,1325000.0,1845.0,2.0,3.0,3.0,2.0,2.0,2.0,1987.0
single_family,NA,539000.0,1269.0,1.0,2.0,2.0,2.0,2.0,2.0,1978.0
single_family,NA,3950000.0,2080.0,1.0,3.0,3.0,2.0,2.0,2.0,1908.0
land,NA,100000.0,0.0,0.0,0.0,0.0,0.0,0.0,0.0,0.0
single_family,NA,450000.0,2667.0,2.0,4.0,3.0,3.0,3.0,3.0,2009.0
single_family,NA,449999.0,613.0,1.0,2.0,1.0,1.0,1.0,1.0,1949.0
condos,condo,1079000.0,1442.0,1.0,2.0,2.0,2.0,2.0,2.0,1987.0
single_family,NA,899900.0,1319.0,1.0,3.0,2.0,2.0,2.0,1.0,1954.0
single_family,NA,659900.0,1482.0,2.0,3.0,3.0,2.0,2.0,2.0,1981.0
single_family,NA,1799000.0,2846.0,3.0,4.0,4.0,4.0,4.0,2.0,2018.0
single_family,NA,329000.0,996.0,1.0,2.0,2.0,2.0,2.0,2.0,2003.0
single_family,NA,1868000.0,1220.0,1.0,3.0,2.0,2.0,2.0,2.0,1962.0
single_family,NA,1070000.0,1130.0,1.0,3.0,2.0,2.0,2.0,2.0,1953.0
single_family,NA,2038888.0,2877.0,2.0,4.0,4.0,4.0,4.0,3.0,2007.0
single_family,NA,930000.0,1173.0,1.0,3.0,2.0,2.0,2.0,2.0,1950.0
single_family,NA,1450000.0,1260.0,2.0,3.0,3.0,1.0,2.0,2.0,1965.0
single_family,NA,714900.0,1657.0,1.0,3.0,3.0,3.0,3.0,1.0,1940.0
mobile,NA,259000.0,1616.0,1.0,2.0,2.0,2.0,2.0,2.0,1981.0
single_family,NA,430000.0,2058.0,3.0,4.0,3.0,1.0,3.0,0.0,1953.0
mobile,NA,557000.0,1056.0,1.0,2.0,2.0,2.0,2.0,1.0,1982.0
land,NA,219000.0,0.0,0.0,0.0,0.0,0.0,0.0,0.0,0.0
single_family,NA,446990.0,1678.0,2.0,4.0,3.0,0.0,2.0,2.0,2025.0
land,NA,325000.0,0.0,0.0,0.0,0.0,0.0,0.0,0.0,0.0
single_family,NA,435000.0,1200.0,1.0,3.0,2.0,2.0,2.0,2.0,1992.0
single_family,NA,850000.0,1248.0,1.0,4.0,2.0,2.0,2.0,2.0,1971.0
single_family,NA,2288000.0,2405.0,1.0,4.0,3.0,2.0,2.0,3.0,1997.0
single_family,NA,1899900.0,2743.0,1.0,5.0,3.0,3.0,3.0,2.0,1939.0
townhomes,townhouse,950000.0,1292.0,2.0,2.0,3.0,2.0,2.0,2.0,1985.0
single_family,NA,339000.0,990.0,2.0,2.0,2.0,2.0,2.0,0.0,1980.0
mobile,NA,219900.0,1500.0,1.0,3.0,2.0,2.0,2.0,0.0,1970.0
single_family,NA,179999.0,1100.0,1.0,2.0,1.0,1.0,1.0,2.0,1952.0
single_family,NA,810000.0,1894.0,1.0,3.0,2.0,2.0,2.0,2.0,1981.0
land,NA,2650000.0,0.0,0.0,0.0,0.0,0.0,0.0,0.0,0.0
single_family,NA,745000.0,1053.0,1.0,3.0,2.0,1.0,2.0,1.0,1951.0
mobile,NA,54900.0,760.0,1.0,2.0,2.0,1.0,2.0,0.0,1971.0
single_family,NA,769999.0,1040.0,1.0,3.0,2.0,2.0,2.0,2.0,1961.0
condos,condo,615000.0,860.0,1.0,2.0,2.0,2.0,2.0,2.0,2007.0
single_family,NA,3100000.0,2132.0,2.0,3.0,2.0,2.0,2.0,2.0,1934.0
single_family,NA,399000.0,2998.0,2.0,4.0,3.0,3.0,3.0,0.0,1985.0
single_family,NA,529000.0,2140.0,2.0,3.0,3.0,2.0,2.0,3.0,2000.0
single_family,NA,1050000.0,2240.0,2.0,4.0,3.0,3.0,3.0,2.0,1985.0
single_family,NA,1365000.0,2096.0,1.0,4.0,3.0,2.0,2.0,2.0,1967.0
single_family,NA,1299000.0,1604.0,1.0,4.0,2.0,2.0,2.0,2.0,1972.0
single_family,NA,675000.0,855.0,1.0,2.0,1.0,1.0,1.0,2.0,1950.0
townhomes,townhouse,1849000.0,1793.0,3.0,3.0,4.0,3.0,3.0,2.0,1990.0
single_family,NA,397900.0,1632.0,1.0,4.0,2.0,2.0,2.0,0.0,1950.0
single_family,NA,479000.0,1256.0,1.0,3.0,2.0,2.0,2.0,2.0,1990.0
condos,condo,514900.0,1248.0,1.0,3.0,2.0,2.0,2.0,0.0,1972.0
single_family,NA,1325000.0,2703.0,2.0,3.0,4.0,3.0,3.0,3.0,1965.0
single_family,NA,1175000.0,2417.0,2.0,3.0,3.0,2.0,2.0,0.0,1981.0
single_family,NA,1448000.0,2107.0,2.0,4.0,3.0,3.0,3.0,1.0,1953.0
single_family,NA,1988000.0,3211.0,2.0,6.0,3.0,3.0,3.0,4.0,1990.0
single_family,NA,549900.0,2245.0,1.0,3.0,3.0,2.0,3.0,1.0,1950.0
single_family,NA,228000.0,954.0,1.0,2.0,1.0,1.0,1.0,0.0,1980.0
townhomes,townhouse,329900.0,1312.0,2.0,2.0,3.0,2.0,2.0,2.0,1981.0
single_family,NA,54500.0,898.0,1.0,2.0,1.0,1.0,1.0,0.0,1801.0
single_family,NA,575000.0,2640.0,2.0,4.0,3.0,3.0,3.0,3.0,2005.0
single_family,NA,2250000.0,1627.0,1.0,2.0,2.0,2.0,2.0,2.0,1986.0
single_family,NA,525000.0,2572.0,2.0,3.0,3.0,3.0,3.0,2.0,1980.0
single_family,NA,1235000.0,1686.0,1.0,3.0,2.0,2.0,2.0,2.0,1963.0
condos,condo,495000.0,1068.0,2.0,2.0,3.0,2.0,2.0,0.0,1976.0
condos,condo,524990.0,1795.0,2.0,3.0,3.0,2.0,2.0,2.0,2025.0
townhomes,townhouse,499999.0,1078.0,3.0,2.0,3.0,2.0,2.0,2.0,1981.0
single_family,NA,1220000.0,1329.0,1.0,3.0,2.0,2.0,2.0,2.0,1923.0
condos,condo,681051.0,2051.0,2.0,3.0,3.0,2.0,2.0,2.0,2024.0
single_family,NA,1175000.0,1839.0,2.0,4.0,3.0,2.0,2.0,4.0,1986.0
single_family,NA,320000.0,1124.0,1.0,2.0,1.0,1.0,1.0,2.0,1924.0
single_family,NA,1705820.0,1340.0,1.0,3.0,2.0,2.0,2.0,2.0,1964.0
single_family,NA,845000.0,1544.0,1.0,4.0,2.0,2.0,2.0,2.0,1976.0
land,NA,35100.0,0.0,0.0,0.0,0.0,0.0,0.0,0.0,0.0
single_family,NA,1588000.0,2174.0,1.0,3.0,3.0,2.0,2.0,2.0,1947.0
single_family,NA,675000.0,1005.0,1.0,3.0,2.0,1.0,1.0,2.0,1961.0
land,NA,1500000.0,0.0,0.0,0.0,0.0,0.0,0.0,0.0,0.0
single_family,NA,414950.0,1679.0,1.0,3.0,2.0,2.0,2.0,2.0,1990.0
single_family,NA,975000.0,2935.0,1.0,3.0,2.0,2.0,2.0,6.0,1985.0
single_family,NA,295000.0,1176.0,1.0,3.0,2.0,2.0,2.0,2.0,1980.0
single_family,NA,755000.0,2202.0,2.0,4.0,3.0,2.0,2.0,2.0,2005.0
condos,condo,449900.0,642.0,2.0,1.0,2.0,1.0,1.0,0.0,1985.0
single_family,NA,34450000.0,19474.0,3.0,7.0,15.0,15.0,15.0,4.0,2011.0
single_family,NA,278000.0,1662.0,1.0,3.0,2.0,2.0,2.0,2.0,2002.0
condos,condo,269900.0,1200.0,2.0,2.0,2.0,1.0,1.0,0.0,1979.0
single_family,NA,538000.0,2201.0,2.0,4.0,3.0,3.0,3.0,2.0,2024.0
single_family,NA,1395000.0,2467.0,2.0,4.0,3.0,2.0,2.0,3.0,1973.0
single_family,NA,924999.0,1696.0,1.0,4.0,2.0,2.0,2.0,2.0,1966.0
single_family,NA,799900.0,1840.0,2.0,4.0,2.0,2.0,2.0,2.0,1980.0
condos,condo,1200000.0,2054.0,1.0,3.0,3.0,2.0,2.0,0.0,2004.0
condos,condo,399900.0,1012.0,2.0,2.0,2.0,1.0,1.0,1.0,1983.0
condos,condo,839000.0,925.0,1.0,2.0,2.0,2.0,2.0,1.0,1992.0
condos,condo,539999.0,833.0,1.0,2.0,2.0,2.0,2.0,0.0,1992.0
condos,condo,449999.0,925.0,1.0,2.0,2.0,2.0,2.0,2.0,1980.0
single_family,NA,999900.0,3306.0,2.0,4.0,3.0,3.0,3.0,3.0,2017.0
single_family,NA,679900.0,2581.0,1.0,4.0,3.0,3.0,3.0,2.0,1952.0
single_family,NA,650000.0,1371.0,1.0,4.0,2.0,2.0,2.0,0.0,1954.0
single_family,NA,389000.0,890.0,1.0,2.0,2.0,2.0,2.0,2.0,1987.0
mobile,NA,59000.0,960.0,1.0,2.0,2.0,2.0,2.0,0.0,1983.0
single_family,NA,1095000.0,2053.0,1.0,4.0,2.0,1.0,2.0,0.0,1959.0
single_family,NA,1175000.0,2027.0,2.0,3.0,3.0,3.0,3.0,0.0,1989.0
single_family,NA,624999.0,1898.0,2.0,4.0,3.0,3.0,3.0,3.0,1987.0
condos,condo,495000.0,569.0,3.0,1.0,1.0,1.0,1.0,1.0,1974.0
land,NA,150000.0,0.0,0.0,0.0,0.0,0.0,0.0,0.0,0.0
single_family,NA,599000.0,1366.0,1.0,2.0,2.0,2.0,2.0,1.0,1970.0
single_family,NA,5500000.0,4078.0,1.0,4.0,3.0,3.0,3.0,0.0,2023.0
condos,condo,689000.0,1076.0,1.0,2.0,2.0,2.0,2.0,2.0,1990.0
land,NA,175000.0,0.0,0.0,0.0,0.0,0.0,0.0,0.0,0.0
townhomes,townhouse,1385000.0,1372.0,2.0,3.0,2.0,1.0,1.0,2.0,1968.0
single_family,NA,629000.0,2071.0,1.0,2.0,2.0,2.0,2.0,2.0,2013.0
single_family,NA,2395000.0,3025.0,1.0,5.0,5.0,4.0,4.0,0.0,1965.0
single_family,NA,760000.0,2908.0,2.0,5.0,3.0,3.0,3.0,2.0,2005.0
single_family,NA,899900.0,2620.0,1.0,4.0,3.0,2.0,2.0,3.0,2021.0
condos,condo,1098000.0,2372.0,2.0,4.0,3.0,3.0,3.0,2.0,2019.0
single_family,NA,585000.0,1640.0,1.0,3.0,2.0,2.0,2.0,2.0,1979.0
single_family,NA,828000.0,1393.0,1.0,3.0,2.0,2.0,2.0,2.0,1964.0
single_family,NA,439995.0,1276.0,1.0,3.0,2.0,2.0,2.0,2.0,1986.0
townhomes,townhouse,2495000.0,2079.0,3.0,3.0,3.0,2.0,2.0,2.0,1994.0
single_family,NA,475000.0,1270.0,1.0,3.0,2.0,2.0,2.0,2.0,1983.0
condos,condo,209000.0,861.0,1.0,2.0,1.0,1.0,1.0,0.0,1985.0
single_family,NA,499000.0,1493.0,1.0,4.0,2.0,1.0,2.0,0.0,2003.0
single_family,NA,599000.0,2280.0,1.0,2.0,2.0,2.0,2.0,2.0,1989.0
land,NA,699900.0,0.0,0.0,0.0,0.0,0.0,0.0,0.0,0.0
townhomes,townhouse,500000.0,1428.0,2.0,3.0,3.0,2.0,2.0,1.0,2007.0
single_family,NA,1350000.0,1838.0,2.0,3.0,3.0,3.0,3.0,2.0,1978.0
single_family,NA,1425888.0,1452.0,2.0,3.0,3.0,2.0,2.0,2.0,1986.0
single_family,NA,1895000.0,3469.0,2.0,4.0,5.0,4.0,4.0,3.0,2019.0
condos,condo,699000.0,1691.0,1.0,2.0,2.0,2.0,2.0,2.0,1984.0
condos,condo,715000.0,1237.0,2.0,2.0,3.0,1.0,2.0,2.0,1981.0
condos,condo,537000.0,1345.0,2.0,2.0,2.0,2.0,2.0,0.0,1977.0
single_family,NA,939000.0,2182.0,2.0,4.0,3.0,2.0,2.0,3.0,1989.0
single_family,NA,395000.0,1604.0,1.0,3.0,2.0,2.0,2.0,2.0,1985.0
single_family,NA,1698000.0,1525.0,1.0,3.0,2.0,2.0,2.0,2.0,1959.0
single_family,NA,399999.0,1198.0,1.0,3.0,2.0,2.0,2.0,1.0,1954.0
single_family,NA,369000.0,1380.0,1.0,3.0,1.0,1.0,1.0,2.0,1926.0
single_family,NA,1998000.0,3806.0,2.0,6.0,4.0,1.0,4.0,2.0,1951.0
single_family,NA,468400.0,1819.0,1.0,3.0,2.0,2.0,2.0,2.0,2023.0
single_family,NA,1995000.0,1571.0,1.0,2.0,1.0,1.0,1.0,1.0,1936.0
single_family,NA,839000.0,2365.0,2.0,5.0,3.0,3.0,3.0,0.0,1963.0
single_family,NA,675000.0,1595.0,2.0,3.0,3.0,2.0,2.0,2.0,1997.0
single_family,NA,665000.0,925.0,1.0,2.0,2.0,1.0,1.0,2.0,1974.0
single_family,NA,859000.0,2792.0,1.0,3.0,3.0,3.0,3.0,2.0,2002.0
single_family,NA,1699990.0,2168.0,2.0,4.0,3.0,2.0,2.0,2.0,1984.0
single_family,NA,990000.0,3823.0,2.0,5.0,3.0,3.0,3.0,4.0,2019.0
condos,condo,479000.0,1113.0,1.0,2.0,2.0,1.0,2.0,0.0,1979.0
single_family,NA,1100000.0,2516.0,2.0,5.0,3.0,2.0,2.0,2.0,1985.0
single_family,NA,535000.0,1010.0,1.0,3.0,1.0,1.0,1.0,0.0,1924.0
single_family,NA,1324999.0,2160.0,2.0,4.0,3.0,3.0,3.0,3.0,1988.0
single_family,NA,849999.0,1246.0,1.0,4.0,3.0,3.0,3.0,2.0,1954.0
single_family,NA,1099000.0,1674.0,1.0,3.0,2.0,2.0,2.0,2.0,1966.0
single_family,NA,375000.0,1996.0,1.0,3.0,2.0,1.0,2.0,3.0,1988.0
condos,condo,289500.0,921.0,1.0,2.0,2.0,2.0,2.0,2.0,1989.0
single_family,NA,1970000.0,1802.0,2.0,3.0,3.0,2.0,2.0,2.0,1977.0
multi_family,NA,598000.0,1300.0,1.0,2.0,2.0,0.0,1.0,0.0,1964.0
single_family,NA,1500000.0,1512.0,1.0,3.0,2.0,2.0,2.0,2.0,1970.0
townhomes,townhouse,799000.0,926.0,1.0,2.0,1.0,1.0,1.0,0.0,1971.0
mobile,NA,78000.0,1344.0,1.0,2.0,2.0,2.0,2.0,0.0,1978.0
single_family,NA,2250000.0,2056.0,2.0,4.0,3.0,3.0,3.0,2.0,1956.0
single_family,NA,359000.0,1675.0,1.0,3.0,2.0,2.0,2.0,2.0,1988.0
single_family,NA,97000.0,1089.0,1.0,3.0,2.0,2.0,2.0,0.0,1955.0
single_family,NA,490000.0,1272.0,1.0,3.0,2.0,2.0,2.0,2.0,1990.0
single_family,NA,1988000.0,1411.0,1.0,4.0,2.0,2.0,2.0,2.0,1956.0
single_family,NA,2075000.0,1400.0,1.0,3.0,2.0,2.0,2.0,2.0,1959.0
single_family,NA,505000.0,2987.0,2.0,5.0,3.0,3.0,3.0,3.0,2006.0
single_family,NA,445000.0,1457.0,1.0,4.0,2.0,2.0,2.0,3.0,1996.0
single_family,NA,815000.0,2230.0,2.0,4.0,3.0,3.0,3.0,3.0,1989.0
single_family,NA,525000.0,1244.0,2.0,3.0,2.0,0.0,1.0,0.0,1946.0
single_family,NA,435000.0,1346.0,1.0,3.0,2.0,2.0,2.0,2.0,1999.0
single_family,NA,1200000.0,2931.0,2.0,5.0,4.0,4.0,4.0,2.0,1972.0
single_family,NA,970000.0,1746.0,1.0,3.0,3.0,3.0,3.0,2.0,1948.0
single_family,NA,2950000.0,2732.0,1.0,3.0,3.0,3.0,3.0,2.0,1954.0
single_family,NA,2595000.0,1376.0,1.0,2.0,2.0,2.0,2.0,2.0,1976.0
single_family,NA,928000.0,2975.0,2.0,4.0,3.0,3.0,3.0,3.0,1997.0
single_family,NA,739000.0,1594.0,1.0,3.0,2.0,2.0,2.0,2.0,1998.0
single_family,NA,1225000.0,1964.0,1.0,3.0,3.0,2.0,2.0,2.0,1964.0
single_family,NA,349998.0,1389.0,1.0,3.0,2.0,2.0,2.0,2.0,1974.0
single_family,NA,499998.0,1100.0,1.0,3.0,1.0,1.0,1.0,1.0,1895.0
single_family,NA,825000.0,1727.0,2.0,3.0,3.0,2.0,2.0,2.0,1990.0
land,NA,2195000.0,3500.0,0.0,5.0,0.0,3.0,3.0,0.0,0.0
townhomes,townhouse,544990.0,1380.0,2.0,3.0,3.0,2.0,2.0,2.0,2026.0
single_family,NA,534999.0,1423.0,1.0,3.0,3.0,3.0,3.0,2.0,1950.0
condos,condo,1250000.0,1930.0,1.0,4.0,4.0,4.0,4.0,0.0,1960.0
condos,condo,499900.0,1488.0,3.0,2.0,2.0,2.0,2.0,1.0,2006.0
single_family,NA,639000.0,855.0,1.0,4.0,1.0,1.0,1.0,1.0,1923.0
single_family,NA,760000.0,1991.0,1.0,4.0,2.0,2.0,2.0,2.0,1969.0
single_family,NA,429000.0,1386.0,1.0,3.0,2.0,2.0,2.0,2.0,2009.0
single_family,NA,1100000.0,3582.0,2.0,4.0,5.0,4.0,4.0,3.0,2005.0
single_family,NA,1498000.0,2034.0,2.0,3.0,4.0,3.0,3.0,8.0,1987.0
land,NA,33900.0,0.0,0.0,0.0,0.0,0.0,0.0,0.0,0.0
single_family,NA,1090000.0,1950.0,1.0,4.0,2.0,2.0,2.0,2.0,1973.0
single_family,NA,1699000.0,1371.0,1.0,2.0,2.0,2.0,2.0,2.0,1950.0
land,NA,150000.0,0.0,0.0,0.0,0.0,0.0,0.0,0.0,0.0
condos,condo,620000.0,1302.0,3.0,2.0,3.0,2.0,2.0,2.0,2012.0
condos,condo,579000.0,1382.0,2.0,4.0,2.0,2.0,2.0,2.0,1964.0
single_family,NA,757000.0,1718.0,1.0,3.0,2.0,2.0,2.0,2.0,1988.0
single_family,NA,1799999.0,4200.0,2.0,7.0,6.0,5.0,5.0,4.0,2025.0
land,NA,4500.0,0.0,0.0,0.0,0.0,0.0,0.0,0.0,0.0
single_family,NA,3888000.0,4727.0,2.0,5.0,5.0,5.0,5.0,3.0,1999.0
single_family,NA,378800.0,1001.0,1.0,3.0,1.0,1.0,1.0,0.0,1947.0
single_family,NA,525000.0,1996.0,1.0,3.0,2.0,2.0,2.0,2.0,1998.0
condos,condo,459000.0,1143.0,2.0,2.0,2.0,2.0,2.0,0.0,1971.0
single_family,NA,1299000.0,2550.0,1.0,4.0,3.0,2.0,3.0,2.0,1964.0
single_family,NA,649000.0,1504.0,2.0,3.0,2.0,2.0,2.0,2.0,1978.0
condos,condo,275000.0,712.0,3.0,1.0,1.0,1.0,1.0,2.0,1971.0
single_family,NA,385000.0,676.0,1.0,2.0,1.0,1.0,1.0,0.0,1948.0
single_family,NA,2700000.0,2649.0,1.0,5.0,5.0,4.0,4.0,0.0,2025.0
single_family,NA,750000.0,1474.0,1.0,2.0,2.0,2.0,2.0,1.0,1946.0
single_family,NA,899777.0,1600.0,2.0,4.0,3.0,2.0,2.0,2.0,1985.0
single_family,NA,800000.0,1661.0,1.0,3.0,2.0,1.0,1.0,2.0,1954.0
single_family,NA,299999.0,936.0,1.0,2.0,1.0,1.0,1.0,0.0,1977.0
single_family,NA,1899000.0,1616.0,2.0,2.0,2.0,2.0,2.0,2.0,1956.0
condos,condo,280000.0,1082.0,2.0,2.0,3.0,1.0,2.0,2.0,1989.0
single_family,NA,3198888.0,2059.0,1.0,4.0,2.0,2.0,2.0,2.0,1966.0
single_family,NA,850000.0,1700.0,2.0,3.0,3.0,2.0,2.0,2.0,2019.0
multi_family,NA,399000.0,900.0,1.0,2.0,1.0,1.0,1.0,0.0,1960.0
condos,condo,728000.0,982.0,2.0,1.0,2.0,1.0,1.0,1.0,1928.0
single_family,NA,859999.0,1300.0,1.0,4.0,2.0,2.0,2.0,2.0,1981.0
condos,condo,675000.0,1220.0,1.0,2.0,2.0,2.0,2.0,2.0,2007.0
townhomes,townhouse,559000.0,1133.0,2.0,2.0,3.0,2.0,2.0,2.0,1981.0
condos,condo,509990.0,1900.0,2.0,4.0,3.0,3.0,3.0,2.0,2026.0
single_family,NA,355000.0,1333.0,1.0,2.0,2.0,2.0,2.0,2.0,2006.0
condos,condo,742000.0,1080.0,1.0,2.0,2.0,2.0,2.0,2.0,1981.0
single_family,NA,449999.0,1331.0,1.0,4.0,2.0,2.0,2.0,2.0,1996.0
single_family,NA,450000.0,1366.0,1.0,3.0,2.0,2.0,2.0,2.0,1977.0
single_family,NA,704555.0,2750.0,2.0,4.0,3.0,3.0,3.0,0.0,2025.0
single_family,NA,549999.0,1630.0,1.0,3.0,2.0,2.0,2.0,2.0,2019.0
condos,condo,1115000.0,2210.0,2.0,3.0,3.0,3.0,3.0,2.0,1989.0
townhomes,townhouse,719000.0,1651.0,2.0,3.0,3.0,2.0,2.0,2.0,1990.0
condos,condo,1390000.0,1774.0,2.0,3.0,4.0,3.0,3.0,2.0,2010.0
single_family,NA,4100000.0,3123.0,2.0,4.0,4.0,3.0,3.0,2.0,1986.0
single_family,NA,1088088.0,3652.0,2.0,5.0,3.0,3.0,3.0,3.0,2006.0
single_family,NA,330000.0,1346.0,1.0,3.0,2.0,2.0,2.0,2.0,1986.0
condos,condo,597990.0,1992.0,2.0,4.0,3.0,3.0,3.0,2.0,2025.0
condos,condo,614000.0,1021.0,1.0,2.0,2.0,2.0,2.0,0.0,1997.0
condos,condo,1995000.0,1344.0,1.0,2.0,2.0,2.0,2.0,2.0,1973.0
single_family,NA,948000.0,1080.0,1.0,2.0,1.0,1.0,1.0,2.0,1955.0
single_family,NA,699000.0,1000.0,1.0,3.0,2.0,2.0,2.0,2.0,1975.0
condos,condo,549000.0,829.0,1.0,2.0,1.0,1.0,1.0,0.0,1981.0
mobile,NA,399000.0,1344.0,1.0,3.0,2.0,2.0,2.0,2.0,1978.0
single_family,NA,682536.0,2480.0,2.0,4.0,4.0,3.0,3.0,2.0,2025.0
land,NA,699900.0,0.0,0.0,0.0,0.0,0.0,0.0,0.0,0.0
single_family,NA,746860.0,2780.0,2.0,4.0,3.0,3.0,3.0,2.0,2025.0
single_family,NA,899000.0,1401.0,1.0,3.0,2.0,2.0,2.0,3.0,1917.0
single_family,NA,289900.0,1320.0,1.0,3.0,2.0,2.0,2.0,2.0,1957.0
single_family,NA,639000.0,2354.0,1.0,3.0,2.0,2.0,2.0,2.0,2015.0
condos,condo,469999.0,702.0,1.0,1.0,1.0,1.0,1.0,0.0,1983.0
single_family,NA,686500.0,1144.0,1.0,3.0,2.0,2.0,2.0,2.0,1957.0
single_family,NA,830000.0,1569.0,1.0,4.0,2.0,2.0,2.0,1.0,1963.0
single_family,NA,424900.0,1772.0,1.0,3.0,2.0,2.0,2.0,3.0,1988.0
single_family,NA,555000.0,1448.0,1.0,3.0,2.0,2.0,2.0,2.0,1987.0
condos,condo,699990.0,1629.0,3.0,3.0,4.0,3.0,3.0,2.0,2025.0
condos,condo,1059000.0,1701.0,2.0,3.0,3.0,2.0,2.0,2.0,2017.0
single_family,NA,899000.0,1072.0,1.0,2.0,1.0,1.0,1.0,2.0,1952.0
townhomes,townhouse,630000.0,1185.0,1.0,2.0,2.0,2.0,2.0,2.0,1980.0
condos,condo,1298000.0,1611.0,1.0,3.0,2.0,2.0,2.0,2.0,2025.0
townhomes,townhouse,1077000.0,1796.0,3.0,3.0,3.0,2.0,2.0,2.0,1974.0
single_family,NA,550000.0,2028.0,2.0,2.0,3.0,2.0,2.0,2.0,1999.0
townhomes,townhouse,998000.0,2089.0,2.0,4.0,3.0,3.0,3.0,3.0,2002.0
single_family,NA,985000.0,1783.0,1.0,4.0,2.0,2.0,2.0,2.0,1948.0
single_family,NA,629900.0,1792.0,1.0,3.0,2.0,2.0,2.0,2.0,2022.0
single_family,NA,2150000.0,2235.0,1.0,3.0,2.0,2.0,2.0,2.0,1953.0
single_family,NA,899000.0,3900.0,2.0,4.0,4.0,3.0,3.0,3.0,2021.0
single_family,NA,2319900.0,4086.0,2.0,4.0,5.0,4.0,4.0,3.0,2025.0
single_family,NA,829000.0,1644.0,1.0,3.0,2.0,2.0,2.0,2.0,1977.0
single_family,NA,795000.0,3100.0,2.0,6.0,3.0,3.0,3.0,3.0,2010.0
condos,condo,2199000.0,2818.0,1.0,2.0,3.0,3.0,3.0,0.0,1982.0
single_family,NA,750000.0,2005.0,2.0,4.0,3.0,2.0,2.0,2.0,2002.0
land,NA,349999.0,0.0,0.0,0.0,0.0,0.0,0.0,0.0,0.0
single_family,NA,1048000.0,2245.0,1.0,3.0,3.0,3.0,3.0,2.0,1984.0
land,NA,83000.0,0.0,0.0,0.0,0.0,0.0,0.0,0.0,0.0
single_family,NA,2399900.0,3039.0,2.0,4.0,4.0,4.0,4.0,2.0,2019.0
single_family,NA,550000.0,1176.0,1.0,2.0,1.0,1.0,1.0,1.0,1923.0
single_family,NA,475000.0,1261.0,1.0,3.0,2.0,2.0,2.0,2.0,1984.0
multi_family,NA,600000.0,2724.0,2.0,4.0,3.0,3.0,3.0,0.0,1904.0
single_family,NA,1600000.0,2787.0,4.0,3.0,4.0,4.0,4.0,2.0,2016.0
single_family,NA,699000.0,2841.0,2.0,6.0,3.0,3.0,3.0,3.0,2004.0
single_family,NA,320000.0,864.0,1.0,2.0,1.0,1.0,1.0,1.0,1910.0
single_family,NA,1395000.0,1450.0,2.0,3.0,2.0,2.0,2.0,2.0,1972.0
condos,condo,769500.0,1453.0,2.0,2.0,3.0,2.0,2.0,2.0,2019.0
condos,condo,499999.0,842.0,1.0,2.0,1.0,1.0,1.0,0.0,1977.0
single_family,NA,378800.0,1200.0,4.0,3.0,1.0,1.0,1.0,2.0,1960.0
single_family,NA,1295000.0,1190.0,1.0,3.0,2.0,2.0,2.0,2.0,1969.0
single_family,NA,999800.0,2647.0,1.0,4.0,3.0,2.0,2.0,3.0,2011.0
single_family,NA,798000.0,2492.0,1.0,4.0,4.0,3.0,3.0,2.0,2007.0
single_family,NA,750000.0,1116.0,1.0,2.0,1.0,1.0,1.0,2.0,1949.0
single_family,NA,835000.0,1700.0,1.0,3.0,2.0,2.0,2.0,3.0,2000.0
condos,condo,705000.0,1144.0,1.0,3.0,2.0,2.0,2.0,2.0,1972.0
single_family,NA,1698000.0,1240.0,1.0,3.0,1.0,1.0,1.0,1.0,1950.0
townhomes,townhouse,435000.0,1702.0,3.0,3.0,3.0,2.0,2.0,2.0,2024.0
single_family,NA,1199900.0,2139.0,2.0,4.0,3.0,3.0,3.0,3.0,1987.0
single_family,NA,424500.0,1256.0,2.0,3.0,3.0,2.0,2.0,2.0,1987.0
condos,condo,1850000.0,2450.0,2.0,4.0,3.0,3.0,3.0,2.0,2026.0
mobile,NA,55000.0,1440.0,1.0,2.0,2.0,1.0,2.0,0.0,1980.0
condos,condo,489000.0,1358.0,2.0,3.0,3.0,2.0,2.0,2.0,1992.0
single_family,NA,1499000.0,1380.0,1.0,3.0,2.0,2.0,2.0,2.0,1974.0
single_family,NA,899000.0,1689.0,1.0,3.0,2.0,2.0,2.0,2.0,1964.0
single_family,NA,1100000.0,1293.0,1.0,4.0,2.0,2.0,2.0,2.0,1960.0
condos,condo,459000.0,941.0,1.0,2.0,1.0,1.0,1.0,1.0,1974.0
mobile,NA,230000.0,1456.0,1.0,3.0,2.0,2.0,2.0,0.0,1998.0
single_family,NA,1495000.0,1895.0,1.0,3.0,2.0,2.0,2.0,2.0,1956.0
mobile,NA,339000.0,1200.0,1.0,2.0,2.0,2.0,2.0,0.0,1972.0
single_family,NA,469000.0,1198.0,1.0,2.0,2.0,2.0,2.0,2.0,1997.0
single_family,NA,849995.0,1936.0,3.0,3.0,3.0,2.0,2.0,2.0,2023.0
single_family,NA,743800.0,1099.0,1.0,3.0,2.0,1.0,2.0,2.0,1955.0
single_family,NA,799000.0,1275.0,1.0,3.0,1.0,1.0,1.0,2.0,1953.0
land,NA,375000.0,0.0,0.0,0.0,0.0,0.0,0.0,0.0,0.0
single_family,NA,949000.0,1620.0,1.0,5.0,2.0,2.0,2.0,2.0,1959.0
townhomes,townhouse,849000.0,1320.0,2.0,3.0,2.0,2.0,2.0,2.0,1964.0
single_family,NA,429000.0,1240.0,1.0,2.0,2.0,2.0,2.0,2.0,2004.0
single_family,NA,299999.0,888.0,1.0,2.0,1.0,1.0,1.0,0.0,1988.0
single_family,NA,1330000.0,4038.0,2.0,4.0,5.0,2.0,2.0,3.0,1989.0
single_family,NA,699000.0,1602.0,3.0,2.0,3.0,2.0,2.0,2.0,1972.0
single_family,NA,6995000.0,5830.0,3.0,5.0,6.0,5.0,5.0,0.0,2004.0
single_family,NA,479900.0,2100.0,2.0,3.0,3.0,2.0,2.0,2.0,2006.0
single_family,NA,475000.0,1894.0,2.0,3.0,3.0,2.0,2.0,2.0,2005.0
condos,condo,459000.0,1362.0,1.0,3.0,2.0,2.0,2.0,0.0,1973.0
single_family,NA,1399000.0,1036.0,1.0,3.0,2.0,2.0,2.0,2.0,1960.0
single_family,NA,749000.0,2766.0,1.0,5.0,3.0,3.0,3.0,3.0,2007.0
single_family,NA,420000.0,1371.0,1.0,4.0,2.0,2.0,2.0,2.0,1971.0
single_family,NA,549500.0,1044.0,1.0,3.0,2.0,2.0,2.0,2.0,1986.0
single_family,NA,490000.0,2174.0,1.0,3.0,3.0,2.0,2.0,2.0,1955.0
single_family,NA,519000.0,1466.0,1.0,2.0,2.0,2.0,2.0,2.0,1989.0
single_family,NA,1350000.0,2952.0,2.0,5.0,3.0,3.0,3.0,3.0,1992.0
condos,condo,529000.0,1080.0,1.0,2.0,2.0,2.0,2.0,2.0,1986.0
single_family,NA,628990.0,2135.0,2.0,3.0,3.0,2.0,2.0,2.0,2025.0
single_family,NA,750000.0,1134.0,1.0,4.0,3.0,3.0,3.0,1.0,1947.0
condos,condo,500000.0,1194.0,1.0,2.0,2.0,2.0,2.0,2.0,1975.0
single_family,NA,645000.0,1139.0,1.0,3.0,2.0,2.0,2.0,1.0,1918.0
single_family,NA,299999.0,732.0,1.0,2.0,1.0,1.0,1.0,0.0,1960.0
single_family,NA,799900.0,1692.0,1.0,4.0,2.0,2.0,2.0,2.0,1953.0
single_family,NA,2295000.0,2020.0,2.0,3.0,3.0,2.0,3.0,1.0,1937.0
single_family,NA,3080000.0,5480.0,2.0,4.0,5.0,5.0,5.0,2.0,2016.0
single_family,NA,1075000.0,1924.0,2.0,4.0,3.0,3.0,3.0,2.0,1988.0
single_family,NA,650000.0,2596.0,1.0,3.0,3.0,3.0,3.0,2.0,2000.0
single_family,NA,517000.0,2162.0,2.0,4.0,3.0,3.0,3.0,3.0,1990.0
land,NA,1800000.0,0.0,0.0,0.0,0.0,0.0,0.0,0.0,0.0
single_family,NA,419000.0,1469.0,1.0,3.0,2.0,2.0,2.0,2.0,1994.0
townhomes,townhouse,799000.0,975.0,2.0,2.0,2.0,2.0,2.0,2.0,1964.0
single_family,NA,2799000.0,4347.0,3.0,5.0,5.0,4.0,4.0,3.0,1988.0
townhomes,townhouse,639990.0,1641.0,2.0,3.0,3.0,2.0,2.0,2.0,2025.0
single_family,NA,610000.0,1319.0,1.0,4.0,2.0,2.0,2.0,2.0,1972.0
single_family,NA,2295000.0,2300.0,2.0,3.0,3.0,2.0,2.0,2.0,1951.0
single_family,NA,602500.0,1380.0,2.0,2.0,1.0,1.0,1.0,0.0,1890.0
single_family,NA,585000.0,1800.0,1.0,4.0,2.0,2.0,2.0,2.0,1989.0
single_family,NA,859000.0,1776.0,1.0,3.0,2.0,2.0,2.0,2.0,2015.0
single_family,NA,699000.0,2012.0,1.0,5.0,3.0,3.0,3.0,0.0,1978.0
single_family,NA,1550000.0,2906.0,1.0,4.0,3.0,1.0,3.0,2.0,1963.0
single_family,NA,865000.0,1410.0,1.0,2.0,2.0,2.0,2.0,2.0,1984.0
single_family,NA,499000.0,880.0,1.0,2.0,1.0,1.0,1.0,0.0,1909.0
condos,condo,459900.0,1050.0,1.0,2.0,2.0,2.0,2.0,1.0,1987.0
single_family,NA,1299000.0,2022.0,1.0,2.0,2.0,2.0,2.0,2.0,1956.0
single_family,NA,319950.0,1632.0,2.0,4.0,2.0,2.0,2.0,1.0,1954.0
single_family,NA,4250000.0,4015.0,2.0,4.0,3.0,3.0,3.0,0.0,1991.0
mobile,NA,234900.0,1586.0,1.0,3.0,2.0,2.0,2.0,2.0,2004.0
single_family,NA,789000.0,2797.0,2.0,5.0,3.0,3.0,3.0,3.0,1989.0
single_family,NA,749000.0,1775.0,1.0,2.0,2.0,2.0,2.0,2.0,2008.0
single_family,NA,1350000.0,2263.0,1.0,4.0,2.0,2.0,2.0,5.0,1987.0
single_family,NA,1160000.0,1224.0,1.0,2.0,2.0,2.0,2.0,2.0,1974.0
single_family,NA,454999.0,1000.0,1.0,2.0,1.0,1.0,1.0,1.0,1964.0
townhomes,townhouse,1200000.0,1440.0,2.0,3.0,3.0,2.0,2.0,2.0,1962.0
single_family,NA,449000.0,1386.0,1.0,2.0,2.0,2.0,2.0,2.0,2007.0
land,NA,1195000.0,0.0,0.0,0.0,0.0,0.0,0.0,0.0,0.0
single_family,NA,1375000.0,1733.0,1.0,3.0,2.0,2.0,2.0,2.0,1960.0
single_family,NA,1948000.0,2223.0,1.0,4.0,3.0,3.0,3.0,2.0,1998.0
single_family,NA,1395000.0,2180.0,2.0,5.0,3.0,3.0,3.0,0.0,1957.0
single_family,NA,899000.0,2395.0,1.0,3.0,2.0,2.0,2.0,0.0,1951.0
single_family,NA,495000.0,2112.0,2.0,3.0,3.0,2.0,2.0,2.0,2002.0
single_family,NA,3450000.0,6290.0,3.0,6.0,7.0,7.0,7.0,4.0,2005.0
condos,condo,289500.0,1047.0,2.0,1.0,1.0,1.0,1.0,1.0,2005.0
condos,condo,635000.0,900.0,1.0,2.0,2.0,2.0,2.0,1.0,1993.0
single_family,NA,1845000.0,3165.0,1.0,4.0,4.0,3.0,4.0,2.0,1979.0
condos,condo,949000.0,1248.0,1.0,2.0,2.0,2.0,2.0,2.0,1985.0
single_family,NA,3299999.0,1456.0,1.0,3.0,2.0,2.0,2.0,3.0,1940.0
condos,condo,575000.0,839.0,1.0,2.0,2.0,2.0,2.0,1.0,1984.0
single_family,NA,1649000.0,2635.0,1.0,3.0,4.0,1.0,3.0,2.0,2002.0
mobile,NA,250000.0,1740.0,1.0,3.0,2.0,2.0,2.0,1.0,1978.0
single_family,NA,1495000.0,2800.0,2.0,3.0,3.0,2.0,2.0,2.0,1994.0
single_family,NA,1125000.0,2070.0,1.0,4.0,2.0,2.0,2.0,2.0,1980.0
single_family,NA,588000.0,1763.0,1.0,2.0,2.0,2.0,2.0,2.0,2006.0
single_family,NA,629900.0,0.0,1.0,4.0,3.0,3.0,3.0,0.0,2025.0
condos,condo,250000.0,1000.0,2.0,2.0,2.0,1.0,1.0,0.0,1974.0
single_family,NA,504999.0,2226.0,2.0,4.0,3.0,2.0,2.0,2.0,1979.0
single_family,NA,399000.0,2088.0,2.0,3.0,3.0,2.0,2.0,2.0,1979.0
single_family,NA,649000.0,1491.0,2.0,3.0,2.0,2.0,2.0,2.0,1940.0
single_family,NA,2249000.0,2337.0,2.0,4.0,3.0,3.0,3.0,0.0,1955.0
single_family,NA,599999.0,1565.0,2.0,4.0,3.0,2.0,2.0,2.0,1988.0
single_family,NA,725000.0,2989.0,2.0,5.0,3.0,3.0,3.0,3.0,2005.0
single_family,NA,1450000.0,2347.0,2.0,5.0,3.0,3.0,3.0,3.0,1977.0
condos,condo,549000.0,1340.0,1.0,2.0,2.0,2.0,2.0,2.0,1987.0
single_family,NA,1350000.0,1215.0,1.0,2.0,2.0,1.0,1.0,2.0,1929.0
single_family,NA,825000.0,3334.0,2.0,4.0,4.0,4.0,4.0,3.0,1990.0
single_family,NA,949900.0,940.0,1.0,2.0,2.0,1.0,1.0,0.0,1946.0
single_family,NA,995000.0,1250.0,2.0,1.0,1.0,1.0,1.0,1.0,1999.0
townhomes,townhouse,1349999.0,2447.0,3.0,4.0,4.0,4.0,4.0,2.0,2015.0
single_family,NA,1898000.0,2540.0,2.0,4.0,3.0,3.0,3.0,3.0,1983.0
single_family,NA,504999.0,2226.0,2.0,4.0,3.0,2.0,2.0,2.0,1979.0
single_family,NA,359000.0,1015.0,1.0,2.0,1.0,1.0,1.0,1.0,1926.0
single_family,NA,1099000.0,2078.0,2.0,4.0,4.0,3.0,3.0,1.0,2023.0
single_family,NA,575000.0,1730.0,1.0,3.0,2.0,2.0,2.0,2.0,2008.0
single_family,NA,1250000.0,2209.0,3.0,4.0,3.0,3.0,3.0,2.0,1966.0
condos,condo,899900.0,1217.0,1.0,2.0,2.0,2.0,2.0,1.0,2007.0
single_family,NA,1050000.0,2076.0,2.0,3.0,2.0,2.0,2.0,2.0,1964.0
condos,condo,1199000.0,1699.0,1.0,3.0,2.0,2.0,2.0,2.0,1992.0
single_family,NA,1295000.0,2624.0,2.0,4.0,3.0,3.0,3.0,0.0,1955.0
single_family,NA,2160000.0,2999.0,2.0,4.0,3.0,2.0,2.0,2.0,1985.0
single_family,NA,249000.0,1314.0,1.0,2.0,2.0,2.0,2.0,2.0,1980.0
single_family,NA,995000.0,1850.0,2.0,3.0,2.0,2.0,2.0,1.0,1912.0
single_family,NA,2100000.0,1925.0,1.0,3.0,2.0,2.0,2.0,0.0,2023.0
single_family,NA,1600000.0,3412.0,1.0,3.0,4.0,2.0,3.0,3.0,2002.0
single_family,NA,1799000.0,1410.0,1.0,3.0,2.0,2.0,2.0,2.0,1951.0
single_family,NA,629000.0,2788.0,2.0,4.0,3.0,2.0,2.0,2.0,2002.0
single_family,NA,799000.0,2813.0,1.0,3.0,3.0,3.0,3.0,3.0,1980.0
single_family,NA,549000.0,1520.0,1.0,3.0,2.0,2.0,2.0,2.0,1960.0
single_family,NA,1175000.0,1318.0,1.0,3.0,2.0,2.0,2.0,2.0,1971.0
single_family,NA,629000.0,1328.0,1.0,3.0,1.0,1.0,1.0,2.0,1956.0
multi_family,NA,2075000.0,1990.0,1.0,5.0,3.0,3.0,3.0,0.0,1941.0
single_family,NA,873000.0,1690.0,1.0,3.0,2.0,2.0,2.0,2.0,1985.0
single_family,NA,549950.0,1347.0,2.0,2.0,3.0,2.0,2.0,2.0,2008.0
single_family,NA,959000.0,1857.0,1.0,4.0,2.0,2.0,2.0,2.0,2025.0
single_family,NA,439000.0,1502.0,1.0,3.0,2.0,2.0,2.0,3.0,1989.0
single_family,NA,619900.0,2097.0,2.0,4.0,3.0,3.0,3.0,2.0,1980.0
townhomes,townhouse,1495000.0,2117.0,2.0,3.0,3.0,2.0,2.0,2.0,1969.0
single_family,NA,430000.0,1379.0,2.0,3.0,2.0,2.0,2.0,0.0,1979.0
single_family,NA,850000.0,2824.0,1.0,3.0,3.0,3.0,3.0,2.0,1981.0
single_family,NA,859000.0,1260.0,1.0,3.0,2.0,1.0,2.0,2.0,1981.0
single_family,NA,745500.0,2081.0,1.0,4.0,3.0,2.0,2.0,3.0,2004.0
single_family,NA,2495000.0,2915.0,2.0,4.0,4.0,3.0,3.0,2.0,1926.0
single_family,NA,250000.0,1313.0,1.0,2.0,2.0,1.0,2.0,2.0,2004.0
single_family,NA,829000.0,2017.0,1.0,3.0,2.0,2.0,2.0,3.0,2015.0
townhomes,townhouse,1199000.0,1432.0,2.0,3.0,2.0,2.0,2.0,1.0,1981.0
single_family,NA,924358.0,2707.0,2.0,4.0,3.0,3.0,3.0,2.0,2025.0
single_family,NA,1085000.0,2166.0,2.0,4.0,3.0,2.0,2.0,2.0,1973.0
land,NA,95000.0,0.0,0.0,0.0,0.0,0.0,0.0,0.0,0.0
condos,condo,399000.0,1062.0,2.0,2.0,2.0,1.0,1.0,0.0,1972.0
single_family,NA,817000.0,1355.0,1.0,3.0,2.0,2.0,2.0,0.0,1953.0
single_family,NA,385000.0,1357.0,1.0,3.0,2.0,2.0,2.0,2.0,1979.0
single_family,NA,450000.0,900.0,1.0,3.0,1.0,1.0,1.0,1.0,1954.0
single_family,NA,4995000.0,2676.0,2.0,5.0,5.0,5.0,5.0,2.0,1977.0
single_family,NA,480000.0,2521.0,2.0,5.0,3.0,3.0,3.0,3.0,2014.0
single_family,NA,475000.0,1408.0,1.0,4.0,2.0,2.0,2.0,2.0,1963.0
single_family,NA,410000.0,1246.0,1.0,3.0,2.0,2.0,2.0,2.0,1959.0
single_family,NA,899000.0,1863.0,1.0,3.0,2.0,1.0,2.0,0.0,1947.0
single_family,NA,1750000.0,3043.0,1.0,5.0,4.0,4.0,4.0,0.0,1948.0
single_family,NA,1149900.0,1493.0,2.0,3.0,3.0,3.0,3.0,2.0,1999.0
single_family,NA,1199000.0,2279.0,2.0,3.0,3.0,3.0,3.0,2.0,1956.0
single_family,NA,2099000.0,2588.0,2.0,4.0,3.0,3.0,3.0,2.0,2009.0
condos,condo,550000.0,929.0,1.0,2.0,2.0,1.0,2.0,1.0,1973.0
single_family,NA,435000.0,1130.0,1.0,3.0,2.0,1.0,1.0,2.0,1976.0
single_family,NA,1999000.0,2433.0,1.0,5.0,3.0,3.0,3.0,2.0,1964.0
single_family,NA,1545000.0,3444.0,2.0,5.0,3.0,3.0,3.0,2.0,1997.0
land,NA,25000.0,0.0,0.0,0.0,0.0,0.0,0.0,0.0,0.0
single_family,NA,489000.0,1588.0,3.0,3.0,2.0,2.0,2.0,2.0,1988.0
single_family,NA,2100000.0,3458.0,1.0,6.0,5.0,5.0,5.0,2.0,1962.0
single_family,NA,749900.0,1128.0,1.0,3.0,2.0,2.0,2.0,2.0,1981.0
condos,condo,525000.0,1248.0,1.0,3.0,2.0,0.0,2.0,0.0,1972.0
single_family,NA,594000.0,2555.0,1.0,5.0,3.0,3.0,3.0,0.0,2022.0
single_family,NA,862000.0,1602.0,1.0,3.0,2.0,2.0,2.0,2.0,1966.0
condos,condo,315000.0,1054.0,1.0,2.0,1.0,1.0,1.0,0.0,1965.0
single_family,NA,1100000.0,1271.0,1.0,3.0,2.0,2.0,2.0,2.0,1988.0
single_family,NA,879000.0,1552.0,1.0,3.0,2.0,1.0,1.0,0.0,1940.0
single_family,NA,899000.0,2406.0,2.0,4.0,3.0,3.0,3.0,2.0,1968.0
single_family,NA,949900.0,1368.0,1.0,3.0,2.0,2.0,2.0,2.0,1958.0
single_family,NA,895000.0,2824.0,2.0,6.0,4.0,4.0,4.0,2.0,2022.0
single_family,NA,469000.0,2480.0,1.0,5.0,3.0,3.0,3.0,2.0,2019.0
townhomes,townhouse,1169000.0,2119.0,2.0,4.0,3.0,2.0,2.0,2.0,1988.0
single_family,NA,1999999.0,2827.0,1.0,4.0,4.0,3.0,3.0,3.0,1998.0
single_family,NA,1895000.0,4038.0,3.0,4.0,4.0,2.0,2.0,2.0,1966.0
condos,condo,675000.0,1330.0,1.0,2.0,2.0,1.0,1.0,0.0,1964.0
single_family,NA,998000.0,1787.0,3.0,4.0,4.0,4.0,4.0,2.0,2004.0
single_family,NA,340000.0,1753.0,1.0,3.0,2.0,2.0,2.0,2.0,2026.0
condos,condo,489000.0,1759.0,1.0,3.0,2.0,2.0,2.0,0.0,1983.0
townhomes,townhouse,450000.0,1147.0,2.0,3.0,2.0,1.0,1.0,0.0,1971.0
condos,condo,599000.0,887.0,1.0,1.0,1.0,1.0,1.0,1.0,1982.0
single_family,NA,1275000.0,1222.0,2.0,2.0,2.0,1.0,1.0,1.0,1977.0
single_family,NA,500000.0,1293.0,1.0,3.0,1.0,1.0,1.0,0.0,1949.0
single_family,NA,1350000.0,3055.0,2.0,4.0,3.0,3.0,3.0,3.0,2016.0
condos,condo,675500.0,1251.0,1.0,2.0,2.0,2.0,2.0,0.0,1971.0
single_family,NA,4695000.0,3622.0,1.0,4.0,5.0,4.0,4.0,3.0,2017.0
single_family,NA,2199888.0,2026.0,2.0,3.0,3.0,2.0,2.0,2.0,2017.0
single_family,NA,699000.0,1961.0,1.0,3.0,3.0,2.0,2.0,2.0,1969.0
condos,condo,579000.0,952.0,2.0,2.0,1.0,1.0,1.0,2.0,2006.0
condos,condo,425000.0,1050.0,1.0,2.0,2.0,2.0,2.0,1.0,2000.0
single_family,NA,925000.0,1853.0,2.0,4.0,3.0,3.0,3.0,2.0,1986.0
single_family,NA,325000.0,1058.0,1.0,3.0,1.0,1.0,1.0,2.0,1955.0
condos,condo,595000.0,1739.0,2.0,3.0,3.0,2.0,2.0,0.0,1969.0
single_family,NA,1150000.0,1500.0,2.0,3.0,2.0,2.0,2.0,2.0,1978.0
mobile,NA,99000.0,0.0,1.0,2.0,2.0,1.0,1.0,0.0,1979.0
single_family,NA,849000.0,3442.0,2.0,5.0,4.0,4.0,4.0,3.0,2004.0
single_family,NA,860000.0,1650.0,1.0,3.0,3.0,3.0,3.0,0.0,1959.0
single_family,NA,999000.0,1633.0,1.0,3.0,2.0,2.0,2.0,2.0,1986.0
single_family,NA,839000.0,1578.0,1.0,3.0,2.0,2.0,2.0,2.0,1958.0
single_family,NA,1449000.0,2005.0,2.0,3.0,3.0,3.0,3.0,2.0,1991.0
single_family,NA,510000.0,1779.0,1.0,3.0,2.0,2.0,2.0,0.0,1983.0
single_family,NA,1149000.0,1487.0,1.0,2.0,2.0,2.0,2.0,0.0,1939.0
single_family,NA,1498000.0,1340.0,1.0,2.0,2.0,1.0,1.0,1.0,1947.0
single_family,NA,1395000.0,1980.0,1.0,4.0,4.0,3.0,3.0,2.0,2024.0
single_family,NA,2198000.0,1520.0,1.0,3.0,2.0,2.0,2.0,1.0,1946.0
single_family,NA,1899000.0,1591.0,1.0,4.0,2.0,2.0,2.0,2.0,1955.0
single_family,NA,1452500.0,1252.0,1.0,4.0,2.0,2.0,2.0,2.0,1959.0
townhomes,townhouse,2395000.0,2330.0,2.0,3.0,3.0,2.0,2.0,2.0,1975.0
single_family,NA,575000.0,2018.0,1.0,4.0,2.0,2.0,2.0,0.0,2025.0
condos,condo,380000.0,1348.0,1.0,2.0,2.0,2.0,2.0,2.0,1984.0
condos,condo,498000.0,1085.0,1.0,2.0,2.0,2.0,2.0,1.0,1987.0
single_family,NA,379900.0,1854.0,1.0,3.0,2.0,2.0,2.0,1.0,1956.0
condos,condo,295000.0,1048.0,1.0,2.0,1.0,1.0,1.0,0.0,1967.0
single_family,NA,390000.0,1613.0,1.0,3.0,2.0,2.0,2.0,3.0,2006.0
single_family,NA,268000.0,988.0,1.0,3.0,1.0,1.0,1.0,0.0,1958.0
single_family,NA,1795000.0,2195.0,1.0,4.0,3.0,3.0,3.0,2.0,1964.0
townhomes,townhouse,805000.0,2398.0,3.0,4.0,3.0,2.0,2.0,2.0,2010.0
single_family,NA,1595000.0,2651.0,1.0,3.0,3.0,2.0,2.0,2.0,1968.0
single_family,NA,349000.0,1457.0,1.0,3.0,2.0,2.0,2.0,2.0,2007.0
condos,condo,1295000.0,1688.0,3.0,2.0,2.0,2.0,2.0,2.0,1928.0
single_family,NA,395000.0,1364.0,1.0,2.0,2.0,2.0,2.0,0.0,1998.0
single_family,NA,649000.0,1586.0,1.0,3.0,2.0,0.0,2.0,2.0,1993.0
single_family,NA,749800.0,2044.0,1.0,5.0,2.0,3.0,3.0,2.0,1949.0
single_family,NA,1048000.0,1712.0,1.0,4.0,2.0,2.0,2.0,2.0,1941.0
single_family,NA,849000.0,1442.0,1.0,3.0,2.0,2.0,2.0,0.0,1940.0
townhomes,townhouse,1050000.0,1747.0,2.0,2.0,2.0,2.0,2.0,2.0,1981.0
single_family,NA,586000.0,967.0,1.0,2.0,1.0,1.0,1.0,0.0,1927.0
single_family,NA,695000.0,2458.0,1.0,3.0,2.0,2.0,2.0,3.0,2000.0
townhomes,townhouse,1193700.0,2250.0,3.0,3.0,4.0,3.0,3.0,2.0,2009.0
condos,condo,995000.0,1946.0,2.0,3.0,3.0,2.0,2.0,2.0,1980.0
single_family,NA,499900.0,1618.0,1.0,3.0,2.0,2.0,2.0,2.0,1978.0
mobile,NA,325000.0,1341.0,1.0,2.0,2.0,2.0,2.0,0.0,1981.0
condos,condo,775000.0,1742.0,1.0,2.0,2.0,1.0,2.0,2.0,1982.0
condos,condo,649000.0,1693.0,1.0,3.0,2.0,2.0,2.0,2.0,1977.0
single_family,NA,1179000.0,1662.0,1.0,3.0,2.0,2.0,2.0,2.0,1969.0
single_family,NA,860000.0,895.0,1.0,3.0,2.0,2.0,2.0,1.0,1953.0
condos,condo,440000.0,907.0,1.0,2.0,1.0,1.0,1.0,0.0,1985.0
condos,condo,2895000.0,0.0,1.0,3.0,2.0,2.0,2.0,0.0,1924.0
single_family,NA,1399990.0,1079.0,1.0,3.0,2.0,2.0,2.0,2.0,1961.0
single_family,NA,1385000.0,2600.0,2.0,3.0,3.0,2.0,2.0,2.0,2026.0
townhomes,townhouse,674900.0,1361.0,2.0,3.0,3.0,2.0,2.0,2.0,1976.0
single_family,NA,349900.0,910.0,1.0,2.0,2.0,1.0,2.0,0.0,1987.0
condos,condo,849000.0,1100.0,1.0,2.0,2.0,2.0,2.0,2.0,1972.0
single_family,NA,849000.0,1221.0,1.0,3.0,2.0,2.0,2.0,1.0,1951.0
single_family,NA,999900.0,1524.0,1.0,3.0,2.0,2.0,2.0,2.0,1989.0
single_family,NA,1595000.0,1885.0,2.0,3.0,2.0,2.0,2.0,0.0,1950.0
single_family,NA,1499000.0,1287.0,1.0,4.0,2.0,2.0,2.0,0.0,1954.0
condos,condo,849900.0,2380.0,1.0,3.0,3.0,3.0,3.0,2.0,1967.0
single_family,NA,289900.0,1260.0,1.0,3.0,2.0,2.0,2.0,0.0,1967.0
single_family,NA,899950.0,1505.0,1.0,3.0,2.0,2.0,2.0,0.0,1951.0
single_family,NA,450000.0,984.0,1.0,2.0,2.0,2.0,2.0,1.0,1999.0
condos,condo,399000.0,720.0,3.0,1.0,1.0,1.0,1.0,1.0,1974.0
condos,condo,539900.0,704.0,1.0,1.0,1.0,1.0,1.0,1.0,1987.0
single_family,NA,648374.0,1710.0,1.0,2.0,2.0,2.0,2.0,2.0,2025.0
single_family,NA,865000.0,1058.0,1.0,2.0,1.0,1.0,1.0,1.0,1948.0
single_family,NA,449900.0,1600.0,1.0,3.0,2.0,2.0,2.0,2.0,1959.0
single_family,NA,549000.0,1060.0,1.0,3.0,2.0,1.0,1.0,0.0,1920.0
single_family,NA,955000.0,1986.0,1.0,4.0,2.0,1.0,2.0,3.0,1978.0
single_family,NA,360000.0,1468.0,1.0,3.0,2.0,2.0,2.0,2.0,1974.0
single_family,NA,925000.0,1110.0,1.0,3.0,2.0,2.0,2.0,2.0,1961.0
single_family,NA,899000.0,996.0,1.0,3.0,2.0,2.0,2.0,2.0,1959.0
single_family,NA,1600000.0,2554.0,2.0,5.0,3.0,3.0,3.0,2.0,1968.0
single_family,NA,669900.0,2715.0,1.0,4.0,3.0,3.0,3.0,0.0,2025.0
condos,condo,1850000.0,1226.0,1.0,2.0,2.0,2.0,2.0,0.0,1974.0
single_family,NA,136500.0,735.0,1.0,2.0,1.0,1.0,1.0,1.0,1945.0
single_family,NA,1488000.0,1100.0,1.0,3.0,2.0,2.0,2.0,2.0,1958.0
single_family,NA,459900.0,2722.0,2.0,5.0,3.0,3.0,3.0,0.0,2006.0
single_family,NA,589000.0,900.0,1.0,2.0,1.0,1.0,1.0,0.0,1938.0
single_family,NA,510000.0,2040.0,1.0,7.0,4.0,4.0,4.0,0.0,1956.0
single_family,NA,875000.0,1844.0,1.0,3.0,2.0,2.0,2.0,2.0,1940.0
townhomes,townhouse,825000.0,1653.0,2.0,3.0,3.0,2.0,2.0,0.0,1974.0
single_family,NA,1125000.0,2400.0,2.0,4.0,3.0,2.0,2.0,0.0,1927.0
single_family,NA,799999.0,1366.0,1.0,3.0,2.0,1.0,1.0,2.0,1960.0
single_family,NA,2222000.0,2247.0,1.0,4.0,3.0,3.0,3.0,2.0,1958.0
single_family,NA,479000.0,1836.0,1.0,2.0,2.0,2.0,2.0,2.0,1992.0
single_family,NA,528800.0,2280.0,1.0,4.0,3.0,2.0,2.0,0.0,2025.0
multi_family,NA,229000.0,760.0,1.0,1.0,1.0,1.0,1.0,0.0,1969.0
single_family,NA,379000.0,1283.0,1.0,2.0,2.0,1.0,2.0,2.0,1994.0
single_family,NA,650000.0,1986.0,1.0,3.0,2.0,2.0,2.0,2.0,1991.0
single_family,NA,1895000.0,3080.0,2.0,5.0,3.0,2.0,2.0,3.0,1974.0
condos,condo,829000.0,718.0,1.0,1.0,1.0,1.0,1.0,0.0,1986.0
single_family,NA,750000.0,1371.0,1.0,3.0,2.0,2.0,2.0,2.0,1947.0
condos,condo,735000.0,1390.0,2.0,3.0,3.0,2.0,2.0,2.0,1997.0
single_family,NA,369000.0,884.0,1.0,2.0,1.0,1.0,1.0,0.0,1910.0
single_family,NA,764900.0,1716.0,1.0,4.0,2.0,2.0,2.0,0.0,1998.0
condos,condo,339000.0,763.0,1.0,1.0,1.0,1.0,1.0,1.0,1989.0
single_family,NA,1049000.0,2339.0,1.0,4.0,2.0,2.0,2.0,2.0,1973.0
single_family,NA,499500.0,1415.0,2.0,4.0,2.0,2.0,2.0,2.0,1944.0
condos,condo,749900.0,1419.0,2.0,3.0,3.0,3.0,3.0,2.0,2021.0
single_family,NA,1949000.0,3281.0,2.0,4.0,3.0,3.0,3.0,2.0,1991.0
single_family,NA,1448000.0,1503.0,1.0,4.0,2.0,2.0,2.0,2.0,1965.0
single_family,NA,725000.0,1222.0,1.0,3.0,2.0,2.0,2.0,0.0,1960.0
single_family,NA,1650000.0,1425.0,1.0,3.0,2.0,1.0,1.0,1.0,1951.0
condos,condo,995000.0,1250.0,2.0,1.0,1.0,1.0,1.0,1.0,1999.0
single_family,NA,330000.0,1699.0,1.0,4.0,3.0,3.0,3.0,0.0,1940.0
single_family,NA,650000.0,1426.0,2.0,3.0,3.0,2.0,2.0,2.0,1994.0
condos,condo,299999.0,654.0,1.0,1.0,1.0,1.0,1.0,0.0,1971.0
condo_townhome_rowhome_coop,townhouse,285000.0,374.0,1.0,0.0,1.0,1.0,1.0,0.0,1990.0
single_family,NA,1599900.0,1797.0,1.0,4.0,2.0,2.0,2.0,3.0,1987.0
condos,condo,330000.0,710.0,1.0,1.0,1.0,1.0,1.0,0.0,1987.0
single_family,NA,799990.0,1543.0,1.0,3.0,2.0,2.0,2.0,2.0,1986.0
single_family,NA,334950.0,1172.0,1.0,2.0,2.0,2.0,2.0,2.0,2005.0
single_family,NA,695000.0,2372.0,1.0,3.0,2.0,2.0,2.0,2.0,1977.0
single_family,NA,2250000.0,3025.0,2.0,5.0,4.0,4.0,4.0,2.0,1971.0
condos,condo,975000.0,1400.0,3.0,2.0,2.0,2.0,2.0,2.0,2006.0
condos,condo,464500.0,1828.0,1.0,3.0,2.0,2.0,2.0,2.0,1988.0
mobile,NA,599000.0,602.0,1.0,2.0,1.0,1.0,1.0,0.0,1992.0
condos,condo,630000.0,760.0,1.0,2.0,2.0,1.0,1.0,0.0,1983.0
single_family,NA,649999.0,1462.0,1.0,4.0,2.0,2.0,2.0,2.0,1979.0
single_family,NA,1995000.0,3459.0,2.0,3.0,2.0,2.0,2.0,2.0,1968.0
condos,condo,715000.0,1278.0,1.0,3.0,2.0,2.0,2.0,2.0,1978.0
single_family,NA,499999.0,1694.0,1.0,3.0,2.0,2.0,2.0,0.0,2021.0
single_family,NA,374900.0,1076.0,1.0,3.0,2.0,2.0,2.0,0.0,1920.0
single_family,NA,229900.0,1150.0,1.0,3.0,2.0,2.0,2.0,2.0,1984.0
single_family,NA,2295000.0,2283.0,3.0,4.0,5.0,5.0,5.0,0.0,1922.0
single_family,NA,489990.0,1797.0,1.0,4.0,2.0,1.0,2.0,2.0,2025.0
single_family,NA,520000.0,2181.0,1.0,4.0,2.0,2.0,2.0,2.0,2006.0
single_family,NA,350000.0,2469.0,2.0,3.0,3.0,3.0,3.0,0.0,1979.0
condos,condo,449900.0,1251.0,1.0,2.0,2.0,2.0,2.0,1.0,1980.0
condos,condo,749500.0,1413.0,3.0,3.0,3.0,3.0,3.0,2.0,2018.0
single_family,NA,539000.0,1534.0,1.0,3.0,2.0,2.0,2.0,3.0,1987.0
single_family,NA,475000.0,903.0,1.0,2.0,1.0,1.0,1.0,0.0,1942.0
single_family,NA,1099000.0,2329.0,1.0,3.0,2.0,2.0,2.0,2.0,2024.0
single_family,NA,365000.0,1496.0,1.0,3.0,2.0,2.0,2.0,2.0,1972.0
single_family,NA,514900.0,1560.0,1.0,3.0,2.0,1.0,2.0,2.0,2025.0
condos,condo,368888.0,680.0,1.0,1.0,1.0,1.0,1.0,0.0,1979.0
single_family,NA,590000.0,3279.0,2.0,5.0,4.0,4.0,4.0,3.0,2005.0
single_family,NA,375000.0,1799.0,1.0,4.0,3.0,3.0,3.0,2.0,2007.0
single_family,NA,1350000.0,1672.0,1.0,3.0,2.0,1.0,1.0,2.0,1936.0
single_family,NA,449990.0,0.0,1.0,4.0,3.0,3.0,3.0,0.0,2025.0
single_family,NA,329950.0,1662.0,2.0,3.0,3.0,2.0,2.0,1.0,1990.0
single_family,NA,1798000.0,2110.0,2.0,4.0,3.0,2.0,2.0,1.0,1948.0
single_family,NA,840000.0,1196.0,1.0,3.0,2.0,2.0,2.0,2.0,1962.0
single_family,NA,530000.0,736.0,1.0,1.0,1.0,1.0,1.0,0.0,1905.0
single_family,NA,749999.0,908.0,1.0,3.0,1.0,1.0,1.0,0.0,1945.0
single_family,NA,1285000.0,900.0,1.0,2.0,1.0,1.0,1.0,1.0,1932.0
townhomes,townhouse,875000.0,1389.0,2.0,3.0,3.0,2.0,2.0,2.0,2006.0
single_family,NA,349000.0,1365.0,1.0,3.0,2.0,2.0,2.0,2.0,1976.0
single_family,NA,699000.0,1362.0,2.0,4.0,3.0,2.0,2.0,2.0,2008.0
condos,condo,550000.0,711.0,1.0,1.0,1.0,1.0,1.0,0.0,1964.0
single_family,NA,875000.0,1436.0,2.0,4.0,2.0,2.0,2.0,2.0,1970.0
single_family,NA,775000.0,1100.0,1.0,3.0,1.0,1.0,1.0,1.0,1955.0
single_family,NA,825000.0,2915.0,1.0,3.0,4.0,2.0,3.0,2.0,2003.0
condos,condo,470000.0,631.0,1.0,1.0,1.0,1.0,1.0,1.0,1992.0
condos,condo,540000.0,827.0,1.0,2.0,2.0,2.0,2.0,2.0,1993.0
single_family,NA,549950.0,2726.0,2.0,5.0,4.0,3.0,3.0,3.0,2004.0
multi_family,NA,549000.0,2430.0,1.0,4.0,4.0,4.0,4.0,4.0,2004.0
single_family,NA,1980000.0,2288.0,1.0,3.0,3.0,2.0,2.0,2.0,1957.0
condos,condo,615000.0,1198.0,2.0,2.0,2.0,1.0,1.0,2.0,1972.0
townhomes,townhouse,625000.0,1420.0,2.0,2.0,3.0,2.0,2.0,2.0,1997.0
condos,condo,725000.0,1209.0,1.0,2.0,2.0,1.0,2.0,2.0,1973.0
condos,condo,269950.0,882.0,2.0,2.0,1.0,1.0,1.0,0.0,1972.0
single_family,NA,699000.0,980.0,1.0,2.0,3.0,2.0,2.0,4.0,1942.0
mobile,NA,230000.0,1440.0,1.0,3.0,2.0,2.0,2.0,0.0,1977.0
mobile,NA,249777.0,1344.0,1.0,3.0,2.0,2.0,2.0,0.0,1984.0
single_family,NA,775000.0,3360.0,1.0,6.0,3.0,3.0,3.0,0.0,2003.0
single_family,NA,160000.0,612.0,1.0,2.0,1.0,1.0,1.0,0.0,1953.0
land,NA,16000.0,0.0,0.0,0.0,0.0,0.0,0.0,0.0,0.0
single_family,NA,1649000.0,2812.0,2.0,5.0,4.0,4.0,4.0,2.0,1976.0
single_family,NA,1798000.0,1648.0,1.0,3.0,2.0,2.0,2.0,2.0,1957.0
single_family,NA,499800.0,1216.0,1.0,3.0,2.0,2.0,2.0,0.0,1971.0
multi_family,NA,2800000.0,3716.0,2.0,3.0,1.0,1.0,1.0,0.0,1924.0
single_family,NA,249000.0,940.0,1.0,2.0,1.0,1.0,1.0,0.0,1941.0
land,NA,80000.0,0.0,0.0,0.0,0.0,0.0,0.0,0.0,0.0
mobile,NA,7995.0,330.0,1.0,1.0,1.0,1.0,1.0,0.0,1970.0
single_family,NA,2750000.0,3511.0,2.0,5.0,5.0,4.0,4.0,3.0,2026.0
multi_family,NA,2300000.0,0.0,2.0,6.0,4.0,4.0,4.0,0.0,1947.0
single_family,NA,506900.0,1837.0,1.0,4.0,2.0,2.0,2.0,0.0,2025.0
land,NA,12900.0,0.0,0.0,0.0,0.0,0.0,0.0,0.0,0.0
multi_family,NA,625000.0,2138.0,2.0,4.0,4.0,4.0,4.0,2.0,1994.0
single_family,NA,500000.0,2162.0,1.0,4.0,2.0,2.0,2.0,3.0,2006.0
land,NA,349000.0,0.0,0.0,0.0,0.0,0.0,0.0,0.0,0.0
land,NA,22000.0,0.0,0.0,0.0,0.0,0.0,0.0,0.0,0.0
single_family,NA,630000.0,2026.0,2.0,4.0,3.0,2.0,2.0,2.0,2008.0
land,NA,55000.0,0.0,0.0,0.0,0.0,0.0,0.0,0.0,0.0
land,NA,349000.0,0.0,0.0,0.0,0.0,0.0,0.0,0.0,0.0
land,NA,13000.0,0.0,0.0,0.0,0.0,0.0,0.0,0.0,0.0
single_family,NA,469999.0,1134.0,1.0,3.0,2.0,2.0,2.0,2.0,1986.0
single_family,NA,2950000.0,1696.0,1.0,3.0,2.0,2.0,2.0,2.0,1960.0
condos,condo,1179000.0,1819.0,3.0,3.0,3.0,3.0,3.0,0.0,1978.0
land,NA,60000.0,0.0,0.0,0.0,0.0,0.0,0.0,0.0,0.0
townhomes,townhouse,889000.0,1444.0,1.0,2.0,2.0,2.0,2.0,1.0,1987.0
land,NA,349000.0,0.0,0.0,0.0,0.0,0.0,0.0,0.0,0.0
land,NA,57500.0,0.0,0.0,0.0,0.0,0.0,0.0,0.0,0.0
single_family,NA,440000.0,2312.0,2.0,4.0,3.0,3.0,3.0,3.0,1991.0
single_family,NA,289900.0,1084.0,1.0,3.0,1.0,1.0,1.0,2.0,1947.0
single_family,NA,1699000.0,2056.0,1.0,2.0,2.0,2.0,2.0,0.0,1946.0
land,NA,119000.0,0.0,0.0,0.0,0.0,0.0,0.0,0.0,0.0
single_family,NA,529305.0,1869.0,1.0,4.0,2.0,2.0,2.0,2.0,2026.0
single_family,NA,379000.0,1042.0,1.0,2.0,1.0,1.0,1.0,0.0,2026.0
single_family,NA,1674950.0,3116.0,2.0,5.0,3.0,3.0,3.0,3.0,1968.0
single_family,NA,835489.0,3551.0,2.0,6.0,4.0,4.0,4.0,3.0,2025.0
single_family,NA,619000.0,1075.0,1.0,3.0,2.0,2.0,2.0,0.0,1961.0
single_family,NA,317900.0,1727.0,1.0,4.0,2.0,2.0,2.0,2.0,1954.0
condos,condo,510000.0,1113.0,3.0,2.0,2.0,2.0,2.0,1.0,1977.0
townhomes,townhouse,698000.0,1064.0,2.0,2.0,2.0,1.0,1.0,2.0,1983.0
single_family,NA,475000.0,1705.0,1.0,4.0,2.0,2.0,2.0,2.0,1989.0
single_family,NA,1290000.0,1260.0,2.0,3.0,2.0,1.0,1.0,2.0,1965.0
single_family,NA,749000.0,1522.0,2.0,3.0,3.0,2.0,2.0,2.0,2002.0
townhomes,townhouse,530000.0,1195.0,2.0,3.0,3.0,2.0,2.0,0.0,2021.0
single_family,NA,675000.0,1600.0,1.0,4.0,2.0,2.0,2.0,2.0,1976.0
single_family,NA,395000.0,812.0,1.0,2.0,1.0,1.0,1.0,1.0,1943.0
single_family,NA,595000.0,1063.0,1.0,2.0,1.0,1.0,1.0,0.0,1940.0
single_family,NA,290000.0,1211.0,1.0,3.0,2.0,1.0,2.0,0.0,1957.0
land,NA,24900.0,0.0,0.0,0.0,0.0,0.0,0.0,0.0,0.0
single_family,NA,575000.0,845.0,1.0,0.0,1.0,0.0,1.0,1.0,2006.0
single_family,NA,949000.0,1808.0,1.0,3.0,2.0,2.0,2.0,2.0,1946.0
land,NA,500000.0,0.0,0.0,0.0,0.0,0.0,0.0,0.0,0.0
mobile,NA,359900.0,1536.0,1.0,2.0,2.0,2.0,2.0,0.0,1975.0
single_family,NA,679000.0,814.0,1.0,2.0,1.0,1.0,1.0,2.0,1949.0
single_family,NA,525000.0,1697.0,2.0,3.0,3.0,2.0,2.0,0.0,2018.0
condos,condo,1988000.0,2274.0,2.0,3.0,4.0,3.0,3.0,2.0,2018.0
townhomes,townhouse,1029000.0,2022.0,3.0,4.0,4.0,3.0,3.0,2.0,2022.0
single_family,NA,822540.0,3397.0,2.0,6.0,4.0,4.0,4.0,2.0,2025.0
single_family,NA,749000.0,1384.0,1.0,3.0,2.0,2.0,2.0,2.0,1982.0
single_family,NA,599950.0,1860.0,1.0,3.0,2.0,2.0,2.0,2.0,2024.0
single_family,NA,2280000.0,4040.0,3.0,5.0,4.0,4.0,4.0,2.0,1989.0
single_family,NA,3040000.0,3057.0,2.0,4.0,5.0,5.0,5.0,2.0,1896.0
single_family,NA,749000.0,1115.0,1.0,3.0,2.0,2.0,2.0,2.0,1955.0
single_family,NA,329999.0,1148.0,1.0,4.0,2.0,2.0,2.0,0.0,1999.0
single_family,NA,518800.0,2037.0,1.0,4.0,3.0,3.0,3.0,0.0,2025.0
land,NA,998000.0,0.0,0.0,0.0,0.0,0.0,0.0,0.0,0.0
single_family,NA,2250000.0,3025.0,3.0,4.0,3.0,3.0,3.0,2.0,2025.0
mobile,NA,210000.0,1458.0,1.0,3.0,2.0,2.0,2.0,0.0,2019.0
condos,condo,385000.0,674.0,1.0,1.0,1.0,1.0,1.0,1.0,1985.0
land,NA,59000.0,0.0,0.0,0.0,0.0,0.0,0.0,0.0,0.0
single_family,NA,275000.0,836.0,1.0,2.0,1.0,1.0,1.0,1.0,1952.0
single_family,NA,950000.0,3732.0,3.0,4.0,3.0,3.0,3.0,2.0,1977.0
single_family,NA,305000.0,1992.0,1.0,4.0,2.0,2.0,2.0,2.0,1964.0
single_family,NA,1250000.0,1591.0,1.0,2.0,1.0,1.0,1.0,0.0,1951.0
multi_family,NA,750000.0,1652.0,1.0,5.0,2.0,2.0,2.0,0.0,1979.0
townhomes,townhouse,695000.0,1030.0,2.0,2.0,3.0,0.0,2.0,2.0,1992.0
condos,condo,277000.0,1468.0,2.0,3.0,3.0,2.0,2.0,2.0,1980.0
land,NA,10000.0,0.0,0.0,0.0,0.0,0.0,0.0,0.0,0.0
mobile,NA,399900.0,1230.0,1.0,3.0,2.0,2.0,2.0,0.0,2023.0
single_family,NA,985000.0,4053.0,1.0,4.0,4.0,3.0,3.0,4.0,2003.0
land,NA,22000.0,0.0,0.0,0.0,0.0,0.0,0.0,0.0,0.0
multi_family,NA,4480000.0,2826.0,2.0,6.0,3.0,3.0,3.0,0.0,1960.0
single_family,NA,850000.0,1574.0,2.0,3.0,3.0,1.0,2.0,2.0,1995.0
single_family,NA,349900.0,1046.0,1.0,2.0,2.0,2.0,2.0,2.0,1979.0
condos,condo,735000.0,1391.0,2.0,1.0,2.0,1.0,1.0,1.0,2007.0
townhomes,townhouse,699000.0,1308.0,2.0,2.0,3.0,2.0,2.0,1.0,1973.0
single_family,NA,624900.0,1839.0,2.0,4.0,3.0,2.0,2.0,2.0,1996.0
single_family,NA,699000.0,1752.0,2.0,4.0,3.0,2.0,2.0,2.0,2002.0
land,NA,65000.0,0.0,0.0,0.0,0.0,0.0,0.0,0.0,0.0
single_family,NA,1800000.0,3947.0,2.0,4.0,4.0,4.0,4.0,3.0,1992.0
condos,condo,1650000.0,2134.0,2.0,3.0,4.0,3.0,3.0,2.0,2017.0
single_family,NA,659000.0,1473.0,1.0,2.0,2.0,2.0,2.0,2.0,1981.0
single_family,NA,1099000.0,1812.0,3.0,3.0,3.0,2.0,2.0,2.0,2022.0
single_family,NA,1549000.0,1920.0,1.0,2.0,2.0,2.0,2.0,2.0,1978.0
single_family,NA,1300000.0,1927.0,1.0,3.0,3.0,2.0,2.0,2.0,1963.0
single_family,NA,1349888.0,1945.0,2.0,3.0,3.0,2.0,2.0,2.0,1976.0
condos,condo,221999.0,978.0,1.0,2.0,2.0,2.0,2.0,0.0,1980.0
single_family,NA,1150000.0,936.0,1.0,2.0,1.0,1.0,1.0,0.0,1937.0
single_family,NA,369000.0,1788.0,2.0,4.0,3.0,2.0,2.0,0.0,1966.0
single_family,NA,589000.0,1378.0,1.0,3.0,2.0,2.0,2.0,2.0,1987.0
single_family,NA,440000.0,2130.0,1.0,4.0,2.0,2.0,2.0,2.0,2004.0
condos,condo,315000.0,1163.0,1.0,2.0,2.0,2.0,2.0,0.0,1963.0
single_family,NA,790000.0,1574.0,2.0,4.0,3.0,2.0,2.0,2.0,2016.0
single_family,NA,1449990.0,1749.0,2.0,3.0,2.0,1.0,1.0,2.0,1967.0
condos,condo,575000.0,1782.0,1.0,3.0,3.0,3.0,3.0,2.0,1983.0
single_family,NA,890000.0,704.0,1.0,1.0,1.0,1.0,1.0,1.0,1926.0
land,NA,21000.0,0.0,0.0,0.0,0.0,0.0,0.0,0.0,0.0
single_family,NA,1299000.0,2274.0,2.0,3.0,3.0,2.0,2.0,3.0,1984.0
single_family,NA,489900.0,2105.0,1.0,4.0,4.0,3.0,3.0,2.0,1989.0
condos,condo,439000.0,1431.0,2.0,2.0,3.0,2.0,2.0,2.0,1986.0
single_family,NA,675000.0,2637.0,1.0,4.0,3.0,2.0,2.0,2.0,1977.0
condos,condo,425000.0,915.0,1.0,1.0,1.0,1.0,1.0,1.0,2024.0
townhomes,townhouse,475000.0,1679.0,2.0,5.0,3.0,2.0,3.0,2.0,1974.0
townhomes,townhouse,1765000.0,2245.0,3.0,3.0,3.0,2.0,2.0,3.0,2014.0
single_family,NA,3200000.0,2500.0,2.0,3.0,3.0,3.0,3.0,1.0,1930.0
single_family,NA,1075000.0,1350.0,1.0,3.0,2.0,2.0,2.0,2.0,1961.0
single_family,NA,747000.0,1332.0,1.0,4.0,2.0,1.0,2.0,2.0,1976.0
single_family,NA,974900.0,2187.0,1.0,4.0,2.0,1.0,2.0,0.0,1950.0
single_family,NA,299000.0,736.0,1.0,2.0,1.0,1.0,1.0,0.0,1958.0
single_family,NA,799000.0,1424.0,1.0,3.0,3.0,1.0,3.0,2.0,1959.0
single_family,NA,2150000.0,4370.0,1.0,4.0,5.0,4.0,4.0,3.0,2006.0
single_family,NA,455000.0,2287.0,1.0,3.0,3.0,2.0,2.0,2.0,2005.0
condos,condo,638000.0,1053.0,5.0,2.0,2.0,2.0,2.0,2.0,1990.0
single_family,NA,658000.0,2529.0,1.0,3.0,3.0,2.0,2.0,2.0,1980.0
single_family,NA,520000.0,2569.0,2.0,4.0,3.0,3.0,3.0,2.0,2002.0
single_family,NA,1350000.0,1746.0,2.0,4.0,3.0,3.0,3.0,2.0,1992.0
condos,condo,899000.0,1227.0,4.0,2.0,2.0,2.0,2.0,2.0,1991.0
townhomes,townhouse,2899000.0,3003.0,2.0,5.0,5.0,4.0,4.0,2.0,2026.0
land,NA,930000.0,0.0,0.0,0.0,0.0,0.0,0.0,0.0,0.0
single_family,NA,399777.0,1414.0,1.0,3.0,2.0,2.0,2.0,2.0,1963.0
single_family,NA,619950.0,1153.0,1.0,2.0,1.0,1.0,1.0,2.0,1982.0
single_family,NA,420000.0,1392.0,1.0,3.0,2.0,2.0,2.0,2.0,2003.0
single_family,NA,1499000.0,2408.0,1.0,5.0,4.0,2.0,4.0,2.0,1953.0
condos,condo,315000.0,1503.0,2.0,3.0,3.0,2.0,2.0,2.0,1974.0
mobile,NA,324900.0,1152.0,1.0,3.0,2.0,2.0,2.0,0.0,2000.0
single_family,NA,525000.0,1499.0,1.0,3.0,3.0,2.0,2.0,2.0,1963.0
single_family,NA,1998000.0,1670.0,1.0,4.0,2.0,2.0,2.0,2.0,1965.0
single_family,NA,1050000.0,1538.0,1.0,3.0,2.0,2.0,2.0,2.0,1956.0
condos,condo,649000.0,1246.0,2.0,2.0,3.0,3.0,3.0,2.0,1975.0
land,NA,30000.0,0.0,0.0,0.0,0.0,0.0,0.0,0.0,0.0
single_family,NA,359900.0,1226.0,1.0,3.0,2.0,2.0,2.0,2.0,1962.0
land,NA,17500.0,0.0,0.0,0.0,0.0,0.0,0.0,0.0,0.0
condos,condo,540000.0,1265.0,2.0,3.0,3.0,3.0,3.0,1.0,1985.0
single_family,NA,449000.0,1855.0,1.0,5.0,2.0,2.0,2.0,2.0,1996.0
multi_family,NA,470000.0,2321.0,1.0,6.0,4.0,4.0,4.0,4.0,1978.0
single_family,NA,1400000.0,1446.0,1.0,3.0,2.0,2.0,2.0,2.0,1963.0
single_family,NA,310000.0,1174.0,1.0,3.0,2.0,2.0,2.0,2.0,1953.0
single_family,NA,768000.0,1200.0,1.0,3.0,2.0,1.0,1.0,1.0,1942.0
single_family,NA,1199000.0,4090.0,2.0,5.0,3.0,3.0,3.0,3.0,1999.0
single_family,NA,710800.0,1118.0,1.0,3.0,2.0,2.0,2.0,2.0,1977.0
mobile,NA,299000.0,1440.0,1.0,2.0,2.0,2.0,2.0,0.0,1976.0
condos,condo,899000.0,2095.0,2.0,4.0,3.0,2.0,2.0,2.0,1990.0
condos,condo,799900.0,1338.0,2.0,2.0,3.0,2.0,2.0,2.0,2007.0
single_family,NA,619900.0,2235.0,1.0,4.0,3.0,3.0,3.0,3.0,2022.0
single_family,NA,998000.0,1224.0,1.0,3.0,1.0,1.0,1.0,2.0,1928.0
single_family,NA,419000.0,1574.0,1.0,5.0,2.0,2.0,2.0,2.0,2020.0
single_family,NA,4495000.0,2231.0,1.0,2.0,2.0,2.0,2.0,2.0,1941.0
single_family,NA,2498000.0,2164.0,1.0,4.0,3.0,3.0,3.0,2.0,1931.0
condos,condo,295000.0,640.0,1.0,1.0,1.0,1.0,1.0,0.0,1986.0
single_family,NA,3450000.0,3682.0,1.0,5.0,4.0,3.0,3.0,2.0,1952.0
single_family,NA,1750000.0,2002.0,1.0,4.0,2.0,2.0,2.0,3.0,1971.0
single_family,NA,1350000.0,1581.0,1.0,3.0,2.0,2.0,2.0,2.0,1981.0
single_family,NA,649900.0,1782.0,1.0,4.0,2.0,2.0,2.0,3.0,1986.0
single_family,NA,399900.0,805.0,1.0,2.0,1.0,1.0,1.0,0.0,1949.0
single_family,NA,399000.0,1464.0,1.0,4.0,2.0,2.0,2.0,2.0,1975.0
single_family,NA,450000.0,1194.0,1.0,3.0,2.0,2.0,2.0,1.0,1954.0
single_family,NA,3888000.0,2418.0,2.0,4.0,3.0,2.0,2.0,1.0,1951.0
single_family,NA,519000.0,1676.0,1.0,4.0,2.0,2.0,2.0,1.0,1960.0
single_family,NA,935000.0,2781.0,2.0,4.0,3.0,3.0,3.0,3.0,1990.0
single_family,NA,490000.0,1352.0,1.0,3.0,2.0,1.0,1.0,0.0,1960.0
single_family,NA,1350000.0,768.0,1.0,2.0,1.0,1.0,1.0,2.0,1954.0
mobile,NA,139900.0,1966.0,1.0,2.0,2.0,2.0,2.0,0.0,1981.0
single_family,NA,750000.0,1659.0,1.0,3.0,2.0,2.0,2.0,2.0,1988.0
single_family,NA,3550000.0,4726.0,2.0,5.0,4.0,4.0,4.0,4.0,1987.0
single_family,NA,2475000.0,2258.0,2.0,4.0,4.0,3.0,3.0,2.0,2017.0
condos,condo,389000.0,1193.0,1.0,3.0,2.0,2.0,2.0,1.0,1998.0
condos,condo,385000.0,685.0,1.0,1.0,1.0,1.0,1.0,0.0,1980.0
single_family,NA,759700.0,2404.0,1.0,3.0,3.0,3.0,3.0,2.0,2005.0
townhomes,townhouse,675000.0,1035.0,3.0,2.0,2.0,1.0,1.0,2.0,1984.0
condos,condo,399999.0,614.0,1.0,1.0,1.0,1.0,1.0,1.0,1974.0
single_family,NA,250000.0,800.0,1.0,1.0,1.0,1.0,1.0,2.0,1984.0
single_family,NA,2950000.0,2490.0,1.0,3.0,3.0,2.0,2.0,2.0,1966.0
single_family,NA,275000.0,1442.0,2.0,2.0,2.0,1.0,2.0,1.0,1957.0
mobile,NA,549000.0,1728.0,1.0,2.0,2.0,2.0,2.0,0.0,1978.0
single_family,NA,1150000.0,3198.0,2.0,5.0,4.0,3.0,3.0,3.0,2008.0
single_family,NA,978888.0,2030.0,1.0,4.0,3.0,3.0,3.0,2.0,1960.0
single_family,NA,785000.0,672.0,1.0,2.0,1.0,1.0,1.0,0.0,1936.0
single_family,NA,826000.0,3244.0,2.0,5.0,5.0,4.0,4.0,3.0,2025.0
single_family,NA,998000.0,1323.0,1.0,2.0,1.0,1.0,1.0,1.0,1925.0
land,NA,7900.0,0.0,0.0,0.0,0.0,0.0,0.0,0.0,0.0
single_family,NA,529999.0,1139.0,1.0,3.0,2.0,2.0,2.0,2.0,1985.0
single_family,NA,499000.0,1240.0,1.0,4.0,2.0,2.0,2.0,1.0,1972.0
single_family,NA,425000.0,1605.0,1.0,3.0,3.0,3.0,3.0,2.0,1912.0
single_family,NA,649000.0,1733.0,1.0,4.0,2.0,2.0,2.0,2.0,2021.0
single_family,NA,1329340.0,3031.0,2.0,4.0,3.0,3.0,3.0,3.0,2004.0
single_family,NA,2100000.0,3543.0,1.0,6.0,5.0,2.0,4.0,2.0,1957.0
single_family,NA,359000.0,1268.0,2.0,2.0,3.0,2.0,2.0,2.0,1981.0
single_family,NA,739900.0,1026.0,1.0,3.0,1.0,1.0,1.0,2.0,1949.0
single_family,NA,3795000.0,4420.0,2.0,4.0,5.0,4.0,4.0,3.0,1992.0
single_family,NA,539500.0,2410.0,1.0,5.0,2.0,2.0,2.0,2.0,2016.0
single_family,NA,465000.0,1080.0,1.0,3.0,2.0,2.0,2.0,1.0,1977.0
single_family,NA,499000.0,880.0,1.0,3.0,1.0,1.0,1.0,0.0,1953.0
single_family,NA,449900.0,1170.0,1.0,3.0,2.0,2.0,2.0,2.0,1957.0
single_family,NA,624995.0,1863.0,1.0,3.0,2.0,2.0,2.0,2.0,1987.0
single_family,NA,825000.0,1837.0,1.0,3.0,2.0,2.0,2.0,2.0,1967.0
single_family,NA,545000.0,2136.0,1.0,4.0,2.0,2.0,2.0,3.0,2004.0
single_family,NA,640000.0,2821.0,2.0,5.0,4.0,4.0,4.0,3.0,2005.0
single_family,NA,1898000.0,3230.0,2.0,4.0,3.0,3.0,3.0,2.0,1989.0
single_family,NA,799000.0,1262.0,2.0,3.0,3.0,2.0,2.0,2.0,1995.0
single_family,NA,725000.0,2641.0,1.0,3.0,2.0,2.0,2.0,0.0,1992.0
land,NA,52000.0,0.0,0.0,0.0,0.0,0.0,0.0,0.0,0.0
single_family,NA,1399000.0,1368.0,1.0,4.0,2.0,2.0,2.0,1.0,1939.0
single_family,NA,925000.0,1701.0,1.0,3.0,2.0,2.0,2.0,2.0,1954.0
single_family,NA,849900.0,2086.0,1.0,4.0,3.0,3.0,3.0,2.0,1956.0
condos,condo,499000.0,1137.0,1.0,2.0,2.0,2.0,2.0,2.0,1977.0
single_family,NA,1299000.0,1183.0,1.0,3.0,2.0,2.0,2.0,2.0,1945.0
single_family,NA,679500.0,2922.0,1.0,4.0,3.0,3.0,3.0,2.0,1989.0
condos,condo,799000.0,1365.0,2.0,2.0,3.0,1.0,2.0,2.0,1982.0
single_family,NA,3850000.0,3804.0,1.0,4.0,3.0,3.0,3.0,3.0,1989.0
single_family,NA,569990.0,1705.0,2.0,3.0,3.0,2.0,2.0,2.0,2025.0
single_family,NA,2199950.0,2210.0,2.0,4.0,2.0,2.0,2.0,2.0,1965.0
single_family,NA,635000.0,2060.0,1.0,3.0,2.0,2.0,2.0,2.0,2002.0
single_family,NA,1125000.0,4130.0,2.0,6.0,5.0,4.0,4.0,3.0,2002.0
single_family,NA,1699999.0,3600.0,1.0,4.0,5.0,4.0,4.0,3.0,2012.0
single_family,NA,1250000.0,2038.0,1.0,3.0,2.0,2.0,2.0,1.0,1943.0
single_family,NA,598950.0,1997.0,2.0,4.0,3.0,2.0,2.0,2.0,2001.0
single_family,NA,1499000.0,1690.0,1.0,3.0,2.0,2.0,2.0,2.0,1958.0
single_family,NA,4495000.0,2544.0,1.0,4.0,2.0,2.0,2.0,3.0,1963.0
single_family,NA,1200000.0,1251.0,1.0,3.0,2.0,2.0,2.0,2.0,1974.0
townhomes,townhouse,726000.0,1384.0,3.0,3.0,3.0,3.0,3.0,2.0,2022.0
condos,condo,1460000.0,1927.0,2.0,4.0,3.0,3.0,3.0,2.0,2025.0
single_family,NA,489900.0,1678.0,1.0,5.0,2.0,2.0,2.0,2.0,1996.0
single_family,NA,1300000.0,2437.0,2.0,5.0,3.0,3.0,3.0,2.0,1977.0
single_family,NA,1386000.0,1486.0,1.0,2.0,1.0,0.0,1.0,0.0,1984.0
single_family,NA,747000.0,1152.0,1.0,3.0,2.0,1.0,2.0,2.0,1940.0
single_family,NA,339999.0,1205.0,1.0,2.0,2.0,2.0,2.0,2.0,2008.0
single_family,NA,699000.0,1740.0,1.0,4.0,2.0,2.0,2.0,0.0,1978.0
single_family,NA,219000.0,1496.0,1.0,2.0,3.0,2.0,2.0,2.0,1984.0
single_family,NA,6800000.0,4347.0,3.0,5.0,8.0,5.0,5.0,3.0,2026.0
land,NA,2695000.0,0.0,0.0,0.0,0.0,0.0,0.0,0.0,0.0
land,NA,39000.0,0.0,0.0,0.0,0.0,0.0,0.0,0.0,0.0
condos,condo,899000.0,2119.0,3.0,4.0,4.0,3.0,3.0,2.0,2020.0
single_family,NA,2795000.0,2400.0,1.0,3.0,3.0,3.0,3.0,2.0,2025.0
single_family,NA,425000.0,1751.0,1.0,4.0,2.0,2.0,2.0,2.0,2017.0
single_family,NA,849900.0,1140.0,1.0,3.0,2.0,2.0,2.0,2.0,1952.0
single_family,NA,3498000.0,2295.0,1.0,4.0,4.0,3.0,3.0,2.0,2021.0
single_family,NA,1585000.0,1994.0,2.0,4.0,3.0,2.0,2.0,2.0,1990.0
single_family,NA,3945000.0,4880.0,2.0,6.0,6.0,5.0,5.0,2.0,2025.0
single_family,NA,875000.0,1676.0,2.0,3.0,3.0,2.0,2.0,2.0,1995.0
single_family,NA,560000.0,792.0,2.0,3.0,2.0,2.0,2.0,2.0,1925.0
land,NA,900000.0,0.0,0.0,0.0,0.0,0.0,0.0,0.0,0.0
multi_family,NA,765000.0,1693.0,2.0,4.0,4.0,4.0,4.0,1.0,1940.0
single_family,NA,439900.0,1455.0,1.0,3.0,2.0,2.0,2.0,2.0,1992.0
land,NA,16500.0,0.0,0.0,0.0,0.0,0.0,0.0,0.0,0.0
single_family,NA,394500.0,1683.0,1.0,2.0,2.0,2.0,2.0,2.0,2003.0
multi_family,NA,579000.0,1940.0,1.0,4.0,4.0,4.0,4.0,2.0,1981.0
condos,condo,730000.0,1747.0,3.0,3.0,4.0,3.0,3.0,2.0,2020.0
single_family,NA,450000.0,2223.0,1.0,4.0,3.0,3.0,3.0,3.0,1991.0
single_family,NA,1290000.0,3419.0,2.0,4.0,4.0,4.0,4.0,3.0,2003.0
single_family,NA,900000.0,2206.0,1.0,3.0,2.0,2.0,2.0,3.0,1999.0
single_family,NA,585000.0,1828.0,1.0,3.0,2.0,2.0,2.0,2.0,2015.0
single_family,NA,714900.0,2002.0,1.0,3.0,3.0,3.0,3.0,2.0,2019.0
land,NA,210000.0,0.0,0.0,0.0,0.0,0.0,0.0,0.0,0.0
townhomes,townhouse,690000.0,1302.0,2.0,2.0,3.0,3.0,3.0,2.0,1975.0
condos,condo,799000.0,1234.0,2.0,3.0,2.0,2.0,2.0,2.0,1990.0
condos,condo,1028000.0,1154.0,1.0,2.0,2.0,2.0,2.0,2.0,1985.0
townhomes,townhouse,673546.0,1448.0,3.0,3.0,3.0,3.0,3.0,2.0,2025.0
condos,condo,425000.0,722.0,1.0,1.0,1.0,1.0,1.0,1.0,2008.0
single_family,NA,509000.0,1218.0,1.0,3.0,2.0,2.0,2.0,2.0,2004.0
single_family,NA,2448000.0,3983.0,2.0,5.0,5.0,4.0,4.0,3.0,2004.0
single_family,NA,775000.0,1812.0,2.0,3.0,3.0,2.0,2.0,2.0,1994.0
single_family,NA,499000.0,1783.0,1.0,4.0,2.0,2.0,2.0,2.0,1980.0
land,NA,320000.0,0.0,0.0,0.0,0.0,0.0,0.0,0.0,0.0
condos,condo,204888.0,855.0,1.0,2.0,1.0,1.0,1.0,1.0,1983.0
single_family,NA,538000.0,2190.0,2.0,3.0,3.0,2.0,2.0,2.0,2007.0
single_family,NA,1999999.0,2216.0,1.0,3.0,3.0,3.0,3.0,2.0,1957.0
condos,condo,459000.0,625.0,1.0,1.0,1.0,1.0,1.0,0.0,1981.0
single_family,NA,460000.0,947.0,1.0,2.0,2.0,1.0,2.0,0.0,1985.0
single_family,NA,414900.0,1122.0,1.0,3.0,2.0,2.0,2.0,2.0,1990.0
single_family,NA,999000.0,1421.0,1.0,4.0,2.0,2.0,2.0,2.0,1944.0
single_family,NA,1238500.0,1891.0,2.0,5.0,3.0,3.0,3.0,2.0,1971.0
land,NA,37000.0,0.0,0.0,0.0,0.0,0.0,0.0,0.0,0.0
single_family,NA,1399000.0,2593.0,1.0,4.0,3.0,3.0,3.0,2.0,1963.0
single_family,NA,699800.0,1926.0,2.0,4.0,3.0,3.0,3.0,2.0,1979.0
single_family,NA,1249000.0,3488.0,2.0,6.0,3.0,3.0,3.0,2.0,1983.0
mobile,NA,339909.0,1452.0,1.0,3.0,3.0,3.0,3.0,0.0,1983.0
land,NA,29000.0,0.0,0.0,0.0,0.0,0.0,0.0,0.0,0.0
single_family,NA,350000.0,906.0,1.0,2.0,2.0,1.0,1.0,0.0,1918.0
condos,condo,225000.0,1037.0,2.0,2.0,2.0,1.0,1.0,1.0,1972.0
single_family,NA,699999.0,2214.0,1.0,4.0,2.0,2.0,2.0,3.0,2012.0
single_family,NA,599999.0,740.0,1.0,2.0,1.0,1.0,1.0,2.0,1940.0
single_family,NA,4250000.0,2685.0,2.0,3.0,4.0,3.0,3.0,4.0,1992.0
single_family,NA,875000.0,3069.0,2.0,4.0,3.0,3.0,3.0,3.0,2001.0
multi_family,NA,1050000.0,1343.0,1.0,3.0,2.0,2.0,2.0,2.0,2000.0
single_family,NA,750000.0,3070.0,2.0,5.0,3.0,3.0,3.0,3.0,2006.0
condos,condo,599000.0,973.0,1.0,2.0,2.0,2.0,2.0,1.0,1966.0
single_family,NA,899999.0,2215.0,2.0,4.0,2.0,2.0,2.0,3.0,1966.0
mobile,NA,59990.0,1000.0,1.0,2.0,2.0,2.0,2.0,1.0,1970.0
single_family,NA,2549000.0,4244.0,2.0,5.0,5.0,4.0,4.0,4.0,1999.0
single_family,NA,639900.0,1752.0,2.0,3.0,3.0,2.0,2.0,2.0,2003.0
single_family,NA,999999.0,2555.0,2.0,5.0,4.0,3.0,3.0,2.0,2024.0
single_family,NA,3995000.0,2202.0,3.0,2.0,2.0,2.0,2.0,2.0,2003.0
condos,condo,305000.0,1990.0,1.0,2.0,3.0,3.0,3.0,2.0,1980.0
single_family,NA,704000.0,2180.0,2.0,3.0,3.0,2.0,2.0,2.0,2001.0
single_family,NA,1299000.0,1544.0,1.0,3.0,2.0,2.0,2.0,2.0,1986.0
single_family,NA,2199000.0,3389.0,2.0,5.0,3.0,3.0,3.0,3.0,1973.0
single_family,NA,409000.0,1118.0,1.0,3.0,1.0,1.0,1.0,2.0,1956.0
single_family,NA,1600000.0,1753.0,1.0,3.0,2.0,2.0,2.0,2.0,1960.0
land,NA,200000.0,0.0,0.0,0.0,0.0,0.0,0.0,0.0,0.0
single_family,NA,2295000.0,5654.0,2.0,5.0,7.0,6.0,6.0,6.0,2017.0
condos,condo,2995000.0,3011.0,3.0,3.0,4.0,3.0,3.0,2.0,1986.0
single_family,NA,535000.0,1575.0,1.0,3.0,2.0,2.0,2.0,2.0,2024.0
single_family,NA,339900.0,1058.0,1.0,3.0,2.0,2.0,2.0,2.0,1963.0
single_family,NA,1250000.0,1328.0,1.0,3.0,2.0,1.0,2.0,2.0,1953.0
single_family,NA,429000.0,1837.0,2.0,3.0,3.0,2.0,2.0,2.0,1989.0
land,NA,49900.0,0.0,0.0,0.0,0.0,0.0,0.0,0.0,0.0
single_family,NA,588000.0,2380.0,1.0,4.0,3.0,3.0,3.0,3.0,2018.0
townhomes,townhouse,535990.0,1380.0,2.0,3.0,3.0,2.0,2.0,2.0,2026.0
single_family,NA,479900.0,2051.0,2.0,4.0,3.0,3.0,3.0,2.0,2021.0
single_family,NA,770000.0,2177.0,2.0,3.0,3.0,2.0,2.0,2.0,2021.0
condos,condo,725000.0,762.0,1.0,1.0,1.0,1.0,1.0,0.0,1979.0
single_family,NA,249000.0,608.0,1.0,2.0,1.0,1.0,1.0,0.0,1979.0
single_family,NA,960000.0,1821.0,1.0,3.0,2.0,2.0,2.0,0.0,1965.0
single_family,NA,449000.0,1118.0,1.0,2.0,2.0,1.0,1.0,2.0,2016.0
single_family,NA,1550000.0,3140.0,1.0,5.0,6.0,5.0,5.0,2.0,1965.0
single_family,NA,649000.0,1090.0,1.0,3.0,2.0,2.0,2.0,1.0,1921.0
single_family,NA,875000.0,1552.0,1.0,4.0,2.0,1.0,2.0,2.0,1958.0
single_family,NA,2999000.0,3502.0,2.0,3.0,4.0,4.0,4.0,0.0,1940.0
single_family,NA,297000.0,936.0,1.0,2.0,2.0,2.0,2.0,0.0,2002.0
single_family,NA,835000.0,1640.0,1.0,3.0,3.0,3.0,3.0,1.0,1939.0
single_family,NA,849000.0,1048.0,1.0,4.0,2.0,2.0,2.0,0.0,1955.0
single_family,NA,2895000.0,882.0,1.0,1.0,1.0,1.0,1.0,0.0,1959.0
single_family,NA,413000.0,1398.0,1.0,3.0,2.0,2.0,2.0,2.0,1963.0
condos,condo,579000.0,1224.0,2.0,3.0,2.0,2.0,2.0,0.0,1981.0
single_family,NA,665000.0,1645.0,1.0,3.0,2.0,2.0,2.0,2.0,1978.0
single_family,NA,1299000.0,1219.0,1.0,2.0,1.0,1.0,1.0,2.0,1930.0
single_family,NA,599000.0,2182.0,2.0,5.0,3.0,3.0,3.0,2.0,1985.0
land,NA,22500.0,0.0,0.0,0.0,0.0,0.0,0.0,0.0,0.0
single_family,NA,439500.0,1350.0,1.0,3.0,2.0,2.0,2.0,2.0,1977.0
condos,condo,799000.0,1138.0,4.0,2.0,2.0,2.0,2.0,0.0,1987.0
single_family,NA,640000.0,2518.0,2.0,4.0,5.0,3.0,3.0,2.0,1958.0
townhomes,townhouse,610000.0,1664.0,2.0,3.0,3.0,3.0,3.0,2.0,1977.0
single_family,NA,1995000.0,2662.0,1.0,3.0,2.0,2.0,2.0,2.0,1962.0
single_family,NA,885000.0,1895.0,2.0,3.0,3.0,1.0,2.0,2.0,1980.0
single_family,NA,938014.0,1608.0,1.0,4.0,2.0,2.0,2.0,2.0,1971.0
single_family,NA,519900.0,1691.0,2.0,3.0,3.0,2.0,2.0,2.0,2019.0
single_family,NA,649000.0,1008.0,1.0,2.0,1.0,1.0,1.0,2.0,1946.0
single_family,NA,895000.0,1551.0,1.0,3.0,2.0,2.0,2.0,0.0,1900.0
single_family,NA,1648000.0,2221.0,1.0,3.0,4.0,3.0,3.0,2.0,1948.0
single_family,NA,1550000.0,1705.0,1.0,2.0,1.0,1.0,1.0,0.0,1947.0
single_family,NA,895000.0,2492.0,1.0,3.0,2.0,1.0,1.0,3.0,1994.0
single_family,NA,2149999.0,2808.0,1.0,4.0,3.0,3.0,3.0,3.0,1999.0
single_family,NA,779000.0,2933.0,2.0,5.0,3.0,3.0,3.0,2.0,2025.0
land,NA,325000.0,0.0,0.0,0.0,0.0,0.0,0.0,0.0,0.0
single_family,NA,675000.0,2156.0,1.0,5.0,3.0,2.0,2.0,2.0,1990.0
single_family,NA,798000.0,1086.0,1.0,3.0,2.0,2.0,2.0,2.0,1954.0
single_family,NA,675000.0,1156.0,1.0,3.0,2.0,2.0,2.0,1.0,1961.0
single_family,NA,1795000.0,2311.0,1.0,3.0,3.0,2.0,2.0,2.0,1958.0
condos,condo,599000.0,664.0,4.0,1.0,1.0,1.0,1.0,0.0,1973.0
condos,condo,389900.0,610.0,1.0,1.0,1.0,1.0,1.0,1.0,1983.0
single_family,NA,998000.0,1478.0,2.0,2.0,1.0,1.0,1.0,0.0,1940.0
condos,condo,1199000.0,664.0,2.0,1.0,1.0,1.0,1.0,0.0,1973.0
single_family,NA,634900.0,2127.0,1.0,4.0,3.0,3.0,3.0,2.0,1960.0
single_family,NA,573600.0,1725.0,2.0,4.0,3.0,2.0,2.0,2.0,2026.0
single_family,NA,439900.0,1240.0,2.0,3.0,2.0,1.0,1.0,0.0,1966.0
single_family,NA,499000.0,839.0,1.0,2.0,1.0,1.0,1.0,2.0,1985.0
mobile,NA,129900.0,1368.0,1.0,2.0,2.0,2.0,2.0,0.0,1974.0
single_family,NA,499000.0,1550.0,1.0,3.0,2.0,2.0,2.0,2.0,1990.0
single_family,NA,1495000.0,3768.0,2.0,4.0,4.0,3.0,3.0,3.0,2005.0
single_family,NA,890000.0,1913.0,2.0,4.0,3.0,2.0,2.0,2.0,2003.0
condos,condo,1595000.0,879.0,1.0,2.0,2.0,2.0,2.0,1.0,1973.0
single_family,NA,557000.0,1190.0,1.0,3.0,2.0,2.0,2.0,2.0,1981.0
single_family,NA,599999.0,2463.0,2.0,5.0,3.0,3.0,3.0,2.0,2012.0
single_family,NA,465000.0,1620.0,1.0,4.0,2.0,2.0,2.0,2.0,1958.0
single_family,NA,739000.0,2658.0,2.0,3.0,3.0,2.0,2.0,2.0,1986.0
land,NA,325000.0,0.0,0.0,0.0,0.0,0.0,0.0,0.0,0.0
condos,condo,649000.0,936.0,1.0,2.0,2.0,1.0,2.0,1.0,1992.0
single_family,NA,854958.0,2732.0,1.0,3.0,3.0,3.0,3.0,3.0,2003.0
single_family,NA,1290000.0,2988.0,2.0,4.0,5.0,4.0,4.0,2.0,1982.0
single_family,NA,1150000.0,1504.0,1.0,2.0,1.0,1.0,1.0,2.0,1925.0
single_family,NA,695000.0,1710.0,1.0,4.0,2.0,2.0,2.0,3.0,1988.0
condos,condo,269000.0,768.0,1.0,1.0,1.0,1.0,1.0,0.0,1974.0
land,NA,1300000.0,0.0,0.0,0.0,0.0,0.0,0.0,0.0,0.0
condos,condo,499000.0,816.0,1.0,2.0,2.0,2.0,2.0,1.0,1991.0
single_family,NA,1049500.0,3443.0,2.0,4.0,3.0,3.0,3.0,3.0,2001.0
land,NA,71000.0,0.0,0.0,0.0,0.0,0.0,0.0,0.0,0.0
single_family,NA,639950.0,2313.0,1.0,4.0,2.0,2.0,2.0,4.0,2005.0
condos,condo,920000.0,2522.0,3.0,3.0,3.0,3.0,3.0,2.0,2020.0
single_family,NA,1325000.0,2422.0,2.0,4.0,3.0,2.0,2.0,2.0,1973.0
single_family,NA,3195000.0,3930.0,2.0,4.0,5.0,4.0,4.0,3.0,2016.0
single_family,NA,899900.0,944.0,1.0,2.0,1.0,1.0,1.0,2.0,1942.0
condos,condo,1099000.0,1440.0,4.0,3.0,3.0,3.0,3.0,2.0,2004.0
single_family,NA,849900.0,3572.0,1.0,5.0,3.0,3.0,3.0,3.0,2002.0
single_family,NA,3450000.0,3456.0,1.0,4.0,4.0,2.0,3.0,2.0,1950.0
single_family,NA,669950.0,2214.0,1.0,3.0,3.0,2.0,2.0,2.0,2013.0
single_family,NA,749000.0,1901.0,1.0,3.0,2.0,2.0,2.0,2.0,2018.0
single_family,NA,2050000.0,2414.0,2.0,3.0,3.0,2.0,2.0,2.0,2010.0
single_family,NA,774900.0,2095.0,1.0,3.0,2.0,2.0,2.0,3.0,1995.0
single_family,NA,1199988.0,2905.0,1.0,4.0,3.0,3.0,3.0,3.0,1999.0
single_family,NA,1100000.0,2868.0,2.0,3.0,3.0,3.0,3.0,2.0,1972.0
single_family,NA,1088000.0,2271.0,1.0,4.0,3.0,3.0,3.0,2.0,1955.0
single_family,NA,1190000.0,1608.0,1.0,3.0,2.0,2.0,2.0,2.0,1954.0
single_family,NA,1300000.0,1473.0,1.0,2.0,2.0,1.0,2.0,2.0,1941.0
single_family,NA,749000.0,1407.0,1.0,4.0,2.0,2.0,2.0,2.0,1960.0
single_family,NA,515990.0,1794.0,2.0,3.0,3.0,2.0,2.0,2.0,2021.0
townhomes,townhouse,1699000.0,2320.0,2.0,4.0,3.0,2.0,2.0,2.0,2000.0
single_family,NA,969950.0,1524.0,1.0,4.0,3.0,1.0,2.0,2.0,1961.0
single_family,NA,3099000.0,3417.0,1.0,7.0,6.0,6.0,6.0,0.0,2023.0
single_family,NA,649000.0,1179.0,1.0,3.0,1.0,1.0,1.0,1.0,1953.0
condos,condo,629000.0,877.0,1.0,2.0,2.0,2.0,2.0,1.0,1986.0
condos,condo,659000.0,2099.0,1.0,3.0,3.0,2.0,3.0,0.0,1966.0
single_family,NA,799800.0,1858.0,2.0,4.0,3.0,3.0,3.0,2.0,1966.0
single_family,NA,318000.0,1399.0,1.0,4.0,2.0,2.0,2.0,2.0,1988.0
condos,condo,599000.0,727.0,1.0,1.0,1.0,1.0,1.0,0.0,1965.0
single_family,NA,1050000.0,1441.0,1.0,4.0,2.0,1.0,2.0,1.0,1950.0
single_family,NA,795000.0,2019.0,1.0,4.0,2.0,2.0,2.0,4.0,2006.0
single_family,NA,870000.0,1525.0,1.0,4.0,2.0,2.0,2.0,2.0,1956.0
single_family,NA,1125000.0,1715.0,2.0,3.0,3.0,1.0,2.0,2.0,2006.0
condos,condo,1300000.0,1539.0,1.0,2.0,3.0,3.0,3.0,0.0,2005.0
land,NA,55000.0,0.0,0.0,0.0,0.0,0.0,0.0,0.0,0.0
single_family,NA,499000.0,1767.0,1.0,3.0,2.0,2.0,2.0,2.0,1960.0
single_family,NA,475000.0,698.0,1.0,2.0,1.0,1.0,1.0,0.0,1922.0
single_family,NA,990000.0,1604.0,1.0,3.0,3.0,2.0,2.0,2.0,1995.0
single_family,NA,2595000.0,1462.0,1.0,3.0,2.0,2.0,2.0,0.0,1923.0
townhomes,townhouse,1939000.0,2225.0,2.0,3.0,3.0,2.0,2.0,2.0,2001.0
single_family,NA,725000.0,819.0,1.0,2.0,1.0,1.0,1.0,1.0,1954.0
condos,condo,314999.0,682.0,1.0,1.0,1.0,1.0,1.0,0.0,2004.0
condos,condo,920000.0,1611.0,1.0,3.0,3.0,3.0,3.0,3.0,2022.0
single_family,NA,739999.0,1144.0,1.0,4.0,2.0,2.0,2.0,2.0,1962.0
single_family,NA,499900.0,1969.0,2.0,5.0,3.0,3.0,3.0,2.0,1988.0
single_family,NA,1588000.0,1973.0,2.0,5.0,3.0,3.0,3.0,2.0,1966.0
multi_family,NA,1195000.0,3136.0,2.0,8.0,4.0,4.0,4.0,0.0,1956.0
condos,condo,3295000.0,2490.0,1.0,3.0,4.0,1.0,3.0,0.0,1982.0
single_family,NA,699999.0,2032.0,1.0,3.0,2.0,2.0,2.0,3.0,2000.0
single_family,NA,1995000.0,3520.0,2.0,4.0,4.0,4.0,4.0,3.0,2018.0
single_family,NA,645900.0,2091.0,2.0,4.0,3.0,3.0,3.0,2.0,2003.0
land,NA,129900.0,0.0,0.0,0.0,0.0,0.0,0.0,0.0,0.0
mobile,NA,238000.0,1736.0,1.0,2.0,2.0,2.0,2.0,0.0,1976.0
land,NA,59500.0,0.0,0.0,0.0,0.0,0.0,0.0,0.0,0.0
land,NA,19500.0,0.0,0.0,0.0,0.0,0.0,0.0,0.0,0.0
single_family,NA,940000.0,2238.0,2.0,3.0,3.0,2.0,2.0,2.0,1968.0
mobile,NA,179000.0,700.0,1.0,2.0,2.0,2.0,2.0,0.0,1972.0
single_family,NA,595000.0,1894.0,2.0,4.0,3.0,3.0,3.0,2.0,1991.0
single_family,NA,4995000.0,4596.0,2.0,5.0,5.0,5.0,5.0,2.0,1923.0
single_family,NA,899000.0,1118.0,1.0,2.0,1.0,1.0,1.0,1.0,1923.0
single_family,NA,465000.0,2823.0,1.0,5.0,4.0,4.0,4.0,2.0,2005.0
townhomes,townhouse,688000.0,1511.0,2.0,3.0,3.0,0.0,2.0,2.0,1987.0
single_family,NA,365000.0,1238.0,1.0,2.0,2.0,2.0,2.0,1.0,2022.0
single_family,NA,579500.0,1683.0,2.0,3.0,3.0,2.0,2.0,2.0,1993.0
condos,condo,565000.0,1344.0,2.0,3.0,3.0,2.0,2.0,2.0,1983.0
condos,condo,949999.0,1279.0,2.0,2.0,3.0,2.0,2.0,2.0,1982.0
condos,condo,965000.0,1363.0,1.0,2.0,2.0,2.0,2.0,0.0,1963.0
mobile,NA,159000.0,1440.0,1.0,3.0,2.0,2.0,2.0,0.0,1987.0
single_family,NA,739000.0,1539.0,1.0,3.0,2.0,2.0,2.0,1.0,1950.0
single_family,NA,396900.0,1482.0,1.0,2.0,2.0,2.0,2.0,2.0,1989.0
single_family,NA,575000.0,1696.0,1.0,3.0,2.0,2.0,2.0,2.0,1949.0
single_family,NA,519900.0,840.0,1.0,2.0,1.0,1.0,1.0,1.0,1950.0
condos,condo,999000.0,1643.0,2.0,3.0,3.0,3.0,3.0,2.0,2022.0
single_family,NA,774995.0,1464.0,2.0,3.0,3.0,3.0,3.0,2.0,1983.0
condos,condo,798000.0,1540.0,1.0,2.0,2.0,2.0,2.0,0.0,1989.0
single_family,NA,995000.0,1692.0,1.0,4.0,2.0,2.0,2.0,2.0,1952.0
condos,condo,399900.0,934.0,1.0,3.0,2.0,1.0,2.0,2.0,1984.0
townhomes,townhouse,440000.0,1148.0,2.0,2.0,3.0,2.0,2.0,2.0,2025.0
single_family,NA,725000.0,997.0,1.0,2.0,1.0,1.0,1.0,2.0,1942.0
single_family,NA,329000.0,1200.0,1.0,3.0,2.0,2.0,2.0,1.0,1927.0
condos,condo,1435000.0,1581.0,2.0,3.0,3.0,2.0,2.0,2.0,1985.0
single_family,NA,715000.0,2098.0,2.0,4.0,3.0,2.0,3.0,2.0,2018.0
single_family,NA,1095000.0,1653.0,1.0,3.0,2.0,2.0,2.0,2.0,2021.0
single_family,NA,995000.0,1212.0,1.0,3.0,2.0,2.0,2.0,1.0,1948.0
single_family,NA,3888888.0,2768.0,2.0,5.0,3.0,3.0,3.0,2.0,1976.0
single_family,NA,320000.0,1320.0,1.0,3.0,2.0,2.0,2.0,2.0,1967.0
single_family,NA,575000.0,1104.0,1.0,3.0,2.0,2.0,2.0,2.0,1977.0
single_family,NA,299000.0,1560.0,1.0,3.0,2.0,2.0,2.0,2.0,1977.0
condos,condo,669000.0,1054.0,1.0,2.0,2.0,2.0,2.0,2.0,1972.0
single_family,NA,1825000.0,1717.0,1.0,4.0,2.0,2.0,2.0,2.0,1973.0
townhomes,townhouse,589999.0,1895.0,2.0,3.0,3.0,3.0,3.0,2.0,1983.0
single_family,NA,575000.0,2717.0,1.0,4.0,3.0,2.0,2.0,3.0,2007.0
single_family,NA,729000.0,3053.0,2.0,4.0,3.0,3.0,3.0,3.0,2023.0
single_family,NA,975000.0,1248.0,1.0,3.0,2.0,1.0,2.0,2.0,1948.0
single_family,NA,1124950.0,1926.0,1.0,5.0,3.0,3.0,3.0,0.0,1957.0
townhomes,townhouse,675000.0,1800.0,2.0,3.0,3.0,2.0,2.0,2.0,2022.0
single_family,NA,368000.0,1608.0,1.0,3.0,2.0,1.0,2.0,2.0,2005.0
single_family,NA,2899000.0,3258.0,1.0,4.0,4.0,3.0,3.0,2.0,1948.0
condos,condo,399900.0,934.0,1.0,3.0,2.0,1.0,2.0,2.0,1984.0
single_family,NA,715000.0,913.0,1.0,3.0,1.0,1.0,1.0,0.0,1949.0
single_family,NA,1500000.0,3087.0,1.0,4.0,3.0,3.0,3.0,3.0,2003.0
single_family,NA,849900.0,2586.0,2.0,4.0,3.0,3.0,3.0,2.0,2017.0
single_family,NA,595000.0,1688.0,1.0,4.0,2.0,2.0,2.0,2.0,1978.0
single_family,NA,839950.0,1252.0,1.0,3.0,2.0,2.0,2.0,2.0,1953.0
single_family,NA,539000.0,2012.0,1.0,3.0,2.0,2.0,2.0,2.0,1984.0
single_family,NA,479900.0,2264.0,1.0,2.0,2.0,2.0,2.0,2.0,2005.0
condos,condo,599000.0,975.0,2.0,2.0,2.0,2.0,2.0,0.0,1963.0
single_family,NA,1050000.0,1608.0,1.0,3.0,2.0,1.0,1.0,2.0,1936.0
single_family,NA,995000.0,1271.0,2.0,2.0,2.0,2.0,2.0,0.0,1964.0
single_family,NA,789000.0,3167.0,2.0,5.0,3.0,3.0,3.0,3.0,2023.0
single_family,NA,1248888.0,1651.0,1.0,3.0,3.0,3.0,3.0,1.0,1952.0
single_family,NA,1295000.0,3040.0,2.0,4.0,4.0,3.0,3.0,2.0,2001.0
single_family,NA,1170000.0,2683.0,2.0,4.0,3.0,3.0,3.0,3.0,2003.0
condos,condo,599000.0,1164.0,1.0,3.0,2.0,2.0,2.0,1.0,1978.0
single_family,NA,1599000.0,2821.0,2.0,4.0,3.0,3.0,3.0,3.0,1989.0
single_family,NA,449900.0,844.0,1.0,2.0,1.0,1.0,1.0,1.0,1950.0
single_family,NA,1360000.0,1986.0,2.0,3.0,3.0,2.0,3.0,2.0,2022.0
single_family,NA,410000.0,986.0,1.0,2.0,1.0,1.0,1.0,1.0,1941.0
single_family,NA,1980000.0,4080.0,1.0,3.0,5.0,4.0,4.0,2.0,2006.0
land,NA,340000.0,0.0,0.0,0.0,0.0,0.0,0.0,0.0,0.0
single_family,NA,515000.0,2544.0,2.0,5.0,3.0,3.0,3.0,3.0,2012.0
single_family,NA,700000.0,1316.0,1.0,3.0,2.0,2.0,2.0,2.0,1986.0
condos,condo,695000.0,906.0,1.0,2.0,2.0,2.0,2.0,1.0,1998.0
single_family,NA,479000.0,1606.0,1.0,3.0,2.0,2.0,2.0,2.0,1989.0
single_family,NA,474000.0,2552.0,2.0,4.0,3.0,3.0,3.0,2.0,1990.0
condos,condo,635000.0,942.0,1.0,2.0,2.0,2.0,2.0,1.0,1990.0
condos,condo,1749000.0,1673.0,1.0,2.0,2.0,2.0,2.0,2.0,1990.0
single_family,NA,450000.0,1731.0,1.0,4.0,2.0,2.0,2.0,2.0,1964.0
single_family,NA,820000.0,1111.0,1.0,3.0,2.0,2.0,2.0,2.0,1955.0
single_family,NA,369500.0,1144.0,1.0,3.0,2.0,2.0,2.0,2.0,1962.0
single_family,NA,314999.0,1510.0,1.0,3.0,2.0,2.0,2.0,1.0,1924.0
single_family,NA,379990.0,1444.0,1.0,3.0,2.0,2.0,2.0,2.0,1978.0
condos,condo,450000.0,1199.0,1.0,2.0,2.0,2.0,2.0,1.0,1973.0
townhomes,townhouse,1290000.0,1981.0,3.0,4.0,4.0,3.0,3.0,2.0,2024.0
single_family,NA,675000.0,1091.0,1.0,2.0,1.0,1.0,1.0,2.0,1959.0
single_family,NA,1699999.0,2598.0,2.0,4.0,3.0,3.0,3.0,2.0,1976.0
condos,condo,290000.0,934.0,1.0,3.0,2.0,2.0,2.0,1.0,1985.0
condos,condo,1889000.0,1642.0,1.0,2.0,2.0,2.0,2.0,2.0,2020.0
single_family,NA,340500.0,1220.0,1.0,3.0,2.0,2.0,2.0,2.0,1961.0
condos,condo,529000.0,884.0,1.0,2.0,1.0,1.0,1.0,0.0,1982.0
single_family,NA,740000.0,2952.0,2.0,4.0,4.0,3.0,3.0,3.0,2018.0
multi_family,NA,735000.0,2678.0,1.0,6.0,3.0,3.0,3.0,0.0,1970.0
condos,condo,515000.0,1007.0,1.0,2.0,2.0,2.0,2.0,2.0,1986.0
single_family,NA,2050000.0,2113.0,1.0,3.0,2.0,2.0,2.0,0.0,1923.0
single_family,NA,790000.0,1758.0,1.0,3.0,2.0,2.0,2.0,3.0,1983.0
land,NA,930000.0,0.0,0.0,0.0,0.0,0.0,0.0,0.0,0.0
single_family,NA,1995000.0,3649.0,2.0,5.0,4.0,4.0,4.0,3.0,2003.0
condos,condo,739999.0,1563.0,3.0,3.0,4.0,3.0,3.0,2.0,2020.0
condos,condo,297000.0,730.0,1.0,1.0,1.0,1.0,1.0,1.0,2004.0
single_family,NA,900000.0,3542.0,2.0,3.0,4.0,4.0,4.0,6.0,2003.0
condos,condo,449000.0,561.0,2.0,1.0,1.0,1.0,1.0,0.0,1937.0
condos,condo,699000.0,1251.0,3.0,2.0,3.0,3.0,3.0,2.0,1982.0
single_family,NA,1200000.0,2688.0,2.0,4.0,3.0,3.0,3.0,3.0,1978.0
multi_family,NA,699000.0,1646.0,1.0,3.0,3.0,3.0,3.0,0.0,1951.0
single_family,NA,610000.0,1720.0,1.0,3.0,2.0,2.0,2.0,2.0,1962.0
land,NA,498000.0,0.0,0.0,0.0,0.0,0.0,0.0,0.0,0.0
single_family,NA,1798000.0,2724.0,2.0,4.0,3.0,2.0,2.0,2.0,1953.0
single_family,NA,399900.0,740.0,1.0,2.0,1.0,1.0,1.0,0.0,1942.0
single_family,NA,1449000.0,2459.0,2.0,4.0,3.0,2.0,2.0,2.0,1999.0
single_family,NA,599000.0,2979.0,1.0,4.0,3.0,3.0,3.0,3.0,2007.0
single_family,NA,399000.0,1848.0,1.0,3.0,2.0,2.0,2.0,2.0,2007.0
land,NA,17500.0,0.0,0.0,0.0,0.0,0.0,0.0,0.0,0.0
mobile,NA,214900.0,1128.0,1.0,3.0,2.0,2.0,2.0,0.0,1977.0
single_family,NA,592990.0,1975.0,2.0,4.0,3.0,3.0,3.0,2.0,2025.0
single_family,NA,279000.0,1437.0,1.0,2.0,2.0,2.0,2.0,1.0,1963.0
single_family,NA,3195000.0,2494.0,2.0,5.0,3.0,3.0,3.0,2.0,1959.0
condos,condo,374999.0,1230.0,1.0,2.0,2.0,2.0,2.0,2.0,1985.0
single_family,NA,485000.0,1382.0,1.0,3.0,2.0,2.0,2.0,2.0,1978.0
condos,condo,899000.0,1583.0,3.0,3.0,3.0,3.0,3.0,2.0,2023.0
single_family,NA,649000.0,1293.0,2.0,3.0,3.0,2.0,2.0,2.0,1988.0
single_family,NA,1590000.0,3006.0,2.0,4.0,4.0,3.0,3.0,3.0,1967.0
single_family,NA,599999.0,972.0,1.0,2.0,1.0,1.0,1.0,0.0,1941.0
multi_family,NA,399000.0,1516.0,2.0,4.0,2.0,2.0,2.0,2.0,1932.0
single_family,NA,1799000.0,1191.0,1.0,3.0,2.0,2.0,2.0,2.0,1955.0
single_family,NA,400000.0,1139.0,1.0,4.0,2.0,2.0,2.0,2.0,1972.0
single_family,NA,1499999.0,2306.0,1.0,5.0,3.0,3.0,3.0,1.0,1928.0
single_family,NA,644999.0,2482.0,2.0,4.0,3.0,2.0,3.0,2.0,1988.0
single_family,NA,604999.0,2533.0,2.0,5.0,3.0,3.0,3.0,3.0,1995.0
single_family,NA,1204990.0,1711.0,1.0,2.0,3.0,2.0,2.0,2.0,2026.0
land,NA,1895000.0,0.0,0.0,0.0,0.0,0.0,0.0,0.0,0.0
single_family,NA,4295000.0,2007.0,1.0,3.0,3.0,2.0,2.0,2.0,1953.0
single_family,NA,949990.0,2245.0,2.0,4.0,4.0,3.0,3.0,2.0,2025.0
single_family,NA,2500000.0,1981.0,1.0,3.0,3.0,3.0,3.0,2.0,1950.0
single_family,NA,1100000.0,736.0,1.0,2.0,1.0,1.0,1.0,1.0,1941.0
single_family,NA,839000.0,2540.0,2.0,4.0,3.0,3.0,3.0,3.0,1996.0
single_family,NA,650000.0,560.0,1.0,1.0,1.0,1.0,1.0,3.0,1947.0
single_family,NA,545000.0,1869.0,1.0,3.0,2.0,2.0,2.0,2.0,1956.0
single_family,NA,1200000.0,2153.0,1.0,4.0,4.0,3.0,3.0,2.0,1950.0
mobile,NA,339900.0,924.0,1.0,2.0,2.0,2.0,2.0,4.0,1989.0
condos,condo,879000.0,1936.0,3.0,3.0,3.0,2.0,2.0,2.0,2015.0
multi_family,NA,1798888.0,3328.0,2.0,7.0,5.0,4.0,4.0,3.0,1941.0
single_family,NA,459900.0,1200.0,1.0,3.0,2.0,2.0,2.0,2.0,1988.0
single_family,NA,1100000.0,2210.0,2.0,3.0,3.0,2.0,3.0,2.0,1990.0
condos,condo,415000.0,960.0,2.0,1.0,1.0,1.0,1.0,0.0,1974.0
single_family,NA,609000.0,2024.0,1.0,4.0,3.0,2.0,2.0,3.0,2002.0
single_family,NA,985000.0,1856.0,2.0,3.0,3.0,2.0,2.0,2.0,2007.0
single_family,NA,479000.0,1465.0,1.0,3.0,2.0,2.0,2.0,2.0,1965.0
single_family,NA,1595000.0,1696.0,2.0,4.0,2.0,1.0,1.0,2.0,1927.0
single_family,NA,399900.0,1506.0,1.0,3.0,2.0,2.0,2.0,2.0,2004.0
single_family,NA,950000.0,1896.0,2.0,4.0,3.0,3.0,3.0,3.0,1985.0
condos,condo,1049000.0,1841.0,2.0,3.0,3.0,3.0,3.0,2.0,1990.0
condos,condo,639900.0,971.0,1.0,2.0,2.0,2.0,2.0,1.0,1989.0
single_family,NA,2250000.0,1300.0,2.0,2.0,2.0,2.0,2.0,2.0,1949.0
single_family,NA,1249000.0,3001.0,2.0,4.0,3.0,3.0,3.0,2.0,2004.0
single_family,NA,545000.0,1885.0,1.0,4.0,2.0,2.0,2.0,3.0,1991.0
condos,condo,1399990.0,2083.0,3.0,4.0,4.0,3.0,3.0,2.0,2026.0
single_family,NA,1100000.0,1803.0,1.0,4.0,2.0,2.0,2.0,2.0,1975.0
condos,condo,505000.0,1443.0,2.0,3.0,3.0,2.0,2.0,2.0,1984.0
condos,condo,469000.0,953.0,1.0,2.0,2.0,1.0,2.0,0.0,1969.0
condos,condo,925000.0,1307.0,2.0,2.0,3.0,2.0,2.0,2.0,2006.0
single_family,NA,599000.0,688.0,1.0,1.0,1.0,1.0,1.0,2.0,1936.0
condos,condo,1120000.0,1589.0,1.0,3.0,2.0,2.0,2.0,2.0,2005.0
townhomes,townhouse,400000.0,1200.0,1.0,2.0,2.0,2.0,2.0,1.0,1976.0
single_family,NA,489900.0,1810.0,1.0,4.0,2.0,2.0,2.0,2.0,2025.0
single_family,NA,599700.0,828.0,1.0,2.0,1.0,1.0,1.0,1.0,1945.0
condos,condo,399950.0,909.0,1.0,2.0,2.0,2.0,2.0,2.0,1980.0
single_family,NA,1385000.0,1246.0,1.0,3.0,2.0,2.0,2.0,0.0,1941.0
mobile,NA,95000.0,1152.0,1.0,2.0,2.0,2.0,2.0,0.0,1984.0
single_family,NA,299900.0,1616.0,1.0,3.0,2.0,1.0,2.0,2.0,1967.0
single_family,NA,1300000.0,1475.0,1.0,3.0,2.0,2.0,2.0,2.0,1961.0
condos,condo,500000.0,988.0,1.0,2.0,2.0,2.0,2.0,0.0,1980.0
single_family,NA,868000.0,1242.0,1.0,4.0,2.0,2.0,2.0,2.0,1956.0
single_family,NA,3998000.0,3606.0,2.0,5.0,5.0,3.0,3.0,2.0,1924.0
single_family,NA,1295000.0,2934.0,2.0,4.0,3.0,2.0,3.0,2.0,2002.0
single_family,NA,999000.0,2311.0,2.0,4.0,3.0,2.0,2.0,2.0,1994.0
single_family,NA,400000.0,1384.0,1.0,3.0,2.0,2.0,2.0,2.0,2021.0
single_family,NA,479000.0,1964.0,1.0,4.0,2.0,2.0,2.0,0.0,1995.0
single_family,NA,3299000.0,3991.0,2.0,5.0,5.0,5.0,5.0,3.0,2006.0
single_family,NA,2465000.0,3521.0,1.0,5.0,4.0,3.0,3.0,2.0,1950.0
single_family,NA,356000.0,1299.0,1.0,3.0,2.0,2.0,2.0,2.0,2006.0
single_family,NA,1089888.0,1036.0,1.0,3.0,2.0,2.0,2.0,1.0,1948.0
single_family,NA,474999.0,1351.0,1.0,4.0,2.0,2.0,2.0,2.0,1976.0
single_family,NA,2495000.0,2456.0,2.0,3.0,2.0,2.0,2.0,2.0,1975.0
single_family,NA,550000.0,1714.0,2.0,4.0,3.0,2.0,2.0,2.0,1993.0
single_family,NA,825000.0,1785.0,1.0,4.0,2.0,2.0,2.0,2.0,2024.0
condos,condo,459900.0,755.0,1.0,1.0,1.0,1.0,1.0,0.0,1969.0
condos,condo,479000.0,1080.0,1.0,2.0,2.0,2.0,2.0,0.0,1968.0
condos,condo,1395000.0,1240.0,1.0,2.0,2.0,2.0,2.0,2.0,1988.0
single_family,NA,415000.0,1425.0,1.0,3.0,2.0,2.0,2.0,2.0,1986.0
mobile,NA,260000.0,1336.0,1.0,3.0,2.0,2.0,2.0,2.0,2006.0
single_family,NA,399000.0,1743.0,1.0,3.0,2.0,2.0,2.0,2.0,1960.0
land,NA,25000.0,0.0,0.0,0.0,0.0,0.0,0.0,0.0,0.0
mobile,NA,84000.0,940.0,1.0,2.0,2.0,2.0,2.0,0.0,1985.0
single_family,NA,535000.0,1597.0,1.0,3.0,2.0,2.0,2.0,2.0,2000.0
single_family,NA,1475000.0,1505.0,1.0,3.0,2.0,2.0,2.0,2.0,1959.0
single_family,NA,790000.0,3816.0,2.0,8.0,5.0,4.0,4.0,4.0,2002.0
single_family,NA,1225000.0,2080.0,1.0,4.0,3.0,3.0,3.0,3.0,1956.0
single_family,NA,1699900.0,2237.0,2.0,4.0,3.0,3.0,3.0,1.0,1939.0
single_family,NA,799999.0,1849.0,1.0,4.0,2.0,2.0,2.0,0.0,1982.0
land,NA,900000.0,0.0,0.0,0.0,0.0,0.0,0.0,0.0,0.0
single_family,NA,538000.0,1540.0,1.0,3.0,2.0,2.0,2.0,2.0,1981.0
condos,condo,558000.0,1077.0,2.0,2.0,3.0,1.0,2.0,2.0,1985.0
single_family,NA,414950.0,1401.0,1.0,4.0,2.0,2.0,2.0,2.0,1962.0
single_family,NA,1275000.0,2788.0,2.0,3.0,4.0,3.0,3.0,2.0,1982.0
single_family,NA,609990.0,1343.0,1.0,3.0,2.0,2.0,2.0,2.0,2023.0
single_family,NA,1100000.0,2803.0,2.0,5.0,3.0,3.0,3.0,3.0,1990.0
single_family,NA,745000.0,2748.0,1.0,3.0,3.0,3.0,3.0,3.0,2006.0
single_family,NA,2288000.0,1604.0,1.0,3.0,2.0,2.0,2.0,2.0,1973.0
single_family,NA,4795000.0,4304.0,2.0,5.0,6.0,5.0,5.0,3.0,2025.0
condos,condo,599000.0,1080.0,2.0,2.0,2.0,2.0,2.0,1.0,1989.0
single_family,NA,379900.0,1513.0,1.0,3.0,2.0,2.0,2.0,2.0,1995.0
single_family,NA,309000.0,1528.0,1.0,3.0,2.0,2.0,2.0,2.0,1954.0
single_family,NA,515000.0,1263.0,1.0,3.0,2.0,2.0,2.0,2.0,1998.0
single_family,NA,380000.0,1222.0,1.0,3.0,2.0,2.0,2.0,2.0,1989.0
single_family,NA,849900.0,832.0,1.0,2.0,1.0,1.0,1.0,1.0,1929.0
single_family,NA,399950.0,1215.0,1.0,2.0,2.0,2.0,2.0,2.0,1967.0
single_family,NA,450000.0,1592.0,2.0,3.0,2.0,2.0,2.0,0.0,1878.0
single_family,NA,384999.0,1630.0,1.0,3.0,2.0,2.0,2.0,2.0,2004.0
single_family,NA,2488000.0,2068.0,1.0,5.0,3.0,3.0,3.0,2.0,1958.0
single_family,NA,1280000.0,2289.0,2.0,4.0,3.0,3.0,3.0,2.0,1987.0
single_family,NA,2199999.0,3400.0,2.0,4.0,4.0,3.0,3.0,2.0,2003.0
single_family,NA,2950000.0,2618.0,3.0,1.0,2.0,2.0,2.0,3.0,2010.0
townhomes,townhouse,425000.0,1551.0,2.0,4.0,3.0,2.0,2.0,0.0,1972.0
single_family,NA,539900.0,1794.0,1.0,3.0,2.0,2.0,2.0,2.0,1971.0
single_family,NA,5999000.0,4975.0,1.0,5.0,5.0,5.0,5.0,2.0,2020.0
single_family,NA,139000.0,964.0,1.0,2.0,2.0,2.0,2.0,0.0,1975.0
land,NA,35900.0,0.0,0.0,0.0,0.0,0.0,0.0,0.0,0.0
single_family,NA,1299950.0,2552.0,2.0,4.0,3.0,3.0,3.0,3.0,1979.0
single_family,NA,875000.0,1614.0,1.0,3.0,2.0,2.0,2.0,2.0,1985.0
single_family,NA,1499900.0,2116.0,2.0,4.0,3.0,3.0,3.0,3.0,1967.0
single_family,NA,879900.0,1161.0,1.0,3.0,1.0,1.0,1.0,2.0,1952.0
single_family,NA,859500.0,1022.0,1.0,2.0,1.0,1.0,1.0,1.0,1949.0
mobile,NA,139500.0,1536.0,1.0,2.0,2.0,2.0,2.0,0.0,1979.0
single_family,NA,780000.0,1070.0,1.0,3.0,2.0,2.0,2.0,2.0,1961.0
single_family,NA,999900.0,1523.0,1.0,3.0,2.0,2.0,2.0,2.0,1959.0
single_family,NA,429999.0,1756.0,1.0,3.0,2.0,2.0,2.0,2.0,2004.0
single_family,NA,499999.0,3393.0,1.0,5.0,4.0,3.0,3.0,2.0,1965.0
single_family,NA,250000.0,1040.0,1.0,3.0,1.0,1.0,1.0,2.0,1952.0
single_family,NA,475000.0,1805.0,2.0,3.0,3.0,2.0,2.0,2.0,1987.0
single_family,NA,299000.0,1299.0,1.0,3.0,1.0,1.0,1.0,1.0,1925.0
single_family,NA,305000.0,1004.0,1.0,2.0,2.0,1.0,1.0,0.0,1948.0
condos,condo,625000.0,1044.0,1.0,2.0,2.0,2.0,2.0,2.0,1973.0
single_family,NA,1725000.0,2337.0,2.0,2.0,4.0,2.0,2.0,2.0,1986.0
single_family,NA,799000.0,1288.0,1.0,2.0,2.0,2.0,2.0,0.0,1950.0
single_family,NA,925000.0,1372.0,1.0,3.0,2.0,1.0,2.0,2.0,1944.0
single_family,NA,725000.0,1568.0,1.0,2.0,3.0,2.0,2.0,2.0,1959.0
single_family,NA,709000.0,2105.0,1.0,4.0,3.0,3.0,3.0,2.0,2023.0
land,NA,200000.0,0.0,0.0,0.0,0.0,0.0,0.0,0.0,0.0
single_family,NA,419900.0,1053.0,1.0,3.0,1.0,1.0,1.0,0.0,1952.0
single_family,NA,590000.0,1991.0,1.0,3.0,2.0,2.0,2.0,2.0,2024.0
townhomes,townhouse,549999.0,2095.0,1.0,3.0,2.0,2.0,2.0,2.0,1988.0
single_family,NA,1799980.0,5282.0,2.0,6.0,6.0,6.0,6.0,4.0,2008.0
single_family,NA,407000.0,1315.0,1.0,3.0,2.0,2.0,2.0,2.0,1993.0
single_family,NA,925000.0,1496.0,1.0,3.0,2.0,2.0,2.0,2.0,1948.0
single_family,NA,5295000.0,3883.0,2.0,4.0,4.0,4.0,4.0,3.0,1983.0
single_family,NA,988888.0,1060.0,1.0,2.0,1.0,1.0,1.0,2.0,1937.0
condos,condo,1300000.0,1360.0,2.0,3.0,3.0,2.0,2.0,2.0,1979.0
single_family,NA,2249950.0,3144.0,3.0,5.0,3.0,3.0,3.0,2.0,1979.0
single_family,NA,510000.0,1668.0,1.0,4.0,2.0,2.0,2.0,3.0,2002.0
single_family,NA,1650000.0,1800.0,1.0,3.0,3.0,2.0,2.0,2.0,1987.0
single_family,NA,850000.0,1719.0,2.0,3.0,2.0,2.0,2.0,2.0,1976.0
single_family,NA,1250000.0,1916.0,2.0,3.0,2.0,2.0,2.0,2.0,1965.0
single_family,NA,1299000.0,1764.0,2.0,2.0,2.0,2.0,2.0,0.0,2003.0
single_family,NA,389000.0,925.0,1.0,3.0,1.0,1.0,1.0,1.0,1952.0
single_family,NA,2150000.0,2770.0,1.0,4.0,3.0,3.0,3.0,2.0,1987.0
single_family,NA,2249000.0,3116.0,2.0,4.0,3.0,3.0,3.0,3.0,2000.0
condos,condo,625000.0,1454.0,1.0,2.0,2.0,2.0,2.0,0.0,2023.0
townhomes,townhouse,1888000.0,1835.0,2.0,3.0,2.0,2.0,2.0,2.0,1981.0
single_family,NA,785000.0,2295.0,1.0,4.0,3.0,3.0,3.0,2.0,1988.0
single_family,NA,2345000.0,2092.0,1.0,4.0,3.0,3.0,3.0,1.0,1911.0
mobile,NA,529000.0,1526.0,1.0,2.0,2.0,2.0,2.0,0.0,1978.0
single_family,NA,750000.0,1118.0,1.0,3.0,1.0,1.0,1.0,2.0,1950.0
single_family,NA,599000.0,1958.0,1.0,3.0,3.0,2.0,2.0,2.0,2025.0
condos,condo,435000.0,1270.0,1.0,2.0,2.0,2.0,2.0,2.0,1977.0
single_family,NA,2495000.0,2510.0,2.0,2.0,3.0,2.0,2.0,2.0,2012.0
single_family,NA,1350000.0,3068.0,2.0,4.0,3.0,3.0,3.0,3.0,1993.0
single_family,NA,399000.0,1100.0,1.0,3.0,2.0,2.0,2.0,1.0,1955.0
single_family,NA,1498000.0,2017.0,1.0,4.0,2.0,2.0,2.0,2.0,1968.0
single_family,NA,1650000.0,1659.0,1.0,3.0,2.0,2.0,2.0,0.0,1929.0
single_family,NA,330000.0,1098.0,1.0,2.0,2.0,2.0,2.0,2.0,1957.0
single_family,NA,775000.0,2630.0,1.0,4.0,2.0,2.0,2.0,0.0,1978.0
single_family,NA,1275000.0,1204.0,1.0,3.0,2.0,2.0,2.0,0.0,1958.0
single_family,NA,434990.0,1340.0,1.0,2.0,2.0,2.0,2.0,2.0,1993.0
single_family,NA,329900.0,512.0,1.0,1.0,2.0,0.0,1.0,0.0,2024.0
single_family,NA,1799000.0,1864.0,2.0,3.0,3.0,2.0,2.0,2.0,2000.0
single_family,NA,390000.0,1994.0,1.0,4.0,4.0,3.0,3.0,2.0,2026.0
single_family,NA,1500000.0,816.0,1.0,2.0,2.0,2.0,2.0,0.0,1925.0
single_family,NA,540000.0,2663.0,2.0,4.0,3.0,2.0,2.0,2.0,2005.0
single_family,NA,580000.0,1600.0,1.0,3.0,2.0,2.0,2.0,0.0,1978.0
single_family,NA,790000.0,3101.0,2.0,5.0,4.0,3.0,3.0,0.0,2013.0
condos,condo,2250000.0,2550.0,2.0,4.0,3.0,3.0,3.0,1.0,1992.0
single_family,NA,499900.0,2798.0,2.0,4.0,4.0,3.0,3.0,0.0,2020.0
condos,condo,1190000.0,1848.0,3.0,3.0,3.0,2.0,2.0,2.0,1999.0
single_family,NA,1925000.0,3175.0,3.0,4.0,3.0,3.0,3.0,3.0,1984.0
single_family,NA,649900.0,1423.0,1.0,4.0,2.0,2.0,2.0,0.0,1979.0
single_family,NA,3075000.0,3912.0,1.0,4.0,4.0,3.0,3.0,3.0,1972.0
single_family,NA,1125000.0,1691.0,2.0,3.0,3.0,1.0,2.0,2.0,1971.0
single_family,NA,2275000.0,806.0,1.0,2.0,1.0,1.0,1.0,1.0,1951.0
single_family,NA,4000000.0,4644.0,2.0,4.0,4.0,4.0,4.0,4.0,1985.0
single_family,NA,1215000.0,3450.0,2.0,5.0,4.0,4.0,4.0,3.0,1998.0
single_family,NA,3875000.0,2450.0,1.0,4.0,3.0,3.0,3.0,0.0,1951.0
condos,condo,585000.0,997.0,1.0,2.0,2.0,2.0,2.0,1.0,1986.0
single_family,NA,799000.0,2755.0,2.0,4.0,3.0,2.0,2.0,2.0,2019.0
single_family,NA,2250000.0,1287.0,1.0,2.0,2.0,2.0,2.0,0.0,1953.0
single_family,NA,459000.0,2045.0,2.0,4.0,3.0,3.0,3.0,0.0,1990.0
single_family,NA,1200000.0,2510.0,2.0,5.0,3.0,3.0,3.0,0.0,1990.0
single_family,NA,1069000.0,1280.0,1.0,3.0,2.0,1.0,1.0,2.0,1956.0
single_family,NA,2788888.0,2660.0,2.0,4.0,3.0,3.0,3.0,2.0,1995.0
single_family,NA,1195000.0,2949.0,3.0,4.0,4.0,4.0,4.0,2.0,1937.0
single_family,NA,524999.0,1582.0,1.0,4.0,2.0,2.0,2.0,2.0,2000.0
single_family,NA,1049000.0,1754.0,1.0,3.0,2.0,2.0,2.0,2.0,1997.0
single_family,NA,475000.0,1955.0,2.0,4.0,3.0,3.0,3.0,2.0,1999.0
condos,condo,1095000.0,2873.0,2.0,3.0,3.0,3.0,3.0,2.0,2005.0
condos,condo,725000.0,715.0,1.0,1.0,1.0,1.0,1.0,0.0,1971.0
single_family,NA,1685000.0,6600.0,1.0,6.0,8.0,4.0,4.0,0.0,1963.0
single_family,NA,395000.0,2212.0,2.0,3.0,3.0,3.0,3.0,0.0,1983.0
townhomes,townhouse,1399000.0,1683.0,3.0,3.0,3.0,2.0,2.0,3.0,1990.0
single_family,NA,1050000.0,2808.0,2.0,4.0,3.0,3.0,3.0,2.0,1972.0
condos,condo,880800.0,1192.0,1.0,2.0,2.0,2.0,2.0,2.0,2005.0
single_family,NA,2598000.0,1940.0,1.0,4.0,3.0,2.0,2.0,2.0,1966.0
single_family,NA,9995000.0,4411.0,2.0,4.0,5.0,5.0,5.0,0.0,1999.0
single_family,NA,639000.0,3038.0,3.0,4.0,3.0,3.0,3.0,2.0,1979.0
single_family,NA,2750000.0,2065.0,2.0,4.0,3.0,3.0,3.0,0.0,1952.0
single_family,NA,899000.0,1612.0,1.0,4.0,2.0,2.0,2.0,2.0,1973.0
single_family,NA,1795000.0,2221.0,1.0,4.0,3.0,3.0,3.0,2.0,1962.0
single_family,NA,749000.0,2346.0,2.0,4.0,3.0,2.0,2.0,2.0,2025.0
single_family,NA,3700000.0,3000.0,3.0,4.0,5.0,4.0,4.0,2.0,1929.0
single_family,NA,1475000.0,4150.0,2.0,4.0,4.0,3.0,3.0,0.0,2005.0
condos,condo,2125000.0,1268.0,1.0,2.0,2.0,2.0,2.0,0.0,2008.0
single_family,NA,599000.0,1502.0,1.0,3.0,1.0,1.0,1.0,2.0,1941.0
single_family,NA,1049000.0,2371.0,3.0,4.0,4.0,3.0,3.0,2.0,1981.0
single_family,NA,625000.0,864.0,1.0,2.0,1.0,1.0,1.0,0.0,2009.0
single_family,NA,1888000.0,2040.0,2.0,4.0,3.0,2.0,2.0,2.0,1994.0
single_family,NA,559000.0,2771.0,2.0,5.0,3.0,3.0,3.0,2.0,1984.0
single_family,NA,2498000.0,1356.0,1.0,3.0,2.0,2.0,2.0,2.0,1961.0
single_family,NA,2469000.0,3717.0,2.0,4.0,6.0,4.0,4.0,0.0,2024.0
single_family,NA,789000.0,2878.0,1.0,4.0,3.0,3.0,3.0,3.0,2003.0
single_family,NA,2195000.0,2920.0,2.0,4.0,3.0,2.0,2.0,2.0,1929.0
condos,condo,789000.0,1415.0,1.0,2.0,2.0,2.0,2.0,2.0,1991.0
single_family,NA,895000.0,2798.0,2.0,4.0,3.0,3.0,3.0,3.0,1988.0
single_family,NA,1624500.0,2396.0,2.0,4.0,3.0,2.0,2.0,2.0,2001.0
single_family,NA,1425000.0,2118.0,2.0,4.0,3.0,3.0,3.0,2.0,2015.0
single_family,NA,1425000.0,2774.0,2.0,3.0,3.0,3.0,3.0,0.0,1998.0
single_family,NA,6488000.0,4450.0,2.0,5.0,6.0,4.0,4.0,4.0,2006.0
single_family,NA,398900.0,1293.0,1.0,3.0,2.0,2.0,2.0,2.0,1982.0
condos,condo,695000.0,1374.0,2.0,1.0,2.0,2.0,2.0,0.0,2009.0
land,NA,330000.0,0.0,0.0,0.0,0.0,0.0,0.0,0.0,0.0
multi_family,NA,2599000.0,0.0,2.0,9.0,7.0,7.0,7.0,0.0,1985.0
single_family,NA,599800.0,2825.0,1.0,5.0,3.0,3.0,3.0,0.0,2002.0
single_family,NA,1799000.0,1688.0,1.0,3.0,2.0,2.0,2.0,2.0,1971.0
single_family,NA,1395000.0,1380.0,2.0,3.0,2.0,2.0,2.0,0.0,1956.0
single_family,NA,640000.0,2920.0,2.0,4.0,2.0,2.0,2.0,3.0,2019.0
single_family,NA,1098000.0,2124.0,2.0,4.0,3.0,2.0,2.0,2.0,1961.0
single_family,NA,2195000.0,3955.0,2.0,5.0,5.0,4.0,4.0,3.0,2002.0
single_family,NA,1150000.0,2344.0,2.0,4.0,3.0,2.0,2.0,2.0,1965.0
single_family,NA,385000.0,1862.0,1.0,4.0,2.0,2.0,2.0,0.0,1988.0
single_family,NA,1199000.0,1942.0,2.0,3.0,2.0,2.0,2.0,0.0,1970.0
single_family,NA,990000.0,2350.0,2.0,3.0,2.0,2.0,2.0,5.0,1977.0
single_family,NA,835000.0,1942.0,1.0,3.0,2.0,2.0,2.0,2.0,2000.0
single_family,NA,1445000.0,3569.0,2.0,4.0,5.0,4.0,4.0,3.0,2016.0
single_family,NA,1519900.0,2182.0,2.0,4.0,3.0,3.0,3.0,2.0,1978.0
single_family,NA,724000.0,1529.0,1.0,3.0,2.0,2.0,2.0,2.0,2003.0
single_family,NA,1450000.0,4226.0,1.0,5.0,4.0,4.0,4.0,0.0,2005.0
single_family,NA,415000.0,2017.0,1.0,4.0,2.0,2.0,2.0,2.0,1990.0
single_family,NA,1399888.0,3417.0,2.0,6.0,4.0,4.0,4.0,2.0,1996.0
single_family,NA,488000.0,2217.0,2.0,3.0,3.0,2.0,3.0,2.0,1983.0
condos,condo,1200000.0,1749.0,2.0,3.0,3.0,2.0,2.0,0.0,1966.0
single_family,NA,1995000.0,2028.0,1.0,4.0,2.0,2.0,2.0,2.0,1977.0
single_family,NA,1250000.0,2277.0,1.0,3.0,4.0,3.0,3.0,3.0,2021.0
single_family,NA,489000.0,1280.0,1.0,4.0,2.0,2.0,2.0,3.0,1990.0
single_family,NA,1569900.0,2474.0,2.0,4.0,3.0,2.0,2.0,3.0,1988.0
multi_family,NA,1099000.0,1835.0,1.0,5.0,3.0,3.0,3.0,0.0,1953.0
single_family,NA,395000.0,1455.0,1.0,2.0,2.0,2.0,2.0,0.0,2003.0
single_family,NA,559000.0,2142.0,1.0,2.0,2.0,1.0,2.0,2.0,2001.0
single_family,NA,1900000.0,2470.0,2.0,4.0,3.0,2.0,2.0,2.0,1977.0
single_family,NA,599000.0,2025.0,1.0,3.0,2.0,2.0,2.0,2.0,1998.0
condos,condo,1550000.0,1967.0,3.0,2.0,3.0,2.0,2.0,2.0,1993.0
townhomes,townhouse,1170000.0,2016.0,2.0,3.0,3.0,2.0,2.0,0.0,1998.0
single_family,NA,599000.0,2790.0,2.0,5.0,3.0,3.0,3.0,0.0,2023.0
single_family,NA,835000.0,3000.0,1.0,4.0,3.0,3.0,3.0,3.0,2001.0
condos,condo,599000.0,1021.0,2.0,2.0,2.0,2.0,2.0,1.0,1989.0
condos,condo,1549999.0,2224.0,1.0,2.0,3.0,2.0,2.0,2.0,1999.0
single_family,NA,790000.0,2367.0,2.0,5.0,3.0,3.0,3.0,2.0,2020.0
single_family,NA,2195000.0,2023.0,1.0,3.0,2.0,2.0,2.0,2.0,1951.0
single_family,NA,749000.0,1357.0,2.0,3.0,2.0,1.0,1.0,1.0,1923.0
single_family,NA,489000.0,906.0,1.0,2.0,1.0,1.0,1.0,2.0,1949.0
condos,condo,660000.0,1381.0,1.0,3.0,2.0,2.0,2.0,2.0,1980.0
single_family,NA,1798000.0,2161.0,1.0,4.0,2.0,2.0,2.0,3.0,1988.0
single_family,NA,1895000.0,3062.0,1.0,4.0,3.0,3.0,3.0,3.0,1999.0
townhomes,townhouse,1290000.0,2275.0,2.0,3.0,3.0,2.0,2.0,2.0,1983.0
land,NA,335000.0,0.0,0.0,0.0,0.0,0.0,0.0,0.0,0.0
townhomes,townhouse,925000.0,1598.0,2.0,3.0,3.0,2.0,2.0,2.0,1988.0
single_family,NA,2750000.0,2472.0,2.0,4.0,4.0,4.0,4.0,4.0,2006.0
single_family,NA,849900.0,2094.0,2.0,4.0,4.0,3.0,3.0,2.0,1978.0
single_family,NA,1600000.0,3694.0,1.0,4.0,5.0,2.0,4.0,3.0,2017.0
single_family,NA,1699000.0,1686.0,3.0,3.0,4.0,3.0,3.0,2.0,2005.0
townhomes,townhouse,1379000.0,1218.0,1.0,3.0,2.0,2.0,2.0,2.0,1972.0
single_family,NA,259900.0,1600.0,2.0,3.0,2.0,2.0,2.0,0.0,1955.0
single_family,NA,389900.0,1420.0,1.0,3.0,2.0,2.0,2.0,0.0,1986.0
single_family,NA,839000.0,1544.0,1.0,3.0,2.0,2.0,2.0,2.0,1967.0
single_family,NA,449950.0,2499.0,2.0,4.0,3.0,3.0,3.0,0.0,1978.0
single_family,NA,1298000.0,1743.0,1.0,3.0,2.0,2.0,2.0,2.0,1969.0
single_family,NA,349900.0,1011.0,1.0,3.0,2.0,2.0,2.0,0.0,1953.0
single_family,NA,395000.0,0.0,1.0,4.0,2.0,2.0,2.0,0.0,2002.0
single_family,NA,640000.0,1411.0,1.0,3.0,2.0,1.0,2.0,1.0,2006.0
single_family,NA,660000.0,1920.0,1.0,3.0,2.0,2.0,2.0,2.0,1996.0
condos,condo,1195000.0,1929.0,1.0,3.0,3.0,3.0,3.0,1.0,1982.0
townhomes,townhouse,699000.0,1568.0,2.0,3.0,3.0,2.0,2.0,2.0,1973.0
townhomes,townhouse,499900.0,1281.0,2.0,2.0,2.0,2.0,2.0,2.0,1971.0
single_family,NA,839000.0,1792.0,1.0,4.0,2.0,2.0,2.0,2.0,1967.0
single_family,NA,1299998.0,1809.0,2.0,3.0,3.0,2.0,2.0,2.0,1997.0
single_family,NA,1525000.0,2443.0,1.0,3.0,2.0,2.0,2.0,2.0,1966.0
single_family,NA,690000.0,1128.0,2.0,3.0,2.0,2.0,2.0,0.0,1980.0
condos,condo,699000.0,1022.0,1.0,2.0,2.0,2.0,2.0,1.0,1984.0
condos,condo,599000.0,1664.0,2.0,3.0,3.0,2.0,2.0,0.0,1980.0
single_family,NA,995000.0,1504.0,2.0,2.0,1.0,1.0,1.0,0.0,1931.0
single_family,NA,1100000.0,1440.0,1.0,3.0,2.0,2.0,2.0,2.0,1969.0
single_family,NA,529000.0,1703.0,1.0,2.0,3.0,2.0,2.0,2.0,2000.0
single_family,NA,579900.0,2264.0,1.0,4.0,4.0,3.0,3.0,3.0,2004.0
townhomes,townhouse,430000.0,1324.0,2.0,3.0,3.0,2.0,2.0,0.0,1980.0
single_family,NA,1060000.0,1922.0,2.0,3.0,3.0,2.0,2.0,2.0,1952.0
single_family,NA,795000.0,1104.0,2.0,3.0,1.0,1.0,1.0,0.0,1920.0
single_family,NA,850000.0,1723.0,1.0,4.0,2.0,2.0,2.0,2.0,1968.0
single_family,NA,775000.0,1890.0,2.0,3.0,2.0,2.0,2.0,0.0,1951.0
single_family,NA,999000.0,1352.0,1.0,3.0,2.0,2.0,2.0,2.0,1960.0
condos,condo,549000.0,1003.0,3.0,2.0,2.0,2.0,2.0,1.0,1965.0
single_family,NA,675000.0,1958.0,1.0,3.0,2.0,2.0,2.0,2.0,1981.0
single_family,NA,875000.0,1232.0,1.0,2.0,2.0,2.0,2.0,0.0,1987.0
single_family,NA,929000.0,1749.0,2.0,3.0,3.0,2.0,2.0,2.0,1992.0
mobile,NA,158400.0,960.0,1.0,2.0,2.0,2.0,2.0,0.0,1977.0
townhomes,townhouse,649000.0,1611.0,3.0,3.0,2.0,2.0,2.0,2.0,1988.0
single_family,NA,2795000.0,2103.0,2.0,3.0,3.0,3.0,3.0,2.0,1988.0
condos,condo,399000.0,817.0,1.0,2.0,1.0,1.0,1.0,0.0,1985.0
single_family,NA,1599000.0,1531.0,1.0,3.0,3.0,2.0,2.0,2.0,1969.0
townhomes,townhouse,899000.0,1742.0,2.0,3.0,3.0,2.0,2.0,2.0,1974.0
single_family,NA,1199000.0,1966.0,1.0,3.0,2.0,2.0,2.0,2.0,1950.0
single_family,NA,490000.0,2381.0,1.0,4.0,3.0,2.0,2.0,8.0,1992.0
single_family,NA,340000.0,1257.0,2.0,3.0,1.0,1.0,1.0,0.0,1925.0
single_family,NA,459950.0,1461.0,1.0,3.0,2.0,2.0,2.0,2.0,1977.0
condos,condo,549995.0,1600.0,1.0,3.0,2.0,2.0,2.0,2.0,1969.0
condos,condo,569999.0,1323.0,2.0,3.0,2.0,1.0,1.0,0.0,1974.0
single_family,NA,479000.0,2169.0,1.0,4.0,3.0,3.0,3.0,2.0,2025.0
single_family,NA,1888888.0,1806.0,1.0,4.0,2.0,2.0,2.0,2.0,1974.0
single_family,NA,510000.0,1411.0,1.0,3.0,2.0,2.0,2.0,2.0,2004.0
single_family,NA,205000.0,1360.0,1.0,3.0,2.0,1.0,2.0,0.0,1938.0
single_family,NA,1828888.0,2048.0,2.0,4.0,3.0,3.0,3.0,2.0,2000.0
condos,condo,968888.0,1581.0,3.0,4.0,3.0,2.0,2.0,2.0,2005.0
single_family,NA,1599000.0,1170.0,1.0,3.0,2.0,2.0,2.0,0.0,1925.0
single_family,NA,339500.0,1447.0,1.0,3.0,2.0,2.0,2.0,0.0,1939.0
single_family,NA,3750000.0,1863.0,1.0,3.0,3.0,2.0,2.0,2.0,1955.0
single_family,NA,750000.0,3020.0,2.0,6.0,3.0,3.0,3.0,3.0,2003.0
single_family,NA,435000.0,1585.0,1.0,3.0,2.0,2.0,2.0,2.0,1983.0
single_family,NA,1948000.0,1530.0,1.0,3.0,2.0,2.0,2.0,2.0,1954.0
condos,condo,430000.0,1183.0,1.0,2.0,2.0,0.0,2.0,0.0,1980.0
condos,condo,475000.0,1104.0,1.0,2.0,2.0,2.0,2.0,0.0,1990.0
single_family,NA,2295000.0,2222.0,2.0,4.0,3.0,3.0,3.0,2.0,1973.0
single_family,NA,595000.0,1980.0,1.0,3.0,3.0,3.0,3.0,2.0,1989.0
single_family,NA,2925000.0,2124.0,1.0,4.0,3.0,3.0,3.0,1.0,1955.0
condos,condo,749000.0,1408.0,2.0,2.0,3.0,2.0,2.0,0.0,1963.0
single_family,NA,425000.0,1578.0,1.0,2.0,2.0,2.0,2.0,2.0,1998.0
single_family,NA,365000.0,1210.0,1.0,3.0,2.0,2.0,2.0,2.0,2005.0
single_family,NA,510000.0,1230.0,1.0,3.0,2.0,2.0,2.0,0.0,1966.0
condos,condo,495000.0,738.0,1.0,1.0,1.0,1.0,1.0,1.0,1975.0
single_family,NA,320000.0,1212.0,1.0,3.0,2.0,1.0,1.0,2.0,1971.0
single_family,NA,515000.0,1058.0,1.0,3.0,1.0,1.0,1.0,2.0,1970.0
single_family,NA,519900.0,2148.0,1.0,4.0,2.0,2.0,2.0,2.0,2022.0
single_family,NA,1399998.0,2354.0,1.0,4.0,3.0,3.0,3.0,2.0,1976.0
townhomes,townhouse,579000.0,1305.0,2.0,2.0,2.0,2.0,2.0,2.0,1984.0
single_family,NA,799000.0,1328.0,1.0,2.0,2.0,2.0,2.0,0.0,1984.0
condo_townhome_rowhome_coop,townhouse,659000.0,1260.0,1.0,2.0,2.0,2.0,2.0,1.0,2004.0
single_family,NA,205000.0,1294.0,1.0,4.0,2.0,2.0,2.0,0.0,1956.0
single_family,NA,2198000.0,1364.0,1.0,3.0,2.0,2.0,2.0,2.0,1959.0
single_family,NA,334900.0,1498.0,1.0,4.0,2.0,2.0,2.0,0.0,2003.0
single_family,NA,349000.0,750.0,2.0,2.0,2.0,2.0,2.0,0.0,1990.0
single_family,NA,1600000.0,2240.0,1.0,3.0,2.0,2.0,2.0,0.0,1975.0
single_family,NA,1760000.0,2301.0,2.0,4.0,3.0,3.0,3.0,2.0,1999.0
single_family,NA,312000.0,1010.0,1.0,2.0,1.0,1.0,1.0,0.0,1946.0
single_family,NA,610000.0,1932.0,2.0,3.0,3.0,2.0,2.0,0.0,1965.0
single_family,NA,550000.0,1865.0,1.0,2.0,2.0,2.0,2.0,2.0,2003.0
single_family,NA,1499000.0,2863.0,1.0,4.0,4.0,3.0,3.0,2.0,2021.0
single_family,NA,1895000.0,1466.0,1.0,3.0,2.0,2.0,2.0,1.0,1953.0
single_family,NA,975000.0,836.0,1.0,2.0,1.0,1.0,1.0,1.0,1925.0
single_family,NA,895000.0,520.0,1.0,1.0,1.0,1.0,1.0,0.0,1992.0
single_family,NA,1495000.0,2175.0,2.0,4.0,4.0,4.0,4.0,1.0,1923.0
condos,condo,299950.0,1140.0,1.0,2.0,2.0,2.0,2.0,0.0,1960.0
mobile,NA,120000.0,1248.0,1.0,3.0,2.0,0.0,2.0,0.0,1978.0
single_family,NA,1099000.0,3251.0,2.0,5.0,4.0,4.0,4.0,3.0,2003.0
condos,condo,295000.0,1197.0,1.0,2.0,2.0,1.0,2.0,0.0,1990.0
single_family,NA,789000.0,1398.0,1.0,3.0,2.0,2.0,2.0,2.0,1959.0
multi_family,NA,2200000.0,1504.0,2.0,3.0,3.0,3.0,3.0,0.0,2025.0
condos,condo,420000.0,722.0,1.0,1.0,1.0,1.0,1.0,0.0,1970.0
single_family,NA,1079900.0,1621.0,1.0,3.0,3.0,3.0,3.0,2.0,2021.0
single_family,NA,1299000.0,1733.0,1.0,3.0,2.0,2.0,2.0,2.0,2003.0
single_family,NA,1311000.0,2695.0,1.0,3.0,3.0,3.0,3.0,2.0,2025.0
single_family,NA,1199000.0,1354.0,2.0,3.0,2.0,2.0,2.0,2.0,1938.0
single_family,NA,609000.0,1696.0,1.0,4.0,2.0,2.0,2.0,3.0,1999.0
condos,condo,825000.0,1947.0,1.0,3.0,2.0,1.0,2.0,2.0,1978.0
single_family,NA,1995000.0,2890.0,2.0,4.0,4.0,3.0,3.0,3.0,1987.0
condos,condo,1298000.0,1673.0,1.0,3.0,2.0,2.0,2.0,2.0,2000.0
condos,condo,279000.0,1178.0,1.0,2.0,2.0,1.0,1.0,0.0,1981.0
condos,condo,799000.0,1081.0,1.0,2.0,2.0,2.0,2.0,0.0,1963.0
condos,condo,599999.0,958.0,1.0,2.0,2.0,2.0,2.0,1.0,1993.0
single_family,NA,310000.0,1015.0,1.0,3.0,2.0,1.0,2.0,2.0,1960.0
condos,condo,505678.0,970.0,1.0,2.0,2.0,2.0,2.0,1.0,2007.0
single_family,NA,650000.0,1103.0,1.0,2.0,1.0,1.0,1.0,0.0,1974.0
mobile,NA,379900.0,1646.0,1.0,3.0,2.0,2.0,2.0,4.0,1987.0
mobile,NA,232500.0,1254.0,1.0,3.0,2.0,2.0,2.0,0.0,2003.0
single_family,NA,1345000.0,4660.0,2.0,4.0,4.0,4.0,4.0,3.0,1963.0
single_family,NA,10798000.0,4529.0,2.0,5.0,5.0,4.0,4.0,2.0,1987.0
condos,condo,675000.0,1786.0,1.0,2.0,2.0,2.0,2.0,1.0,1964.0
townhomes,townhouse,599000.0,1488.0,3.0,2.0,3.0,3.0,3.0,2.0,1983.0
single_family,NA,845000.0,1474.0,1.0,2.0,2.0,2.0,2.0,0.0,1948.0
single_family,NA,7995000.0,3480.0,2.0,4.0,4.0,4.0,4.0,2.0,2013.0
condos,condo,320000.0,1291.0,1.0,2.0,2.0,2.0,2.0,0.0,1988.0
single_family,NA,285900.0,840.0,2.0,1.0,1.0,1.0,1.0,0.0,1957.0
single_family,NA,1499000.0,1439.0,1.0,4.0,2.0,2.0,2.0,2.0,1968.0
condos,condo,425000.0,864.0,2.0,2.0,2.0,1.0,1.0,0.0,1978.0
single_family,NA,325000.0,1375.0,1.0,4.0,2.0,2.0,2.0,0.0,2012.0
single_family,NA,580000.0,2790.0,2.0,5.0,3.0,3.0,3.0,2.0,2022.0
single_family,NA,285000.0,1669.0,1.0,3.0,3.0,2.0,3.0,2.0,2007.0
condos,condo,575000.0,662.0,1.0,1.0,1.0,1.0,1.0,0.0,1971.0
condos,condo,428000.0,674.0,1.0,1.0,1.0,1.0,1.0,1.0,1986.0
single_family,NA,239000.0,1146.0,1.0,2.0,2.0,2.0,2.0,0.0,2002.0
land,NA,124900.0,0.0,0.0,0.0,0.0,0.0,0.0,0.0,0.0
single_family,NA,1290000.0,2507.0,2.0,4.0,3.0,2.0,2.0,2.0,2004.0
condos,condo,699000.0,999.0,1.0,2.0,2.0,2.0,2.0,1.0,1975.0
townhomes,townhouse,599000.0,1207.0,2.0,2.0,3.0,2.0,2.0,2.0,1985.0
single_family,NA,585000.0,600.0,1.0,3.0,1.0,1.0,1.0,0.0,1930.0
single_family,NA,369900.0,1750.0,1.0,3.0,2.0,2.0,2.0,0.0,1978.0
condos,condo,799900.0,936.0,1.0,2.0,2.0,2.0,2.0,1.0,1979.0
condos,condo,399000.0,792.0,1.0,3.0,2.0,2.0,2.0,2.0,1987.0
condos,condo,648000.0,953.0,1.0,2.0,2.0,2.0,2.0,1.0,1975.0
single_family,NA,749900.0,1196.0,1.0,3.0,2.0,2.0,2.0,2.0,1964.0
single_family,NA,999888.0,1201.0,1.0,3.0,1.0,1.0,1.0,2.0,1944.0
condos,condo,1995000.0,1419.0,2.0,3.0,2.0,2.0,2.0,2.0,1981.0
single_family,NA,2375000.0,2131.0,1.0,4.0,3.0,3.0,3.0,2.0,1955.0
single_family,NA,724500.0,2373.0,1.0,3.0,3.0,2.0,2.0,0.0,2017.0
single_family,NA,539000.0,1482.0,1.0,3.0,2.0,2.0,2.0,2.0,1981.0
land,NA,124900.0,0.0,0.0,0.0,0.0,0.0,0.0,0.0,0.0
single_family,NA,325000.0,1100.0,1.0,3.0,2.0,2.0,2.0,2.0,1981.0
land,NA,298000.0,0.0,0.0,0.0,0.0,0.0,0.0,0.0,0.0
single_family,NA,5695000.0,3227.0,2.0,4.0,5.0,4.0,4.0,2.0,2009.0
single_family,NA,575000.0,1176.0,1.0,3.0,2.0,2.0,2.0,0.0,1955.0
single_family,NA,240000.0,1276.0,1.0,3.0,2.0,2.0,2.0,2.0,1961.0
single_family,NA,585000.0,1206.0,1.0,3.0,2.0,2.0,2.0,2.0,1994.0
condos,condo,335000.0,505.0,1.0,1.0,1.0,1.0,1.0,0.0,1972.0
land,NA,9500.0,0.0,0.0,0.0,0.0,0.0,0.0,0.0,0.0
mobile,NA,749000.0,1222.0,1.0,3.0,2.0,2.0,2.0,0.0,2025.0
single_family,NA,999000.0,2882.0,2.0,6.0,4.0,4.0,4.0,0.0,1985.0
single_family,NA,2999888.0,4856.0,2.0,5.0,6.0,5.0,5.0,3.0,2026.0
single_family,NA,585000.0,1888.0,1.0,3.0,3.0,1.0,3.0,2.0,2004.0
condos,condo,1195000.0,1645.0,1.0,3.0,2.0,2.0,2.0,2.0,1997.0
single_family,NA,849000.0,1101.0,1.0,3.0,2.0,2.0,2.0,2.0,1979.0
single_family,NA,725000.0,1073.0,1.0,2.0,1.0,1.0,1.0,2.0,1941.0
land,NA,10000.0,0.0,0.0,0.0,0.0,0.0,0.0,0.0,0.0
land,NA,35000.0,0.0,0.0,0.0,0.0,0.0,0.0,0.0,0.0
single_family,NA,352000.0,920.0,1.0,2.0,1.0,1.0,1.0,0.0,1950.0
single_family,NA,685000.0,1557.0,1.0,2.0,2.0,2.0,2.0,2.0,1956.0
condos,condo,285000.0,556.0,1.0,1.0,1.0,1.0,1.0,0.0,1982.0
land,NA,320000.0,0.0,0.0,0.0,0.0,0.0,0.0,0.0,0.0
land,NA,209000.0,0.0,0.0,0.0,0.0,0.0,0.0,0.0,0.0
land,NA,97000.0,0.0,0.0,0.0,0.0,0.0,0.0,0.0,0.0
single_family,NA,1049000.0,2001.0,1.0,4.0,2.0,2.0,2.0,0.0,1922.0
land,NA,19900.0,0.0,0.0,0.0,0.0,0.0,0.0,0.0,0.0
single_family,NA,1674900.0,2629.0,2.0,4.0,4.0,1.0,3.0,2.0,1940.0
single_family,NA,2295000.0,2330.0,1.0,3.0,3.0,3.0,3.0,2.0,1996.0
single_family,NA,600000.0,1657.0,2.0,3.0,3.0,2.0,2.0,2.0,2003.0
single_family,NA,470990.0,0.0,1.0,4.0,2.0,2.0,2.0,0.0,2026.0
condos,condo,449000.0,1139.0,3.0,2.0,2.0,2.0,2.0,1.0,2024.0
land,NA,135000.0,0.0,0.0,0.0,0.0,0.0,0.0,0.0,0.0
single_family,NA,489000.0,2149.0,2.0,5.0,3.0,3.0,3.0,2.0,2023.0
land,NA,22000.0,0.0,0.0,0.0,0.0,0.0,0.0,0.0,0.0
single_family,NA,1099999.0,864.0,1.0,2.0,1.0,1.0,1.0,0.0,1925.0
single_family,NA,1500000.0,1544.0,2.0,3.0,3.0,2.0,2.0,2.0,1984.0
single_family,NA,1397000.0,2600.0,1.0,3.0,3.0,3.0,3.0,3.0,2000.0
single_family,NA,299990.0,1334.0,1.0,3.0,1.0,1.0,1.0,0.0,1924.0
single_family,NA,354900.0,1442.0,2.0,3.0,3.0,2.0,2.0,2.0,1990.0
condos,condo,279000.0,668.0,1.0,1.0,1.0,1.0,1.0,1.0,1976.0
land,NA,499000.0,0.0,0.0,0.0,0.0,0.0,0.0,0.0,0.0
condos,condo,649000.0,1788.0,3.0,3.0,3.0,3.0,3.0,2.0,2019.0
condos,condo,925000.0,1619.0,3.0,3.0,4.0,3.0,3.0,2.0,2004.0
single_family,NA,1999999.0,2421.0,2.0,5.0,3.0,3.0,3.0,2.0,1999.0
condos,condo,3595000.0,2404.0,2.0,3.0,3.0,3.0,3.0,1.0,1906.0
condos,condo,240000.0,995.0,1.0,3.0,2.0,2.0,2.0,0.0,1980.0
single_family,NA,429900.0,1977.0,1.0,4.0,2.0,2.0,2.0,2.0,1994.0
single_family,NA,775000.0,2610.0,2.0,4.0,3.0,3.0,3.0,3.0,1988.0
land,NA,450000.0,0.0,0.0,0.0,0.0,0.0,0.0,0.0,0.0
single_family,NA,527950.0,2070.0,1.0,4.0,2.0,2.0,2.0,0.0,2025.0
single_family,NA,1350000.0,2272.0,1.0,4.0,3.0,3.0,3.0,0.0,1967.0
single_family,NA,359900.0,1080.0,1.0,3.0,2.0,2.0,2.0,2.0,1991.0
single_family,NA,450000.0,1493.0,1.0,4.0,2.0,2.0,2.0,2.0,1979.0
condos,condo,3995000.0,2091.0,2.0,2.0,3.0,2.0,2.0,2.0,2004.0
single_family,NA,949900.0,3498.0,2.0,5.0,3.0,3.0,3.0,0.0,2006.0
single_family,NA,660000.0,1920.0,1.0,4.0,3.0,3.0,3.0,2.0,1996.0
single_family,NA,799000.0,1578.0,1.0,4.0,2.0,2.0,2.0,2.0,1979.0
mobile,NA,584999.0,1572.0,1.0,2.0,2.0,2.0,2.0,2.0,1985.0
single_family,NA,825000.0,1177.0,1.0,2.0,2.0,2.0,2.0,0.0,1924.0
single_family,NA,799990.0,1755.0,1.0,4.0,2.0,2.0,2.0,2.0,1941.0
land,NA,350000.0,0.0,0.0,0.0,0.0,0.0,0.0,0.0,0.0
single_family,NA,875000.0,2190.0,1.0,3.0,2.0,2.0,2.0,2.0,2003.0
condos,condo,4250000.0,1787.0,3.0,3.0,4.0,3.0,3.0,1.0,2022.0
single_family,NA,499000.0,2337.0,1.0,3.0,3.0,3.0,3.0,4.0,1987.0
single_family,NA,1899000.0,2008.0,1.0,3.0,2.0,2.0,2.0,2.0,1972.0
single_family,NA,785000.0,1382.0,1.0,3.0,2.0,2.0,2.0,0.0,1996.0
single_family,NA,399990.0,1230.0,1.0,3.0,2.0,2.0,2.0,0.0,2025.0
single_family,NA,899990.0,1367.0,1.0,3.0,2.0,2.0,2.0,2.0,1955.0
single_family,NA,310000.0,880.0,1.0,2.0,2.0,2.0,2.0,0.0,1955.0
single_family,NA,1275000.0,2000.0,2.0,4.0,3.0,3.0,3.0,2.0,1989.0
single_family,NA,1750000.0,1543.0,1.0,3.0,2.0,2.0,2.0,2.0,1969.0
single_family,NA,1499000.0,2835.0,2.0,4.0,4.0,3.0,3.0,2.0,2022.0
single_family,NA,675000.0,2498.0,1.0,3.0,3.0,2.0,2.0,3.0,2004.0
townhomes,townhouse,899000.0,1556.0,2.0,3.0,3.0,2.0,2.0,2.0,1986.0
land,NA,700000.0,0.0,0.0,0.0,0.0,0.0,0.0,0.0,0.0
single_family,NA,1118000.0,1640.0,1.0,3.0,2.0,2.0,2.0,0.0,1966.0
condos,condo,845000.0,1659.0,3.0,3.0,3.0,2.0,2.0,2.0,1974.0
single_family,NA,425000.0,1512.0,1.0,2.0,2.0,2.0,2.0,2.0,2012.0
single_family,NA,1349000.0,2050.0,2.0,4.0,3.0,3.0,3.0,2.0,1978.0
single_family,NA,1595000.0,3200.0,3.0,5.0,4.0,4.0,4.0,2.0,1961.0
single_family,NA,649000.0,3225.0,2.0,4.0,3.0,3.0,3.0,3.0,2006.0
single_family,NA,359000.0,840.0,1.0,2.0,1.0,1.0,1.0,0.0,1920.0
land,NA,70000.0,0.0,0.0,0.0,0.0,0.0,0.0,0.0,0.0
single_family,NA,1950000.0,3007.0,2.0,4.0,3.0,3.0,3.0,3.0,1999.0
single_family,NA,1799000.0,1477.0,2.0,3.0,2.0,2.0,2.0,2.0,1985.0
single_family,NA,4498000.0,3189.0,1.0,5.0,4.0,4.0,4.0,2.0,1964.0
single_family,NA,1549000.0,2122.0,2.0,4.0,3.0,2.0,2.0,2.0,1978.0
single_family,NA,699000.0,2048.0,2.0,5.0,3.0,2.0,2.0,2.0,1977.0
condos,condo,1699900.0,2287.0,2.0,4.0,3.0,3.0,3.0,2.0,2016.0
single_family,NA,1499900.0,1451.0,1.0,3.0,2.0,2.0,2.0,2.0,1959.0
single_family,NA,450000.0,1015.0,1.0,3.0,1.0,1.0,1.0,2.0,1926.0
townhomes,townhouse,614900.0,1610.0,2.0,4.0,3.0,3.0,3.0,2.0,1983.0
single_family,NA,909000.0,2399.0,2.0,5.0,3.0,3.0,3.0,2.0,2001.0
condos,condo,569000.0,900.0,1.0,2.0,1.0,1.0,1.0,1.0,1984.0
condos,condo,645000.0,1144.0,2.0,3.0,2.0,1.0,1.0,1.0,1973.0
land,NA,9000.0,0.0,0.0,0.0,0.0,0.0,0.0,0.0,0.0
single_family,NA,525000.0,1438.0,2.0,3.0,3.0,3.0,3.0,2.0,2020.0
land,NA,9900.0,0.0,0.0,0.0,0.0,0.0,0.0,0.0,0.0
single_family,NA,750000.0,3543.0,2.0,5.0,3.0,3.0,3.0,2.0,2004.0
single_family,NA,1995000.0,3207.0,2.0,5.0,3.0,2.0,2.0,3.0,1971.0
single_family,NA,559950.0,1970.0,2.0,4.0,2.0,2.0,2.0,0.0,1972.0
single_family,NA,1995000.0,3458.0,2.0,4.0,3.0,2.0,2.0,3.0,1984.0
single_family,NA,1199900.0,2203.0,1.0,4.0,3.0,2.0,2.0,2.0,1965.0
condos,condo,350000.0,743.0,1.0,2.0,2.0,2.0,2.0,1.0,1984.0
single_family,NA,679888.0,1972.0,2.0,3.0,3.0,2.0,2.0,2.0,1992.0
condos,condo,1419000.0,1117.0,1.0,2.0,2.0,2.0,2.0,2.0,1994.0
single_family,NA,1859000.0,1774.0,1.0,3.0,2.0,2.0,2.0,2.0,1956.0
multi_family,NA,1808600.0,2048.0,1.0,4.0,4.0,4.0,4.0,0.0,1925.0
single_family,NA,337000.0,908.0,1.0,3.0,1.0,1.0,1.0,2.0,1945.0
townhomes,townhouse,599000.0,1729.0,2.0,3.0,3.0,3.0,3.0,2.0,1985.0
single_family,NA,16900000.0,2030.0,1.0,3.0,3.0,2.0,2.0,0.0,1931.0
land,NA,210000.0,0.0,0.0,0.0,0.0,0.0,0.0,0.0,0.0
single_family,NA,485000.0,2016.0,1.0,3.0,3.0,2.0,2.0,2.0,1989.0
condos,condo,1749000.0,2257.0,3.0,4.0,4.0,2.0,3.0,2.0,2007.0
single_family,NA,875000.0,2309.0,2.0,4.0,3.0,3.0,3.0,2.0,2014.0
single_family,NA,1700000.0,1836.0,2.0,4.0,3.0,2.0,2.0,2.0,1969.0
single_family,NA,2399888.0,1608.0,1.0,4.0,2.0,2.0,2.0,0.0,1959.0
single_family,NA,5495000.0,3165.0,1.0,3.0,3.0,2.0,2.0,2.0,1952.0
land,NA,129000.0,0.0,0.0,0.0,0.0,0.0,0.0,0.0,0.0
single_family,NA,1325000.0,1284.0,1.0,3.0,2.0,2.0,2.0,2.0,1951.0
single_family,NA,850000.0,1735.0,2.0,4.0,3.0,2.0,2.0,2.0,1976.0
single_family,NA,534900.0,1281.0,1.0,3.0,2.0,2.0,2.0,0.0,1987.0
single_family,NA,590000.0,1200.0,1.0,3.0,2.0,2.0,2.0,2.0,1970.0
single_family,NA,779999.0,1923.0,2.0,3.0,2.0,2.0,2.0,1.0,1927.0
condos,condo,650000.0,837.0,2.0,2.0,1.0,1.0,1.0,1.0,1973.0
condos,condo,740000.0,1783.0,2.0,3.0,3.0,3.0,3.0,2.0,1986.0
single_family,NA,3100000.0,5417.0,2.0,6.0,8.0,2.0,7.0,6.0,2018.0
single_family,NA,350000.0,918.0,1.0,2.0,1.0,1.0,1.0,1.0,1920.0
single_family,NA,1749000.0,2722.0,2.0,4.0,3.0,3.0,3.0,2.0,1978.0
single_family,NA,744000.0,1160.0,1.0,3.0,2.0,1.0,1.0,3.0,1951.0
single_family,NA,12995000.0,5188.0,2.0,5.0,6.0,5.0,5.0,6.0,2026.0
single_family,NA,875000.0,1291.0,2.0,3.0,2.0,2.0,2.0,2.0,1979.0
single_family,NA,639000.0,1438.0,1.0,2.0,2.0,2.0,2.0,2.0,2021.0
single_family,NA,2395000.0,3434.0,2.0,5.0,4.0,3.0,3.0,3.0,1970.0
condos,condo,640000.0,1820.0,3.0,3.0,3.0,3.0,3.0,2.0,1980.0
townhomes,townhouse,650000.0,1542.0,2.0,2.0,3.0,2.0,2.0,2.0,2009.0
single_family,NA,1149000.0,1238.0,1.0,3.0,2.0,2.0,2.0,2.0,1959.0
single_family,NA,460000.0,1822.0,1.0,4.0,3.0,2.0,2.0,2.0,1964.0
condos,condo,650000.0,1890.0,3.0,3.0,4.0,2.0,2.0,2.0,2021.0
single_family,NA,595000.0,1995.0,2.0,5.0,2.0,2.0,2.0,2.0,1964.0
single_family,NA,699000.0,832.0,1.0,2.0,1.0,1.0,1.0,2.0,1947.0
single_family,NA,10850000.0,3565.0,2.0,5.0,6.0,5.0,5.0,2.0,1979.0
single_family,NA,319900.0,1248.0,1.0,3.0,2.0,1.0,1.0,0.0,1972.0
single_family,NA,395000.0,1275.0,1.0,3.0,2.0,2.0,2.0,2.0,1980.0
land,NA,399000.0,0.0,0.0,0.0,0.0,0.0,0.0,0.0,0.0
single_family,NA,699900.0,1206.0,1.0,3.0,2.0,1.0,2.0,2.0,1988.0
single_family,NA,719000.0,1361.0,1.0,2.0,2.0,2.0,2.0,2.0,1988.0
single_family,NA,310000.0,1283.0,1.0,2.0,1.0,1.0,1.0,0.0,1964.0
single_family,NA,549000.0,1608.0,2.0,4.0,3.0,3.0,3.0,2.0,1983.0
single_family,NA,589000.0,1971.0,1.0,3.0,2.0,2.0,2.0,2.0,2000.0
condos,condo,624900.0,1050.0,5.0,2.0,2.0,2.0,2.0,2.0,2010.0
single_family,NA,949000.0,2400.0,1.0,3.0,2.0,2.0,2.0,2.0,1989.0
mobile,NA,699000.0,1100.0,2.0,2.0,2.0,2.0,2.0,0.0,2006.0
single_family,NA,430000.0,1300.0,1.0,4.0,2.0,2.0,2.0,2.0,1977.0
single_family,NA,1375000.0,3198.0,2.0,5.0,4.0,3.0,3.0,3.0,2006.0
condos,condo,2250000.0,2685.0,1.0,4.0,3.0,2.0,2.0,2.0,1989.0
single_family,NA,899999.0,864.0,1.0,2.0,1.0,1.0,1.0,2.0,1976.0
single_family,NA,1450000.0,2334.0,2.0,4.0,3.0,2.0,2.0,2.0,1979.0
land,NA,195000.0,0.0,0.0,0.0,0.0,0.0,0.0,0.0,0.0
single_family,NA,525000.0,1791.0,2.0,4.0,2.0,2.0,2.0,0.0,1917.0
single_family,NA,774900.0,1241.0,1.0,3.0,2.0,2.0,2.0,2.0,1956.0
single_family,NA,625000.0,1425.0,1.0,3.0,2.0,2.0,2.0,2.0,1995.0
single_family,NA,629999.0,1920.0,1.0,3.0,2.0,2.0,2.0,2.0,2015.0
single_family,NA,925000.0,792.0,1.0,2.0,1.0,1.0,1.0,2.0,1946.0
townhomes,townhouse,998000.0,1525.0,1.0,3.0,2.0,2.0,2.0,2.0,1979.0
single_family,NA,425000.0,1650.0,1.0,3.0,2.0,2.0,2.0,2.0,1980.0
land,NA,139000.0,0.0,0.0,0.0,0.0,0.0,0.0,0.0,0.0
single_family,NA,514000.0,3366.0,2.0,4.0,3.0,3.0,3.0,2.0,1989.0
single_family,NA,489000.0,1690.0,1.0,3.0,2.0,2.0,2.0,1.0,1961.0
single_family,NA,2089000.0,4129.0,2.0,6.0,6.0,6.0,6.0,4.0,1976.0
single_family,NA,637900.0,1779.0,1.0,3.0,2.0,2.0,2.0,2.0,1988.0
single_family,NA,450000.0,1104.0,1.0,3.0,2.0,1.0,1.0,0.0,1935.0
condos,condo,999000.0,1493.0,2.0,2.0,3.0,2.0,2.0,2.0,2010.0
single_family,NA,805000.0,2280.0,1.0,4.0,3.0,2.0,2.0,2.0,2023.0
single_family,NA,569000.0,1798.0,1.0,4.0,2.0,2.0,2.0,2.0,1988.0
single_family,NA,635000.0,2420.0,2.0,5.0,3.0,3.0,3.0,2.0,2008.0
single_family,NA,550000.0,1468.0,2.0,3.0,1.0,1.0,1.0,2.0,1930.0
single_family,NA,600000.0,2243.0,2.0,4.0,3.0,2.0,2.0,2.0,1990.0
single_family,NA,500000.0,1384.0,1.0,3.0,2.0,2.0,2.0,2.0,1980.0
townhomes,townhouse,699900.0,805.0,1.0,2.0,1.0,1.0,1.0,2.0,1966.0
single_family,NA,565000.0,1762.0,2.0,4.0,2.0,2.0,2.0,0.0,1910.0
single_family,NA,1190000.0,3367.0,2.0,4.0,4.0,3.0,3.0,3.0,2022.0
single_family,NA,699999.0,1385.0,1.0,3.0,2.0,2.0,2.0,1.0,1969.0
single_family,NA,799800.0,1280.0,1.0,3.0,1.0,1.0,1.0,1.0,1951.0
single_family,NA,576000.0,1034.0,1.0,2.0,1.0,1.0,1.0,1.0,1977.0
single_family,NA,500910.0,1957.0,2.0,3.0,3.0,2.0,2.0,2.0,2026.0
single_family,NA,475000.0,1331.0,1.0,3.0,2.0,2.0,2.0,2.0,2005.0
single_family,NA,649000.0,2351.0,2.0,4.0,3.0,3.0,3.0,6.0,2014.0
condos,condo,650000.0,1121.0,1.0,2.0,2.0,2.0,2.0,1.0,1977.0
single_family,NA,685000.0,1587.0,1.0,4.0,2.0,2.0,2.0,2.0,1985.0
single_family,NA,375000.0,906.0,1.0,3.0,1.0,1.0,1.0,0.0,1960.0
single_family,NA,1199000.0,1227.0,1.0,3.0,2.0,2.0,2.0,2.0,1986.0
single_family,NA,1299000.0,2643.0,2.0,4.0,3.0,3.0,3.0,3.0,1983.0
single_family,NA,899000.0,2574.0,2.0,4.0,3.0,2.0,2.0,2.0,2004.0
single_family,NA,689900.0,1168.0,1.0,3.0,2.0,2.0,2.0,0.0,1949.0
single_family,NA,659000.0,848.0,1.0,2.0,1.0,1.0,1.0,1.0,1926.0
single_family,NA,729900.0,1428.0,1.0,4.0,2.0,2.0,2.0,2.0,1972.0
single_family,NA,1495000.0,1550.0,1.0,4.0,3.0,2.0,2.0,2.0,1961.0
single_family,NA,899000.0,861.0,1.0,2.0,1.0,1.0,1.0,2.0,1958.0
condos,condo,544500.0,1068.0,2.0,2.0,2.0,1.0,1.0,1.0,1984.0
single_family,NA,459000.0,1558.0,1.0,3.0,2.0,2.0,2.0,2.0,2018.0
single_family,NA,2257000.0,2379.0,2.0,4.0,3.0,3.0,3.0,3.0,1977.0
mobile,NA,209000.0,1080.0,1.0,2.0,2.0,2.0,2.0,0.0,2021.0
mobile,NA,279000.0,1280.0,1.0,3.0,2.0,2.0,2.0,0.0,2025.0
single_family,NA,1100000.0,2409.0,1.0,4.0,3.0,1.0,3.0,3.0,1985.0
condos,condo,689000.0,740.0,2.0,1.0,2.0,1.0,1.0,0.0,2001.0
single_family,NA,249999.0,1214.0,1.0,2.0,2.0,2.0,2.0,1.0,2000.0
single_family,NA,999800.0,1993.0,2.0,3.0,2.0,2.0,2.0,0.0,1990.0
single_family,NA,542990.0,2084.0,2.0,3.0,3.0,2.0,2.0,2.0,2026.0
single_family,NA,749000.0,1610.0,1.0,3.0,2.0,2.0,2.0,3.0,1992.0
single_family,NA,850000.0,1578.0,1.0,2.0,2.0,2.0,2.0,2.0,1985.0
condos,condo,1650000.0,1565.0,1.0,2.0,2.0,2.0,2.0,1.0,1922.0
single_family,NA,3165000.0,4375.0,2.0,4.0,5.0,5.0,5.0,2.0,2004.0
single_family,NA,689000.0,1330.0,1.0,3.0,2.0,2.0,2.0,2.0,1989.0
single_family,NA,799765.0,3113.0,2.0,4.0,3.0,2.0,2.0,2.0,2004.0
mobile,NA,507000.0,2034.0,1.0,3.0,2.0,2.0,2.0,3.0,1987.0
single_family,NA,459000.0,1050.0,1.0,3.0,2.0,2.0,2.0,0.0,1926.0
land,NA,325000.0,0.0,0.0,0.0,0.0,0.0,0.0,0.0,0.0
single_family,NA,2148000.0,2649.0,2.0,5.0,3.0,2.0,3.0,3.0,1987.0
land,NA,2199000.0,0.0,0.0,0.0,0.0,0.0,0.0,0.0,0.0
single_family,NA,865000.0,2562.0,2.0,4.0,2.0,2.0,2.0,1.0,1897.0
single_family,NA,1020000.0,1120.0,1.0,3.0,2.0,2.0,2.0,2.0,1975.0
condos,condo,665000.0,1210.0,1.0,2.0,2.0,2.0,2.0,0.0,2007.0
single_family,NA,439000.0,1122.0,1.0,3.0,1.0,1.0,1.0,2.0,1959.0
single_family,NA,1350000.0,1891.0,1.0,3.0,2.0,2.0,2.0,2.0,1955.0
condos,condo,354900.0,1494.0,1.0,2.0,2.0,2.0,2.0,0.0,1979.0
single_family,NA,345000.0,1065.0,1.0,2.0,2.0,2.0,2.0,2.0,1990.0
single_family,NA,410000.0,1736.0,1.0,3.0,2.0,2.0,2.0,2.0,2002.0
single_family,NA,5785000.0,4621.0,2.0,5.0,6.0,5.0,5.0,3.0,2018.0
single_family,NA,1398888.0,2198.0,2.0,4.0,3.0,2.0,2.0,3.0,2005.0
single_family,NA,700000.0,2329.0,1.0,4.0,3.0,3.0,3.0,2.0,1990.0
single_family,NA,425000.0,1113.0,1.0,3.0,2.0,2.0,2.0,2.0,1980.0
single_family,NA,1100000.0,1452.0,1.0,2.0,1.0,1.0,1.0,2.0,1941.0
condos,condo,2895000.0,2180.0,1.0,3.0,3.0,2.0,2.0,2.0,1975.0
single_family,NA,1148000.0,1883.0,1.0,3.0,2.0,2.0,2.0,2.0,1952.0
single_family,NA,749000.0,2181.0,2.0,4.0,3.0,2.0,2.0,2.0,1979.0
single_family,NA,390000.0,1161.0,1.0,3.0,2.0,2.0,2.0,1.0,1955.0
single_family,NA,499000.0,1669.0,2.0,3.0,3.0,2.0,2.0,1.0,2007.0
single_family,NA,655000.0,1629.0,1.0,3.0,2.0,2.0,2.0,0.0,1989.0
single_family,NA,2800000.0,3589.0,2.0,5.0,3.0,3.0,3.0,2.0,1962.0
multi_family,NA,3295000.0,1950.0,1.0,3.0,3.0,1.0,2.0,2.0,1952.0
condos,condo,1250000.0,2254.0,2.0,4.0,3.0,2.0,3.0,2.0,2010.0
single_family,NA,1800000.0,2630.0,2.0,4.0,3.0,2.0,3.0,3.0,1994.0
single_family,NA,1695000.0,2712.0,2.0,5.0,3.0,3.0,3.0,3.0,1979.0
condos,condo,260000.0,958.0,1.0,2.0,2.0,2.0,2.0,0.0,2005.0
single_family,NA,835000.0,1251.0,1.0,3.0,2.0,2.0,2.0,2.0,1984.0
land,NA,129000.0,0.0,0.0,0.0,0.0,0.0,0.0,0.0,0.0
condos,condo,1049000.0,1570.0,1.0,2.0,2.0,2.0,2.0,2.0,1975.0
single_family,NA,1175000.0,1719.0,1.0,4.0,2.0,1.0,2.0,2.0,1976.0
mobile,NA,279900.0,1900.0,1.0,2.0,2.0,2.0,2.0,2.0,1983.0
single_family,NA,825000.0,1776.0,1.0,3.0,2.0,2.0,2.0,2.0,1964.0
condos,condo,839999.0,1096.0,1.0,2.0,2.0,1.0,2.0,2.0,1991.0
mobile,NA,79990.0,1248.0,1.0,2.0,2.0,2.0,2.0,0.0,1974.0
condos,condo,408000.0,1728.0,3.0,2.0,2.0,2.0,2.0,2.0,2005.0
single_family,NA,1325000.0,1591.0,1.0,3.0,2.0,2.0,2.0,2.0,1948.0
single_family,NA,487500.0,1326.0,1.0,4.0,2.0,2.0,2.0,2.0,1971.0
land,NA,78500.0,0.0,0.0,0.0,0.0,0.0,0.0,0.0,0.0
single_family,NA,590000.0,1285.0,1.0,4.0,2.0,2.0,2.0,2.0,1956.0
single_family,NA,1395000.0,1557.0,2.0,3.0,3.0,2.0,2.0,0.0,1921.0
single_family,NA,35000000.0,10789.0,3.0,6.0,7.0,6.0,6.0,6.0,1994.0
mobile,NA,149999.0,1152.0,1.0,3.0,2.0,2.0,2.0,0.0,1984.0
land,NA,14999.0,0.0,0.0,0.0,0.0,0.0,0.0,0.0,0.0
single_family,NA,495000.0,1865.0,2.0,3.0,3.0,2.0,2.0,2.0,2004.0
condos,condo,1298000.0,1737.0,3.0,3.0,3.0,3.0,3.0,2.0,2020.0
single_family,NA,1949000.0,2383.0,2.0,3.0,3.0,2.0,2.0,2.0,1972.0
single_family,NA,370000.0,1364.0,1.0,3.0,2.0,1.0,1.0,0.0,1973.0
multi_family,NA,699000.0,1803.0,1.0,2.0,2.0,2.0,2.0,0.0,1953.0
single_family,NA,849900.0,2000.0,1.0,3.0,2.0,2.0,2.0,2.0,1948.0
single_family,NA,869000.0,2050.0,2.0,3.0,3.0,2.0,2.0,2.0,1981.0
single_family,NA,700000.0,2105.0,1.0,3.0,2.0,2.0,2.0,3.0,1997.0
multi_family,NA,2290000.0,3475.0,4.0,5.0,2.0,2.0,2.0,0.0,1902.0
single_family,NA,558170.0,2583.0,2.0,4.0,5.0,3.0,3.0,2.0,2026.0
single_family,NA,1715000.0,3800.0,2.0,5.0,5.0,4.0,4.0,3.0,2016.0
single_family,NA,10998000.0,3485.0,2.0,5.0,6.0,5.0,5.0,2.0,2011.0
single_family,NA,600000.0,1300.0,1.0,3.0,2.0,2.0,2.0,2.0,1973.0
single_family,NA,2350000.0,2700.0,2.0,5.0,4.0,3.0,3.0,2.0,2015.0
single_family,NA,452000.0,1464.0,1.0,4.0,2.0,2.0,2.0,2.0,1981.0
single_family,NA,549062.0,1640.0,1.0,3.0,2.0,2.0,2.0,2.0,2026.0
single_family,NA,450000.0,1747.0,1.0,3.0,2.0,2.0,2.0,2.0,1955.0
townhomes,townhouse,589000.0,2011.0,2.0,3.0,3.0,3.0,3.0,2.0,2014.0
townhomes,townhouse,798900.0,1052.0,2.0,2.0,3.0,2.0,2.0,1.0,1984.0
single_family,NA,1499900.0,2448.0,2.0,5.0,3.0,3.0,3.0,2.0,1965.0
single_family,NA,1698000.0,4159.0,2.0,4.0,5.0,4.0,4.0,3.0,2018.0
single_family,NA,575000.0,1097.0,1.0,3.0,2.0,2.0,2.0,2.0,1957.0
single_family,NA,849999.0,2048.0,2.0,4.0,3.0,3.0,3.0,2.0,1965.0
mobile,NA,479000.0,1984.0,1.0,3.0,2.0,2.0,2.0,2.0,2004.0
single_family,NA,659900.0,2093.0,1.0,3.0,2.0,2.0,2.0,3.0,2005.0
condos,condo,390000.0,634.0,1.0,1.0,1.0,1.0,1.0,2.0,1989.0
single_family,NA,789000.0,2506.0,2.0,5.0,4.0,3.0,3.0,0.0,1989.0
single_family,NA,749990.0,2947.0,2.0,4.0,4.0,3.0,3.0,2.0,2006.0
condos,condo,435000.0,768.0,1.0,1.0,1.0,1.0,1.0,1.0,1982.0
single_family,NA,689000.0,1758.0,1.0,3.0,2.0,2.0,2.0,0.0,1956.0
condos,condo,312000.0,846.0,1.0,1.0,1.0,1.0,1.0,1.0,2005.0
single_family,NA,1050000.0,2808.0,2.0,4.0,3.0,3.0,3.0,2.0,1972.0
single_family,NA,799000.0,2044.0,1.0,4.0,3.0,3.0,3.0,2.0,1973.0
single_family,NA,554950.0,1819.0,2.0,4.0,3.0,2.0,2.0,2.0,1979.0
single_family,NA,1100000.0,2493.0,1.0,4.0,3.0,2.0,2.0,2.0,1966.0
single_family,NA,885000.0,1707.0,1.0,4.0,3.0,3.0,3.0,0.0,1949.0
condos,condo,539999.0,836.0,1.0,2.0,2.0,2.0,2.0,1.0,1997.0
single_family,NA,385000.0,1051.0,1.0,3.0,1.0,1.0,1.0,2.0,1953.0
single_family,NA,399900.0,1400.0,1.0,4.0,2.0,2.0,2.0,0.0,1959.0
single_family,NA,565000.0,1889.0,2.0,4.0,3.0,3.0,3.0,2.0,1967.0
single_family,NA,389999.0,1494.0,1.0,3.0,2.0,2.0,2.0,2.0,1979.0
single_family,NA,940000.0,1437.0,1.0,4.0,2.0,2.0,2.0,2.0,1961.0
land,NA,48000.0,0.0,0.0,0.0,0.0,0.0,0.0,0.0,0.0
single_family,NA,610000.0,1848.0,3.0,3.0,3.0,2.0,2.0,2.0,1984.0
single_family,NA,579000.0,1140.0,1.0,2.0,1.0,1.0,1.0,1.0,1926.0
single_family,NA,444900.0,1140.0,1.0,3.0,2.0,2.0,2.0,2.0,1955.0
townhomes,townhouse,868000.0,1708.0,2.0,4.0,3.0,3.0,3.0,2.0,1982.0
single_family,NA,2299950.0,2496.0,2.0,5.0,3.0,2.0,2.0,3.0,1969.0
single_family,NA,599900.0,1134.0,1.0,3.0,1.0,1.0,1.0,2.0,1921.0
single_family,NA,1400000.0,2013.0,1.0,3.0,2.0,2.0,2.0,2.0,1977.0
single_family,NA,369900.0,1200.0,2.0,3.0,2.0,2.0,2.0,0.0,1981.0
single_family,NA,1039000.0,3014.0,2.0,5.0,3.0,3.0,3.0,3.0,2000.0
single_family,NA,325000.0,1192.0,2.0,2.0,2.0,2.0,2.0,0.0,2004.0
single_family,NA,1100000.0,1914.0,2.0,3.0,3.0,2.0,2.0,3.0,1989.0
condos,condo,450000.0,814.0,1.0,2.0,1.0,1.0,1.0,0.0,1972.0
single_family,NA,549500.0,2095.0,2.0,4.0,3.0,3.0,3.0,2.0,1997.0
land,NA,89995.0,0.0,0.0,0.0,0.0,0.0,0.0,0.0,0.0
multi_family,NA,849999.0,1892.0,1.0,5.0,2.0,2.0,2.0,0.0,1920.0
townhomes,townhouse,619000.0,1208.0,2.0,3.0,2.0,1.0,1.0,1.0,1978.0
single_family,NA,669900.0,1888.0,1.0,4.0,2.0,2.0,2.0,2.0,1965.0
single_family,NA,875000.0,2016.0,3.0,4.0,4.0,3.0,3.0,2.0,2007.0
single_family,NA,2599000.0,2907.0,1.0,3.0,3.0,2.0,2.0,2.0,1968.0
single_family,NA,799000.0,1407.0,1.0,3.0,2.0,2.0,2.0,3.0,1927.0
single_family,NA,1368000.0,1628.0,1.0,3.0,2.0,2.0,2.0,2.0,1956.0
condos,condo,650000.0,1082.0,1.0,2.0,2.0,2.0,2.0,0.0,1980.0
single_family,NA,436000.0,1025.0,1.0,3.0,2.0,2.0,2.0,2.0,1979.0
land,NA,1800000.0,0.0,0.0,0.0,0.0,0.0,0.0,0.0,0.0
single_family,NA,389000.0,720.0,1.0,2.0,1.0,1.0,1.0,1.0,1946.0
single_family,NA,1600000.0,3138.0,2.0,4.0,3.0,3.0,3.0,2.0,1985.0
single_family,NA,649500.0,1458.0,2.0,4.0,3.0,2.0,2.0,2.0,1988.0
condos,condo,448900.0,422.0,1.0,1.0,1.0,1.0,1.0,0.0,1987.0
single_family,NA,510000.0,1009.0,1.0,3.0,1.0,1.0,1.0,2.0,1952.0
land,NA,8000.0,0.0,0.0,0.0,0.0,0.0,0.0,0.0,0.0
single_family,NA,595000.0,1200.0,1.0,4.0,2.0,2.0,2.0,2.0,1957.0
townhomes,townhouse,719000.0,960.0,2.0,2.0,2.0,1.0,2.0,2.0,1984.0
single_family,NA,745000.0,2841.0,2.0,3.0,2.0,2.0,2.0,2.0,1980.0
mobile,NA,250000.0,1060.0,1.0,2.0,2.0,2.0,2.0,0.0,2019.0
single_family,NA,700000.0,2980.0,2.0,4.0,4.0,3.0,3.0,3.0,2018.0
condos,condo,588220.0,1174.0,1.0,2.0,2.0,2.0,2.0,0.0,1979.0
single_family,NA,2690000.0,1911.0,1.0,2.0,2.0,2.0,2.0,2.0,1977.0
single_family,NA,889999.0,1310.0,1.0,4.0,2.0,2.0,2.0,2.0,1956.0
single_family,NA,1100000.0,2302.0,1.0,3.0,2.0,2.0,2.0,2.0,1984.0
townhomes,townhouse,750000.0,2170.0,3.0,4.0,3.0,3.0,3.0,2.0,2009.0
single_family,NA,724900.0,1889.0,2.0,4.0,3.0,2.0,2.0,2.0,2005.0
single_family,NA,299000.0,864.0,1.0,2.0,1.0,1.0,1.0,0.0,1939.0
land,NA,144000.0,0.0,0.0,0.0,0.0,0.0,0.0,0.0,0.0
condos,condo,2199000.0,2052.0,1.0,2.0,3.0,2.0,2.0,2.0,2005.0
land,NA,70000.0,0.0,0.0,0.0,0.0,0.0,0.0,0.0,0.0
land,NA,28000.0,0.0,0.0,0.0,0.0,0.0,0.0,0.0,0.0
single_family,NA,1088888.0,1540.0,1.0,3.0,2.0,2.0,2.0,2.0,1973.0
single_family,NA,295000.0,1560.0,1.0,4.0,2.0,2.0,2.0,2.0,2006.0
mobile,NA,75000.0,480.0,1.0,1.0,1.0,1.0,1.0,2.0,1978.0
single_family,NA,460000.0,1157.0,1.0,4.0,2.0,2.0,2.0,2.0,1974.0
single_family,NA,380000.0,1030.0,1.0,2.0,1.0,1.0,1.0,2.0,1957.0
single_family,NA,1349000.0,2812.0,1.0,4.0,3.0,3.0,3.0,4.0,1997.0
single_family,NA,850000.0,2696.0,2.0,3.0,2.0,2.0,2.0,2.0,2007.0
single_family,NA,1350000.0,1848.0,1.0,5.0,2.0,2.0,2.0,2.0,1962.0
single_family,NA,859888.0,2401.0,1.0,4.0,3.0,2.0,2.0,3.0,1999.0
single_family,NA,469999.0,1878.0,1.0,3.0,2.0,2.0,2.0,2.0,1980.0
single_family,NA,563900.0,1490.0,2.0,3.0,3.0,2.0,2.0,2.0,1987.0
condos,condo,549000.0,630.0,1.0,1.0,1.0,1.0,1.0,1.0,1980.0
single_family,NA,850000.0,1942.0,1.0,4.0,2.0,2.0,2.0,4.0,1978.0
single_family,NA,818000.0,2920.0,2.0,4.0,4.0,3.0,3.0,2.0,2004.0
single_family,NA,835000.0,2162.0,1.0,2.0,2.0,2.0,2.0,3.0,2004.0
single_family,NA,350000.0,1683.0,1.0,2.0,2.0,2.0,2.0,2.0,2002.0
single_family,NA,539900.0,2468.0,1.0,4.0,3.0,3.0,3.0,3.0,2018.0
mobile,NA,209900.0,1120.0,1.0,4.0,2.0,2.0,2.0,2.0,1996.0
single_family,NA,369000.0,1025.0,1.0,2.0,1.0,1.0,1.0,0.0,1987.0
single_family,NA,385000.0,1152.0,1.0,3.0,2.0,2.0,2.0,2.0,1962.0
condos,condo,385500.0,1427.0,1.0,3.0,2.0,2.0,2.0,1.0,1973.0
mobile,NA,175000.0,1152.0,1.0,3.0,2.0,2.0,2.0,0.0,2017.0
single_family,NA,1300000.0,1684.0,1.0,4.0,2.0,2.0,2.0,2.0,1964.0
single_family,NA,1029000.0,2379.0,2.0,4.0,3.0,3.0,3.0,3.0,1990.0
single_family,NA,1999000.0,2344.0,2.0,4.0,3.0,3.0,3.0,2.0,1963.0
land,NA,10950.0,0.0,0.0,0.0,0.0,0.0,0.0,0.0,0.0
single_family,NA,623000.0,1845.0,1.0,2.0,2.0,2.0,2.0,2.0,2004.0
single_family,NA,1050000.0,1434.0,1.0,4.0,2.0,2.0,2.0,2.0,1984.0
single_family,NA,1549900.0,2334.0,2.0,3.0,3.0,2.0,2.0,3.0,1999.0
single_family,NA,1220000.0,2616.0,2.0,4.0,4.0,3.0,3.0,3.0,1997.0
mobile,NA,199000.0,1440.0,1.0,2.0,2.0,2.0,2.0,0.0,1975.0
condos,condo,630000.0,1196.0,2.0,2.0,2.0,2.0,2.0,2.0,2024.0
single_family,NA,1639500.0,2096.0,1.0,4.0,2.0,2.0,2.0,3.0,1998.0
condos,condo,399900.0,731.0,1.0,1.0,1.0,1.0,1.0,1.0,1985.0
single_family,NA,610000.0,2298.0,2.0,4.0,3.0,2.0,2.0,2.0,2005.0
single_family,NA,750000.0,1320.0,1.0,3.0,2.0,2.0,2.0,2.0,1992.0
single_family,NA,739000.0,2472.0,3.0,3.0,3.0,3.0,3.0,5.0,1984.0
single_family,NA,2188888.0,3848.0,2.0,4.0,4.0,1.0,3.0,3.0,1988.0
townhomes,townhouse,775000.0,1585.0,2.0,3.0,3.0,2.0,2.0,2.0,1974.0
single_family,NA,925000.0,1041.0,1.0,3.0,2.0,2.0,2.0,2.0,1954.0
single_family,NA,1049000.0,1534.0,1.0,3.0,2.0,2.0,2.0,2.0,1968.0
single_family,NA,699000.0,1698.0,2.0,3.0,3.0,2.0,2.0,2.0,2000.0
single_family,NA,1790000.0,1589.0,2.0,3.0,3.0,2.0,2.0,2.0,2013.0
land,NA,4200.0,0.0,0.0,0.0,0.0,0.0,0.0,0.0,0.0
single_family,NA,1373000.0,2601.0,2.0,4.0,3.0,3.0,3.0,2.0,2015.0
single_family,NA,515000.0,2286.0,2.0,3.0,3.0,2.0,2.0,2.0,1991.0
single_family,NA,299999.0,876.0,1.0,2.0,2.0,2.0,2.0,0.0,1948.0
single_family,NA,1949000.0,3842.0,3.0,5.0,4.0,4.0,4.0,3.0,1994.0
single_family,NA,3998000.0,4280.0,1.0,3.0,4.0,3.0,3.0,4.0,2000.0
single_family,NA,799000.0,1522.0,1.0,3.0,2.0,2.0,2.0,2.0,1961.0
land,NA,28800.0,0.0,0.0,0.0,0.0,0.0,0.0,0.0,0.0
single_family,NA,2590000.0,1784.0,1.0,3.0,2.0,1.0,1.0,0.0,1925.0
single_family,NA,698000.0,792.0,1.0,2.0,1.0,1.0,1.0,0.0,1949.0
single_family,NA,1200000.0,1728.0,2.0,3.0,3.0,2.0,2.0,2.0,1973.0
condos,condo,1249000.0,1563.0,2.0,2.0,3.0,3.0,3.0,2.0,1984.0
single_family,NA,645000.0,1496.0,1.0,4.0,2.0,1.0,2.0,2.0,1969.0
condos,condo,2850000.0,2438.0,2.0,3.0,4.0,3.0,3.0,2.0,2003.0
single_family,NA,599000.0,760.0,1.0,2.0,1.0,1.0,1.0,2.0,1941.0
condos,condo,1599000.0,1652.0,1.0,2.0,2.0,2.0,2.0,2.0,2003.0
single_family,NA,599900.0,2764.0,1.0,5.0,3.0,1.0,3.0,2.0,1991.0
single_family,NA,1550000.0,3090.0,1.0,4.0,4.0,3.0,3.0,3.0,2000.0
condos,condo,525000.0,1730.0,1.0,2.0,2.0,1.0,2.0,1.0,1964.0
single_family,NA,815000.0,1494.0,1.0,4.0,2.0,2.0,2.0,2.0,1957.0
single_family,NA,865000.0,1613.0,1.0,3.0,2.0,2.0,2.0,2.0,1962.0
single_family,NA,655000.0,1975.0,1.0,3.0,2.0,2.0,2.0,2.0,2009.0
single_family,NA,799000.0,1146.0,1.0,2.0,1.0,1.0,1.0,2.0,1929.0
single_family,NA,459900.0,971.0,1.0,3.0,1.0,1.0,1.0,2.0,1969.0
single_family,NA,1299900.0,2714.0,2.0,5.0,3.0,3.0,3.0,2.0,1968.0
single_family,NA,569000.0,1540.0,1.0,4.0,2.0,2.0,2.0,2.0,1998.0
condos,condo,1499000.0,1932.0,2.0,3.0,3.0,2.0,2.0,2.0,1967.0
single_family,NA,669999.0,1614.0,1.0,4.0,2.0,2.0,2.0,2.0,2011.0
condos,condo,1195000.0,1390.0,3.0,3.0,3.0,2.0,2.0,2.0,1986.0
single_family,NA,449999.0,1200.0,1.0,3.0,2.0,2.0,2.0,2.0,1980.0
single_family,NA,2349000.0,3009.0,2.0,5.0,3.0,3.0,3.0,3.0,1992.0
condos,condo,439000.0,1180.0,1.0,2.0,2.0,2.0,2.0,2.0,1974.0
condos,condo,779000.0,1206.0,4.0,2.0,2.0,2.0,2.0,0.0,1965.0
condos,condo,839000.0,1266.0,2.0,2.0,3.0,2.0,2.0,2.0,1989.0
single_family,NA,899990.0,1195.0,1.0,3.0,2.0,2.0,2.0,2.0,1952.0
condos,condo,699999.0,1263.0,3.0,2.0,3.0,2.0,2.0,2.0,2007.0
single_family,NA,735000.0,935.0,1.0,2.0,1.0,1.0,1.0,1.0,1928.0
single_family,NA,2599000.0,3099.0,1.0,5.0,3.0,3.0,3.0,2.0,1957.0
single_family,NA,175000.0,1128.0,1.0,3.0,1.0,1.0,1.0,1.0,1962.0
townhomes,townhouse,759000.0,1080.0,2.0,2.0,3.0,2.0,2.0,2.0,1996.0
single_family,NA,299000.0,1170.0,2.0,2.0,2.0,2.0,2.0,2.0,1980.0
condos,condo,475000.0,600.0,1.0,1.0,1.0,1.0,1.0,0.0,1964.0
single_family,NA,649900.0,1803.0,2.0,3.0,3.0,2.0,2.0,2.0,2020.0
single_family,NA,1579000.0,1603.0,1.0,4.0,2.0,1.0,2.0,2.0,1955.0
single_family,NA,879900.0,1749.0,2.0,3.0,3.0,2.0,2.0,2.0,1988.0
townhomes,townhouse,998888.0,1568.0,2.0,4.0,3.0,3.0,3.0,2.0,1997.0
single_family,NA,950000.0,1793.0,2.0,4.0,3.0,3.0,3.0,2.0,1986.0
single_family,NA,459000.0,1708.0,2.0,3.0,2.0,2.0,2.0,2.0,1989.0
single_family,NA,1099900.0,1713.0,1.0,3.0,3.0,2.0,2.0,0.0,1956.0
single_family,NA,769000.0,1438.0,1.0,4.0,2.0,2.0,2.0,2.0,1984.0
single_family,NA,1525000.0,1665.0,2.0,3.0,3.0,2.0,2.0,2.0,1997.0
single_family,NA,420000.0,1162.0,1.0,3.0,2.0,2.0,2.0,2.0,1984.0
single_family,NA,1625000.0,2958.0,3.0,4.0,5.0,1.0,3.0,2.0,2023.0
single_family,NA,768000.0,2011.0,2.0,4.0,3.0,3.0,3.0,2.0,2022.0
land,NA,35000.0,0.0,0.0,0.0,0.0,0.0,0.0,0.0,0.0
townhomes,townhouse,985000.0,1743.0,2.0,3.0,3.0,2.0,2.0,2.0,1991.0
single_family,NA,539900.0,1238.0,1.0,3.0,2.0,2.0,2.0,2.0,1995.0
single_family,NA,425000.0,1084.0,1.0,3.0,1.0,1.0,1.0,2.0,1960.0
land,NA,900000.0,0.0,0.0,0.0,0.0,0.0,0.0,0.0,0.0
single_family,NA,775000.0,2412.0,1.0,4.0,3.0,3.0,3.0,3.0,1987.0
single_family,NA,1775000.0,2885.0,3.0,4.0,3.0,3.0,3.0,2.0,1979.0
single_family,NA,4995000.0,3520.0,1.0,4.0,3.0,3.0,3.0,3.0,1966.0
single_family,NA,575000.0,2897.0,2.0,4.0,3.0,2.0,2.0,3.0,2005.0
single_family,NA,1576905.0,2874.0,2.0,4.0,3.0,3.0,3.0,3.0,1945.0
single_family,NA,1650000.0,2404.0,1.0,4.0,2.0,2.0,2.0,3.0,1983.0
single_family,NA,2099900.0,2513.0,3.0,6.0,5.0,5.0,5.0,0.0,2014.0
single_family,NA,649000.0,1873.0,1.0,2.0,2.0,2.0,2.0,2.0,2003.0
condos,condo,344000.0,562.0,1.0,1.0,1.0,1.0,1.0,0.0,2001.0
single_family,NA,1499999.0,4209.0,2.0,4.0,4.0,4.0,4.0,3.0,2006.0
land,NA,13000.0,0.0,0.0,0.0,0.0,0.0,0.0,0.0,0.0
single_family,NA,1999000.0,3552.0,1.0,5.0,4.0,3.0,3.0,2.0,1987.0
single_family,NA,1255000.0,3058.0,2.0,4.0,4.0,3.0,3.0,2.0,1999.0
single_family,NA,640000.0,2131.0,1.0,4.0,3.0,3.0,3.0,1.0,1965.0
mobile,NA,260000.0,1344.0,1.0,2.0,2.0,2.0,2.0,1.0,2006.0
single_family,NA,529500.0,1585.0,1.0,2.0,2.0,2.0,2.0,2.0,1997.0
single_family,NA,2195000.0,1821.0,1.0,4.0,3.0,3.0,3.0,2.0,1959.0
single_family,NA,2698888.0,1824.0,1.0,4.0,2.0,2.0,2.0,2.0,1955.0
single_family,NA,649999.0,1794.0,1.0,4.0,2.0,2.0,2.0,2.0,1962.0
single_family,NA,574899.0,932.0,1.0,2.0,1.0,0.0,1.0,1.0,1907.0
single_family,NA,1675000.0,2508.0,2.0,3.0,3.0,2.0,2.0,2.0,1978.0
single_family,NA,3895000.0,1654.0,1.0,3.0,2.0,2.0,2.0,2.0,1955.0
single_family,NA,409000.0,1840.0,2.0,4.0,3.0,3.0,3.0,2.0,1989.0
single_family,NA,2498000.0,3082.0,1.0,4.0,3.0,2.0,3.0,3.0,1947.0
single_family,NA,11895000.0,3752.0,1.0,4.0,4.0,2.0,3.0,2.0,1948.0
single_family,NA,2880000.0,3656.0,2.0,5.0,5.0,5.0,5.0,3.0,1996.0
single_family,NA,500000.0,1271.0,1.0,3.0,1.0,1.0,1.0,2.0,1950.0
single_family,NA,1295000.0,2061.0,1.0,4.0,3.0,2.0,3.0,2.0,1963.0
single_family,NA,530000.0,1252.0,1.0,3.0,2.0,2.0,2.0,2.0,1959.0
single_family,NA,365000.0,1800.0,1.0,3.0,2.0,2.0,2.0,2.0,1973.0
single_family,NA,679000.0,1200.0,1.0,4.0,2.0,2.0,2.0,2.0,1986.0
condos,condo,1230000.0,1993.0,3.0,3.0,3.0,3.0,3.0,2.0,2008.0
single_family,NA,849000.0,1440.0,1.0,4.0,2.0,2.0,2.0,2.0,1959.0
single_family,NA,2500000.0,4843.0,2.0,5.0,6.0,5.0,5.0,3.0,2002.0
single_family,NA,1195000.0,1326.0,1.0,3.0,2.0,2.0,2.0,1.0,1926.0
single_family,NA,479000.0,2308.0,1.0,3.0,2.0,2.0,2.0,2.0,2003.0
condos,condo,1695000.0,2110.0,1.0,2.0,3.0,1.0,3.0,2.0,2010.0
townhomes,townhouse,1049000.0,1792.0,2.0,3.0,3.0,2.0,2.0,2.0,1972.0
condos,condo,935000.0,1783.0,4.0,2.0,3.0,2.0,2.0,0.0,1991.0
single_family,NA,1700000.0,1828.0,1.0,3.0,2.0,1.0,2.0,2.0,1925.0
single_family,NA,479000.0,1810.0,1.0,3.0,2.0,2.0,2.0,2.0,2003.0
land,NA,41999.0,0.0,0.0,0.0,0.0,0.0,0.0,0.0,0.0
single_family,NA,550000.0,2490.0,1.0,4.0,2.0,2.0,2.0,3.0,1989.0
single_family,NA,715000.0,720.0,1.0,2.0,1.0,1.0,1.0,0.0,1918.0
single_family,NA,750000.0,1722.0,1.0,3.0,3.0,2.0,2.0,2.0,1949.0
condos,condo,600000.0,1153.0,1.0,2.0,2.0,2.0,2.0,0.0,1978.0
condos,condo,999000.0,1842.0,3.0,2.0,3.0,2.0,2.0,2.0,2019.0
single_family,NA,2649000.0,1629.0,2.0,4.0,3.0,3.0,3.0,2.0,1948.0
single_family,NA,449900.0,669.0,2.0,1.0,2.0,1.0,1.0,1.0,1988.0
single_family,NA,510000.0,1120.0,1.0,3.0,1.0,1.0,1.0,1.0,1954.0
land,NA,79000.0,0.0,0.0,0.0,0.0,0.0,0.0,0.0,0.0
single_family,NA,925000.0,2550.0,2.0,4.0,3.0,3.0,3.0,3.0,2003.0
single_family,NA,750000.0,1969.0,2.0,4.0,3.0,3.0,3.0,2.0,1978.0
single_family,NA,2200000.0,3433.0,2.0,4.0,4.0,3.0,3.0,2.0,1998.0
single_family,NA,5798000.0,4340.0,2.0,5.0,4.0,3.0,3.0,2.0,1950.0
single_family,NA,749000.0,1248.0,1.0,2.0,1.0,1.0,1.0,1.0,1950.0
single_family,NA,450000.0,1300.0,1.0,2.0,2.0,2.0,2.0,2.0,1932.0
land,NA,67000.0,0.0,0.0,0.0,0.0,0.0,0.0,0.0,0.0
condos,condo,815000.0,1572.0,2.0,3.0,3.0,2.0,2.0,2.0,1978.0
land,NA,72500.0,0.0,0.0,0.0,0.0,0.0,0.0,0.0,0.0
single_family,NA,660888.0,1395.0,2.0,4.0,3.0,3.0,3.0,2.0,1994.0
single_family,NA,899000.0,995.0,1.0,3.0,1.0,1.0,1.0,1.0,1952.0
townhomes,townhouse,389000.0,1323.0,2.0,3.0,2.0,1.0,1.0,0.0,1973.0
condos,condo,1249000.0,1866.0,3.0,2.0,3.0,1.0,2.0,0.0,1974.0
single_family,NA,455000.0,2147.0,1.0,3.0,2.0,2.0,2.0,1.0,1951.0
single_family,NA,649500.0,2396.0,1.0,5.0,3.0,3.0,3.0,2.0,1979.0
single_family,NA,410000.0,1317.0,1.0,3.0,2.0,2.0,2.0,2.0,1977.0
single_family,NA,500000.0,1381.0,1.0,3.0,2.0,2.0,2.0,2.0,1960.0
single_family,NA,938900.0,1495.0,1.0,3.0,2.0,2.0,2.0,2.0,1981.0
single_family,NA,2988000.0,3900.0,3.0,4.0,4.0,3.0,3.0,2.0,1980.0
single_family,NA,649900.0,1491.0,1.0,3.0,2.0,2.0,2.0,2.0,1993.0
condos,condo,405560.0,555.0,1.0,1.0,1.0,1.0,1.0,0.0,2024.0
land,NA,79500.0,0.0,0.0,0.0,0.0,0.0,0.0,0.0,0.0
single_family,NA,679000.0,756.0,1.0,2.0,1.0,0.0,1.0,2.0,1923.0
land,NA,149000.0,0.0,0.0,0.0,0.0,0.0,0.0,0.0,0.0
condos,condo,599000.0,1258.0,1.0,3.0,2.0,2.0,2.0,0.0,1974.0
single_family,NA,1150000.0,1815.0,1.0,3.0,2.0,2.0,2.0,2.0,1968.0
condos,condo,486000.0,930.0,2.0,2.0,2.0,1.0,1.0,0.0,1965.0
townhomes,townhouse,669900.0,1330.0,2.0,3.0,3.0,2.0,2.0,2.0,2005.0
single_family,NA,410000.0,1468.0,1.0,3.0,2.0,2.0,2.0,2.0,2004.0
single_family,NA,1749000.0,3185.0,2.0,4.0,3.0,3.0,3.0,2.0,1984.0
townhomes,townhouse,564005.0,1584.0,2.0,3.0,3.0,2.0,2.0,2.0,2025.0
single_family,NA,1250000.0,1708.0,2.0,3.0,3.0,2.0,2.0,2.0,1971.0
single_family,NA,850000.0,1848.0,1.0,4.0,2.0,2.0,2.0,2.0,1970.0
land,NA,50000.0,0.0,0.0,0.0,0.0,0.0,0.0,0.0,0.0
townhomes,townhouse,635000.0,934.0,2.0,1.0,1.0,1.0,1.0,0.0,1977.0
mobile,NA,1195000.0,1200.0,1.0,2.0,2.0,0.0,2.0,0.0,1995.0
townhomes,townhouse,1150000.0,1224.0,2.0,2.0,3.0,2.0,2.0,2.0,1985.0
single_family,NA,484999.0,2618.0,1.0,4.0,3.0,3.0,3.0,3.0,2005.0
single_family,NA,980000.0,1785.0,2.0,4.0,3.0,3.0,3.0,2.0,2015.0
mobile,NA,449000.0,576.0,1.0,2.0,1.0,1.0,1.0,0.0,1977.0
single_family,NA,749000.0,2600.0,1.0,3.0,3.0,3.0,3.0,4.0,2003.0
single_family,NA,949999.0,3527.0,2.0,5.0,4.0,4.0,4.0,2.0,2016.0
single_family,NA,348900.0,890.0,2.0,2.0,2.0,1.0,1.0,0.0,1983.0
single_family,NA,756380.0,2461.0,1.0,5.0,3.0,3.0,3.0,2.0,2025.0
single_family,NA,725000.0,3114.0,1.0,4.0,3.0,2.0,2.0,3.0,2006.0
townhomes,townhouse,499999.0,1472.0,2.0,3.0,3.0,2.0,2.0,2.0,2021.0
single_family,NA,1039000.0,1465.0,1.0,2.0,1.0,1.0,1.0,2.0,1950.0
single_family,NA,1659000.0,4296.0,2.0,4.0,4.0,3.0,3.0,3.0,2014.0
single_family,NA,650000.0,1046.0,1.0,2.0,1.0,1.0,1.0,2.0,1914.0
single_family,NA,849000.0,1330.0,2.0,1.0,3.0,3.0,3.0,2.0,1979.0
condos,condo,499000.0,925.0,1.0,2.0,2.0,2.0,2.0,2.0,1989.0
condos,condo,634900.0,1338.0,1.0,3.0,2.0,2.0,2.0,2.0,2004.0
single_family,NA,1200000.0,3363.0,2.0,5.0,3.0,3.0,3.0,3.0,2015.0
single_family,NA,929000.0,2909.0,1.0,3.0,3.0,2.0,2.0,3.0,2017.0
single_family,NA,1470000.0,3042.0,2.0,4.0,4.0,3.0,3.0,1.0,1967.0
single_family,NA,1195000.0,2574.0,2.0,3.0,4.0,3.0,3.0,3.0,2022.0
single_family,NA,495000.0,2076.0,1.0,2.0,2.0,2.0,2.0,2.0,2007.0
condos,condo,505000.0,1548.0,1.0,3.0,3.0,2.0,2.0,2.0,2005.0
single_family,NA,1299000.0,1355.0,1.0,2.0,2.0,2.0,2.0,2.0,1969.0
single_family,NA,770000.0,1750.0,1.0,5.0,3.0,3.0,3.0,2.0,1995.0
condos,condo,810000.0,1362.0,1.0,3.0,2.0,2.0,2.0,1.0,1987.0
single_family,NA,899000.0,907.0,1.0,2.0,1.0,1.0,1.0,2.0,1950.0
multi_family,NA,2500000.0,4506.0,2.0,9.0,7.0,2.0,2.0,11.0,1985.0
single_family,NA,574900.0,1440.0,1.0,2.0,2.0,1.0,2.0,2.0,1984.0
single_family,NA,1599000.0,2790.0,1.0,4.0,2.0,2.0,2.0,0.0,1962.0
condos,condo,429999.0,1394.0,2.0,2.0,3.0,2.0,2.0,2.0,2007.0
single_family,NA,689900.0,999.0,1.0,3.0,1.0,1.0,1.0,1.0,1945.0
single_family,NA,499999.0,1755.0,1.0,4.0,2.0,2.0,2.0,2.0,1998.0
land,NA,124900.0,0.0,0.0,0.0,0.0,0.0,0.0,0.0,0.0
land,NA,39000.0,0.0,0.0,0.0,0.0,0.0,0.0,0.0,0.0
condos,condo,1349000.0,1957.0,2.0,4.0,3.0,2.0,2.0,2.0,1999.0
mobile,NA,270000.0,1323.0,1.0,3.0,2.0,2.0,2.0,0.0,2022.0
single_family,NA,825000.0,1380.0,1.0,3.0,2.0,2.0,2.0,2.0,1955.0
condos,condo,445000.0,1340.0,3.0,2.0,2.0,2.0,2.0,2.0,2007.0
single_family,NA,512305.0,2266.0,1.0,4.0,3.0,2.0,2.0,3.0,2025.0
single_family,NA,1997000.0,4175.0,1.0,4.0,4.0,3.0,3.0,3.0,1986.0
townhomes,townhouse,1080000.0,1105.0,2.0,2.0,2.0,2.0,2.0,2.0,1982.0
single_family,NA,720000.0,2010.0,1.0,3.0,2.0,2.0,2.0,2.0,2005.0
single_family,NA,387000.0,1298.0,1.0,3.0,2.0,2.0,2.0,2.0,2024.0
single_family,NA,1049999.0,3157.0,3.0,4.0,4.0,3.0,4.0,3.0,1979.0
single_family,NA,1025000.0,2336.0,1.0,4.0,3.0,3.0,3.0,3.0,2001.0
single_family,NA,1550000.0,1914.0,1.0,3.0,2.0,2.0,2.0,2.0,1962.0
single_family,NA,885000.0,2643.0,2.0,5.0,3.0,2.0,2.0,2.0,2000.0
single_family,NA,349900.0,1080.0,2.0,2.0,2.0,1.0,1.0,1.0,1952.0
single_family,NA,479000.0,1738.0,1.0,2.0,2.0,2.0,2.0,2.0,2014.0
single_family,NA,987000.0,2466.0,2.0,4.0,3.0,1.0,2.0,2.0,1973.0
single_family,NA,749900.0,2670.0,2.0,4.0,3.0,3.0,3.0,3.0,1991.0
single_family,NA,2250000.0,2461.0,1.0,3.0,3.0,1.0,2.0,2.0,1970.0
single_family,NA,6100000.0,7400.0,2.0,5.0,8.0,6.0,6.0,4.0,2006.0
condos,condo,999000.0,1520.0,3.0,3.0,3.0,3.0,3.0,2.0,2015.0
single_family,NA,374999.0,1589.0,1.0,2.0,2.0,2.0,2.0,1.0,1947.0
single_family,NA,300000.0,1307.0,1.0,4.0,1.0,1.0,1.0,0.0,1953.0
single_family,NA,1495000.0,1636.0,1.0,3.0,2.0,2.0,2.0,2.0,1936.0
single_family,NA,329900.0,1461.0,1.0,3.0,2.0,2.0,2.0,2.0,1965.0
single_family,NA,1469000.0,1893.0,1.0,4.0,2.0,2.0,2.0,2.0,1978.0
single_family,NA,699000.0,1096.0,1.0,3.0,2.0,2.0,2.0,2.0,1973.0
condos,condo,549000.0,1093.0,1.0,2.0,2.0,2.0,2.0,1.0,1989.0
single_family,NA,725000.0,1284.0,1.0,3.0,2.0,2.0,2.0,2.0,1955.0
condos,condo,599900.0,1008.0,2.0,2.0,2.0,2.0,2.0,1.0,2007.0
mobile,NA,315000.0,1344.0,1.0,2.0,2.0,2.0,2.0,0.0,2005.0
single_family,NA,1080000.0,4093.0,2.0,6.0,5.0,4.0,4.0,3.0,2006.0
single_family,NA,2400000.0,1474.0,2.0,3.0,2.0,2.0,2.0,1.0,1952.0
single_family,NA,499000.0,1120.0,1.0,3.0,2.0,2.0,2.0,2.0,1985.0
single_family,NA,455000.0,1454.0,1.0,4.0,2.0,2.0,2.0,2.0,1991.0
single_family,NA,199000.0,340.0,1.0,0.0,1.0,1.0,1.0,0.0,1913.0
condos,condo,169900.0,913.0,2.0,2.0,2.0,1.0,1.0,0.0,1969.0
mobile,NA,483900.0,1344.0,1.0,2.0,2.0,2.0,2.0,0.0,1980.0
condos,condo,675000.0,1296.0,1.0,2.0,2.0,2.0,2.0,0.0,1992.0
single_family,NA,875000.0,2542.0,1.0,4.0,2.0,2.0,2.0,2.0,1962.0
condos,condo,1650000.0,2197.0,2.0,4.0,3.0,3.0,3.0,2.0,2018.0
condos,condo,989000.0,1134.0,2.0,2.0,2.0,1.0,1.0,1.0,1985.0
single_family,NA,875000.0,1062.0,1.0,2.0,1.0,1.0,1.0,2.0,1949.0
single_family,NA,1825000.0,2891.0,2.0,4.0,3.0,3.0,3.0,2.0,2004.0
single_family,NA,524990.0,2554.0,2.0,5.0,4.0,3.0,3.0,2.0,2026.0
single_family,NA,2380000.0,2402.0,2.0,4.0,3.0,3.0,3.0,2.0,1987.0
single_family,NA,899999.0,1503.0,1.0,2.0,2.0,2.0,2.0,2.0,1984.0
single_family,NA,699000.0,2248.0,3.0,4.0,3.0,2.0,2.0,2.0,1978.0
land,NA,30000.0,0.0,0.0,0.0,0.0,0.0,0.0,0.0,0.0
single_family,NA,540000.0,1076.0,1.0,3.0,2.0,2.0,2.0,2.0,1983.0
single_family,NA,2100000.0,2749.0,2.0,4.0,3.0,2.0,3.0,2.0,1969.0
single_family,NA,789000.0,1640.0,2.0,3.0,2.0,2.0,2.0,2.0,1980.0
single_family,NA,699000.0,2253.0,1.0,3.0,2.0,2.0,2.0,3.0,1986.0
land,NA,320000.0,0.0,0.0,0.0,0.0,0.0,0.0,0.0,0.0
single_family,NA,479900.0,1982.0,2.0,3.0,3.0,2.0,2.0,2.0,2003.0
single_family,NA,1300000.0,2784.0,2.0,5.0,4.0,3.0,3.0,2.0,2014.0
single_family,NA,4395000.0,3365.0,2.0,5.0,4.0,3.0,3.0,2.0,1953.0
single_family,NA,969000.0,1307.0,2.0,3.0,3.0,2.0,2.0,2.0,1995.0
townhomes,townhouse,1200000.0,1397.0,1.0,2.0,2.0,2.0,2.0,2.0,1986.0
multi_family,NA,927500.0,2756.0,1.0,5.0,4.0,4.0,4.0,4.0,1968.0
single_family,NA,2688000.0,2143.0,2.0,3.0,3.0,3.0,3.0,0.0,1941.0
condos,condo,1540000.0,1956.0,2.0,4.0,3.0,2.0,2.0,2.0,2010.0
single_family,NA,639900.0,1137.0,1.0,3.0,2.0,1.0,1.0,1.0,1965.0
single_family,NA,1099990.0,2197.0,1.0,2.0,3.0,2.0,2.0,2.0,2025.0
single_family,NA,1200000.0,2628.0,1.0,5.0,3.0,2.0,2.0,2.0,1966.0
single_family,NA,4500000.0,3342.0,2.0,6.0,4.0,4.0,4.0,2.0,1964.0
single_family,NA,2799000.0,2147.0,3.0,3.0,3.0,3.0,3.0,2.0,1994.0
townhomes,townhouse,675000.0,1351.0,2.0,3.0,3.0,1.0,2.0,2.0,1978.0
single_family,NA,999500.0,2955.0,1.0,3.0,3.0,3.0,3.0,3.0,2006.0
single_family,NA,1299000.0,2620.0,2.0,4.0,3.0,2.0,2.0,3.0,1988.0
single_family,NA,569000.0,1671.0,2.0,3.0,3.0,2.0,2.0,2.0,1993.0
condos,condo,410000.0,911.0,2.0,2.0,1.0,1.0,1.0,0.0,1971.0
single_family,NA,1058800.0,1436.0,1.0,3.0,3.0,2.0,3.0,2.0,1956.0
single_family,NA,680000.0,1524.0,1.0,4.0,2.0,2.0,2.0,2.0,1988.0
condos,condo,1845000.0,2281.0,2.0,4.0,4.0,3.0,3.0,2.0,2012.0
single_family,NA,2425000.0,2543.0,2.0,4.0,4.0,4.0,4.0,2.0,2002.0
condos,condo,599999.0,1338.0,3.0,2.0,3.0,0.0,2.0,2.0,1980.0
single_family,NA,1499900.0,1264.0,1.0,3.0,2.0,2.0,2.0,2.0,1970.0
single_family,NA,435000.0,1126.0,1.0,3.0,2.0,2.0,2.0,2.0,1982.0
single_family,NA,1499995.0,2459.0,2.0,4.0,3.0,2.0,2.0,2.0,2002.0
single_family,NA,999900.0,1120.0,1.0,3.0,2.0,2.0,2.0,2.0,1975.0
single_family,NA,1199900.0,1384.0,1.0,3.0,2.0,2.0,2.0,2.0,1973.0
land,NA,36999.0,0.0,0.0,0.0,0.0,0.0,0.0,0.0,0.0
single_family,NA,648000.0,1300.0,2.0,3.0,2.0,2.0,2.0,2.0,1983.0
single_family,NA,1188000.0,1983.0,1.0,4.0,2.0,2.0,2.0,2.0,1954.0
single_family,NA,319000.0,1503.0,1.0,3.0,2.0,2.0,2.0,2.0,2007.0
single_family,NA,1035000.0,2538.0,1.0,3.0,3.0,2.0,2.0,3.0,2022.0
single_family,NA,799000.0,1196.0,1.0,3.0,2.0,2.0,2.0,2.0,1970.0
single_family,NA,589999.0,1978.0,2.0,4.0,3.0,3.0,3.0,2.0,2015.0
single_family,NA,2995000.0,1000.0,1.0,2.0,3.0,2.0,2.0,1.0,1929.0
single_family,NA,845000.0,1762.0,3.0,4.0,4.0,3.0,3.0,2.0,2022.0
land,NA,14999.0,0.0,0.0,0.0,0.0,0.0,0.0,0.0,0.0
single_family,NA,5295000.0,4096.0,2.0,5.0,6.0,5.0,5.0,2.0,2026.0
single_family,NA,1335000.0,1807.0,1.0,3.0,2.0,2.0,2.0,2.0,1964.0
single_family,NA,509000.0,2969.0,2.0,4.0,3.0,3.0,3.0,3.0,2006.0
single_family,NA,1096000.0,3656.0,1.0,5.0,4.0,4.0,4.0,0.0,1999.0
single_family,NA,1197750.0,4498.0,2.0,6.0,5.0,4.0,4.0,4.0,2005.0
single_family,NA,725000.0,2797.0,1.0,3.0,3.0,2.0,2.0,3.0,2004.0
single_family,NA,999000.0,2181.0,2.0,4.0,3.0,3.0,3.0,2.0,1989.0
single_family,NA,1522141.0,1304.0,1.0,3.0,1.0,1.0,1.0,2.0,1950.0
single_family,NA,1600000.0,2972.0,2.0,5.0,3.0,3.0,3.0,2.0,1980.0
single_family,NA,385000.0,1026.0,1.0,3.0,1.0,1.0,1.0,0.0,1948.0
single_family,NA,515000.0,1869.0,1.0,3.0,2.0,2.0,2.0,3.0,2000.0
single_family,NA,995000.0,4230.0,1.0,4.0,4.0,3.0,3.0,5.0,1994.0
condos,condo,309000.0,1276.0,1.0,2.0,2.0,2.0,2.0,2.0,1984.0
condos,condo,229000.0,922.0,2.0,2.0,1.0,1.0,1.0,0.0,1971.0
single_family,NA,1849000.0,1898.0,1.0,6.0,3.0,3.0,3.0,2.0,1971.0
single_family,NA,3100000.0,3841.0,3.0,6.0,5.0,5.0,5.0,2.0,1957.0
single_family,NA,865000.0,1082.0,1.0,3.0,1.0,1.0,1.0,2.0,1950.0
single_family,NA,1550000.0,3106.0,1.0,3.0,3.0,2.0,2.0,3.0,2007.0
condos,condo,600000.0,1630.0,2.0,3.0,3.0,2.0,2.0,2.0,2006.0
condos,condo,688888.0,1020.0,1.0,2.0,2.0,2.0,2.0,2.0,2004.0
single_family,NA,725000.0,1204.0,1.0,3.0,2.0,1.0,1.0,2.0,1954.0
single_family,NA,1149000.0,2271.0,3.0,3.0,3.0,2.0,2.0,0.0,1916.0
single_family,NA,739000.0,1441.0,1.0,3.0,2.0,2.0,2.0,1.0,1969.0
multi_family,NA,429000.0,940.0,1.0,2.0,1.0,1.0,1.0,0.0,1964.0
single_family,NA,579000.0,1763.0,1.0,3.0,2.0,2.0,2.0,2.0,1940.0
single_family,NA,519000.0,1859.0,1.0,3.0,2.0,2.0,2.0,2.0,2018.0
single_family,NA,1889000.0,2605.0,2.0,4.0,4.0,3.0,3.0,2.0,2022.0
single_family,NA,984900.0,3259.0,2.0,5.0,3.0,3.0,3.0,3.0,2002.0
single_family,NA,1999000.0,2319.0,3.0,4.0,4.0,3.0,3.0,2.0,1947.0
single_family,NA,550000.0,2050.0,1.0,3.0,3.0,3.0,3.0,2.0,2019.0
single_family,NA,499000.0,2135.0,2.0,4.0,3.0,3.0,3.0,3.0,2002.0
single_family,NA,450000.0,1263.0,1.0,4.0,2.0,2.0,2.0,2.0,1954.0
single_family,NA,699000.0,2106.0,1.0,3.0,2.0,2.0,2.0,2.0,1982.0
single_family,NA,390000.0,1200.0,1.0,2.0,2.0,2.0,2.0,1.0,2002.0
single_family,NA,359000.0,1100.0,1.0,2.0,2.0,2.0,2.0,2.0,1977.0
condos,condo,899000.0,1684.0,2.0,2.0,2.0,2.0,2.0,2.0,1981.0
single_family,NA,750000.0,3144.0,1.0,3.0,3.0,3.0,3.0,3.0,1988.0
condos,condo,1598000.0,2420.0,2.0,3.0,3.0,2.0,2.0,2.0,1990.0
land,NA,20000.0,0.0,0.0,0.0,0.0,0.0,0.0,0.0,0.0
single_family,NA,900000.0,4069.0,2.0,5.0,5.0,4.0,4.0,3.0,2016.0
condos,condo,550000.0,1195.0,1.0,2.0,2.0,2.0,2.0,1.0,1973.0
mobile,NA,199999.0,1152.0,1.0,2.0,2.0,1.0,2.0,0.0,1981.0
condos,condo,998000.0,1216.0,2.0,3.0,2.0,2.0,2.0,2.0,1988.0
single_family,NA,849000.0,1450.0,1.0,3.0,2.0,1.0,2.0,2.0,1956.0
single_family,NA,1095000.0,2006.0,2.0,4.0,3.0,2.0,3.0,2.0,1978.0
single_family,NA,6995000.0,5001.0,1.0,6.0,6.0,5.0,5.0,3.0,1967.0
single_family,NA,6299000.0,3614.0,2.0,3.0,4.0,3.0,3.0,3.0,2006.0
single_family,NA,485600.0,1795.0,1.0,4.0,2.0,2.0,2.0,2.0,2025.0
single_family,NA,1950000.0,4735.0,3.0,3.0,3.0,2.0,2.0,4.0,2013.0
single_family,NA,1400000.0,2518.0,2.0,3.0,3.0,3.0,3.0,2.0,1980.0
condos,condo,1098000.0,1703.0,3.0,3.0,4.0,3.0,3.0,2.0,2021.0
single_family,NA,888500.0,1636.0,1.0,4.0,2.0,2.0,2.0,2.0,1965.0
single_family,NA,570000.0,2860.0,1.0,4.0,3.0,2.0,2.0,3.0,2006.0
multi_family,NA,4695000.0,4026.0,3.0,7.0,4.0,3.0,3.0,0.0,1910.0
single_family,NA,998000.0,1773.0,1.0,5.0,2.0,2.0,2.0,4.0,1954.0
single_family,NA,689900.0,2591.0,2.0,5.0,3.0,3.0,3.0,2.0,1989.0
single_family,NA,1150000.0,1984.0,1.0,4.0,2.0,2.0,2.0,3.0,1979.0
single_family,NA,10300000.0,5153.0,2.0,6.0,8.0,6.0,6.0,2.0,2025.0
single_family,NA,2495000.0,2720.0,2.0,4.0,3.0,3.0,3.0,0.0,1969.0
condos,condo,625000.0,1003.0,1.0,2.0,2.0,2.0,2.0,2.0,1990.0
single_family,NA,599000.0,2160.0,2.0,4.0,3.0,2.0,2.0,2.0,2006.0
single_family,NA,999888.0,1572.0,1.0,4.0,2.0,2.0,2.0,3.0,1975.0
single_family,NA,6500000.0,4220.0,1.0,4.0,5.0,3.0,3.0,12.0,2008.0
single_family,NA,1449000.0,2009.0,1.0,4.0,2.0,2.0,2.0,2.0,1972.0
land,NA,35000.0,0.0,0.0,0.0,0.0,0.0,0.0,0.0,0.0
single_family,NA,477000.0,1799.0,1.0,3.0,2.0,2.0,2.0,2.0,2000.0
single_family,NA,1699000.0,2150.0,1.0,4.0,2.0,1.0,2.0,2.0,1962.0
single_family,NA,1760000.0,4200.0,1.0,4.0,4.0,3.0,3.0,4.0,2006.0
single_family,NA,699999.0,1617.0,2.0,3.0,3.0,2.0,2.0,2.0,2020.0
single_family,NA,439500.0,2184.0,2.0,3.0,3.0,3.0,3.0,2.0,1992.0
single_family,NA,1560000.0,2521.0,2.0,4.0,3.0,3.0,3.0,2.0,1968.0
condos,condo,1450000.0,1059.0,1.0,2.0,2.0,2.0,2.0,1.0,2014.0
single_family,NA,5188888.0,3668.0,2.0,6.0,4.0,3.0,3.0,3.0,1997.0
multi_family,NA,299000.0,700.0,1.0,1.0,1.0,1.0,1.0,0.0,1962.0
single_family,NA,2749000.0,2419.0,2.0,6.0,3.0,3.0,3.0,2.0,1957.0
single_family,NA,4995000.0,7300.0,3.0,5.0,5.0,4.0,4.0,0.0,1991.0
single_family,NA,1250000.0,5036.0,2.0,5.0,4.0,3.0,4.0,4.0,2004.0
single_family,NA,3499999.0,2169.0,2.0,3.0,3.0,2.0,2.0,3.0,1972.0
single_family,NA,875000.0,1350.0,1.0,3.0,2.0,2.0,2.0,2.0,1950.0
multi_family,NA,5994000.0,4940.0,5.0,7.0,5.0,4.0,4.0,0.0,2022.0
single_family,NA,1580000.0,2268.0,2.0,4.0,3.0,3.0,3.0,3.0,1998.0
townhomes,townhouse,795000.0,1694.0,2.0,3.0,3.0,2.0,2.0,1.0,1971.0
condos,condo,2050000.0,2034.0,3.0,3.0,4.0,3.0,3.0,2.0,2005.0
single_family,NA,499000.0,2007.0,1.0,3.0,3.0,1.0,2.0,3.0,1964.0
single_family,NA,519000.0,1649.0,1.0,3.0,2.0,2.0,2.0,0.0,1955.0
single_family,NA,1995000.0,2024.0,2.0,4.0,3.0,2.0,2.0,2.0,1965.0
single_family,NA,899000.0,1953.0,1.0,3.0,2.0,2.0,2.0,0.0,1983.0
single_family,NA,1395000.0,2320.0,1.0,5.0,3.0,3.0,3.0,0.0,1972.0
townhomes,townhouse,1188000.0,1640.0,3.0,3.0,4.0,3.0,3.0,2.0,2013.0
single_family,NA,1599000.0,1695.0,2.0,3.0,4.0,3.0,3.0,3.0,1976.0
single_family,NA,725000.0,2120.0,1.0,4.0,2.0,2.0,2.0,1.0,2000.0
single_family,NA,2450000.0,3864.0,2.0,5.0,4.0,3.0,3.0,2.0,2002.0
multi_family,NA,4600000.0,14838.0,2.0,36.0,24.0,2.0,2.0,0.0,1953.0
condos,condo,585000.0,1575.0,3.0,3.0,3.0,2.0,2.0,2.0,2020.0
single_family,NA,1798888.0,3618.0,2.0,5.0,4.0,4.0,4.0,2.0,2000.0
single_family,NA,4998000.0,6592.0,2.0,5.0,4.0,3.0,3.0,3.0,1990.0
single_family,NA,1499900.0,2894.0,1.0,4.0,3.0,3.0,3.0,2.0,1992.0
single_family,NA,627000.0,1547.0,1.0,4.0,2.0,2.0,2.0,2.0,1965.0
single_family,NA,1899000.0,1824.0,1.0,4.0,3.0,3.0,3.0,1.0,1925.0
single_family,NA,2550000.0,2710.0,1.0,3.0,4.0,4.0,4.0,0.0,2000.0
single_family,NA,665000.0,2289.0,1.0,4.0,3.0,3.0,3.0,2.0,1973.0
condos,condo,879000.0,1440.0,2.0,1.0,2.0,1.0,1.0,1.0,2009.0
single_family,NA,1795000.0,2139.0,2.0,5.0,2.0,2.0,2.0,0.0,1925.0
single_family,NA,499000.0,1551.0,1.0,2.0,2.0,2.0,2.0,2.0,2004.0
single_family,NA,2295000.0,2264.0,3.0,3.0,3.0,3.0,3.0,1.0,1936.0
condos,condo,455000.0,1145.0,1.0,2.0,2.0,2.0,2.0,0.0,1972.0
single_family,NA,535000.0,2450.0,1.0,3.0,3.0,2.0,2.0,0.0,1982.0
single_family,NA,2095000.0,2909.0,2.0,3.0,3.0,2.0,2.0,0.0,1981.0
single_family,NA,495500.0,1303.0,1.0,3.0,2.0,2.0,2.0,2.0,1998.0
multi_family,NA,799998.0,2502.0,1.0,6.0,3.0,3.0,3.0,2.0,1923.0
single_family,NA,2798000.0,4661.0,2.0,6.0,5.0,4.0,4.0,3.0,2009.0
single_family,NA,428785.0,1498.0,1.0,3.0,2.0,2.0,2.0,2.0,2026.0
single_family,NA,1150000.0,2391.0,2.0,4.0,4.0,3.0,3.0,2.0,1986.0
single_family,NA,620000.0,2257.0,2.0,4.0,3.0,2.0,2.0,0.0,2005.0
single_family,NA,4495000.0,4916.0,1.0,4.0,6.0,5.0,5.0,4.0,2005.0
single_family,NA,3199998.0,4237.0,1.0,5.0,4.0,3.0,3.0,3.0,1985.0
single_family,NA,1999000.0,2372.0,2.0,4.0,3.0,3.0,3.0,2.0,1991.0
single_family,NA,565000.0,1846.0,2.0,4.0,3.0,2.0,2.0,2.0,2006.0
condos,condo,2000000.0,1782.0,1.0,3.0,2.0,2.0,2.0,1.0,1975.0
condos,condo,550000.0,944.0,1.0,2.0,2.0,2.0,2.0,0.0,1994.0
single_family,NA,1725000.0,1789.0,2.0,4.0,3.0,1.0,3.0,2.0,1952.0
single_family,NA,795000.0,1707.0,1.0,4.0,3.0,3.0,3.0,2.0,1927.0
single_family,NA,1688000.0,2004.0,2.0,4.0,3.0,3.0,3.0,1.0,2026.0
single_family,NA,649000.0,2061.0,1.0,2.0,2.0,2.0,2.0,2.0,1998.0
single_family,NA,535000.0,2395.0,1.0,3.0,3.0,3.0,3.0,0.0,1997.0
single_family,NA,859000.0,4088.0,2.0,5.0,4.0,4.0,4.0,3.0,2005.0
single_family,NA,8500000.0,3520.0,1.0,5.0,5.0,4.0,4.0,2.0,1964.0
single_family,NA,1150000.0,1586.0,1.0,3.0,3.0,0.0,3.0,1.0,1956.0
single_family,NA,680000.0,2500.0,1.0,3.0,3.0,2.0,2.0,3.0,2007.0
single_family,NA,730000.0,2225.0,1.0,3.0,2.0,2.0,2.0,2.0,1991.0
single_family,NA,1395000.0,1912.0,2.0,3.0,3.0,2.0,2.0,2.0,2016.0
single_family,NA,3498000.0,2177.0,2.0,6.0,5.0,5.0,5.0,1.0,2026.0
condos,condo,595000.0,1401.0,3.0,3.0,3.0,3.0,3.0,2.0,2025.0
single_family,NA,2849000.0,4394.0,1.0,4.0,4.0,3.0,3.0,3.0,2002.0
single_family,NA,2899000.0,2851.0,1.0,4.0,3.0,3.0,3.0,2.0,1956.0
single_family,NA,1638000.0,2234.0,2.0,4.0,3.0,2.0,2.0,2.0,2005.0
single_family,NA,1669000.0,2808.0,2.0,4.0,3.0,3.0,3.0,3.0,1992.0
single_family,NA,675000.0,1194.0,1.0,3.0,2.0,2.0,2.0,0.0,2003.0
single_family,NA,1375000.0,1839.0,1.0,4.0,2.0,2.0,2.0,2.0,1967.0
single_family,NA,499000.0,2084.0,3.0,5.0,4.0,3.0,3.0,0.0,1986.0
mobile,NA,99900.0,1440.0,1.0,2.0,2.0,2.0,2.0,0.0,1985.0
single_family,NA,949000.0,1641.0,1.0,3.0,2.0,2.0,2.0,2.0,1973.0
townhomes,townhouse,1198000.0,1260.0,2.0,3.0,3.0,2.0,2.0,2.0,1968.0
single_family,NA,365000.0,1742.0,1.0,3.0,2.0,0.0,2.0,2.0,1964.0
single_family,NA,779000.0,1462.0,1.0,3.0,2.0,2.0,2.0,2.0,1959.0
condos,condo,525000.0,877.0,1.0,1.0,1.0,1.0,1.0,0.0,1964.0
condos,condo,549000.0,1103.0,1.0,2.0,2.0,2.0,2.0,0.0,1978.0
single_family,NA,375000.0,2696.0,2.0,3.0,3.0,2.0,2.0,0.0,1999.0
single_family,NA,1099000.0,2891.0,2.0,4.0,4.0,3.0,3.0,2.0,2019.0
single_family,NA,1879000.0,2959.0,2.0,3.0,4.0,3.0,3.0,2.0,1990.0
single_family,NA,849000.0,1186.0,1.0,3.0,2.0,2.0,2.0,2.0,1957.0
land,NA,119000.0,0.0,0.0,0.0,0.0,0.0,0.0,0.0,0.0
single_family,NA,2850000.0,3519.0,2.0,4.0,4.0,3.0,3.0,3.0,1989.0
mobile,NA,194500.0,400.0,1.0,1.0,1.0,1.0,1.0,0.0,2012.0
single_family,NA,649000.0,1912.0,2.0,4.0,2.0,2.0,2.0,0.0,1953.0
condos,condo,950000.0,1445.0,1.0,2.0,2.0,2.0,2.0,2.0,1985.0
single_family,NA,449900.0,2315.0,2.0,3.0,3.0,2.0,2.0,0.0,2021.0
condos,condo,529000.0,1116.0,2.0,2.0,2.0,2.0,2.0,1.0,2006.0
single_family,NA,299000.0,1176.0,1.0,3.0,2.0,2.0,2.0,2.0,2010.0
condos,condo,799000.0,1150.0,2.0,3.0,2.0,2.0,2.0,0.0,1978.0
single_family,NA,419000.0,1868.0,1.0,3.0,2.0,2.0,2.0,0.0,1991.0
single_family,NA,895000.0,2302.0,2.0,4.0,3.0,3.0,3.0,0.0,1925.0
single_family,NA,3050000.0,5123.0,2.0,5.0,5.0,4.0,4.0,3.0,2006.0
single_family,NA,1395000.0,1622.0,3.0,2.0,3.0,2.0,2.0,0.0,1977.0
single_family,NA,599900.0,3279.0,2.0,5.0,4.0,4.0,4.0,2.0,2005.0
single_family,NA,415000.0,2026.0,2.0,4.0,2.0,2.0,2.0,0.0,1965.0
single_family,NA,850000.0,2677.0,1.0,4.0,3.0,3.0,3.0,0.0,1979.0
single_family,NA,1185000.0,1257.0,1.0,3.0,2.0,2.0,2.0,2.0,1962.0
condos,condo,1650000.0,1224.0,1.0,2.0,2.0,2.0,2.0,0.0,1956.0
single_family,NA,3495000.0,3136.0,3.0,4.0,4.0,3.0,3.0,1.0,2025.0
single_family,NA,769000.0,3260.0,1.0,5.0,3.0,2.0,2.0,0.0,1998.0
single_family,NA,1399000.0,2753.0,2.0,4.0,3.0,2.0,2.0,2.0,1967.0
single_family,NA,525000.0,1671.0,2.0,3.0,3.0,2.0,2.0,2.0,2006.0
single_family,NA,1249900.0,1776.0,1.0,3.0,2.0,2.0,2.0,2.0,1974.0
single_family,NA,1049000.0,2124.0,2.0,3.0,2.0,2.0,2.0,2.0,1939.0
single_family,NA,799000.0,3986.0,1.0,7.0,4.0,3.0,3.0,0.0,1952.0
single_family,NA,775000.0,2343.0,1.0,4.0,2.0,2.0,2.0,3.0,1999.0
condos,condo,649900.0,878.0,1.0,1.0,1.0,1.0,1.0,1.0,2007.0
single_family,NA,455000.0,1731.0,2.0,3.0,3.0,2.0,2.0,2.0,1975.0
single_family,NA,1475000.0,2389.0,1.0,4.0,2.0,2.0,2.0,3.0,1985.0
single_family,NA,599000.0,1746.0,1.0,3.0,2.0,2.0,2.0,2.0,1976.0
single_family,NA,449900.0,2149.0,1.0,4.0,2.0,2.0,2.0,2.0,1957.0
single_family,NA,580000.0,1960.0,1.0,3.0,2.0,2.0,2.0,3.0,1988.0
single_family,NA,1850000.0,1620.0,2.0,3.0,2.0,2.0,2.0,2.0,1925.0
single_family,NA,409000.0,1130.0,1.0,2.0,2.0,2.0,2.0,2.0,1956.0
single_family,NA,390000.0,1344.0,1.0,3.0,2.0,2.0,2.0,0.0,1985.0
single_family,NA,769000.0,2027.0,2.0,4.0,3.0,2.0,2.0,1.0,1917.0
condos,condo,435000.0,1054.0,1.0,2.0,1.0,1.0,1.0,0.0,1965.0
single_family,NA,1449000.0,2131.0,2.0,4.0,3.0,3.0,3.0,3.0,1991.0
condos,condo,429000.0,896.0,1.0,2.0,1.0,1.0,1.0,0.0,1948.0
single_family,NA,1725000.0,1592.0,2.0,3.0,3.0,2.0,2.0,2.0,1998.0
single_family,NA,440000.0,2100.0,2.0,4.0,3.0,3.0,3.0,0.0,2014.0
single_family,NA,1385000.0,3596.0,2.0,5.0,3.0,3.0,3.0,2.0,1995.0
single_family,NA,699000.0,2421.0,2.0,4.0,3.0,2.0,2.0,2.0,2005.0
single_family,NA,515000.0,2229.0,2.0,5.0,3.0,3.0,3.0,3.0,2013.0
single_family,NA,2245000.0,3260.0,2.0,5.0,3.0,1.0,3.0,3.0,1968.0
single_family,NA,649000.0,1542.0,1.0,3.0,2.0,2.0,2.0,2.0,1970.0
single_family,NA,540000.0,2280.0,2.0,4.0,3.0,3.0,3.0,3.0,1999.0
condos,condo,969000.0,2077.0,1.0,3.0,2.0,2.0,2.0,1.0,1964.0
single_family,NA,1798888.0,1280.0,1.0,3.0,1.0,1.0,1.0,2.0,1953.0
condos,condo,865500.0,1720.0,1.0,2.0,2.0,2.0,2.0,2.0,1985.0
single_family,NA,1349000.0,1385.0,1.0,3.0,2.0,2.0,2.0,2.0,1965.0
single_family,NA,590000.0,2136.0,2.0,4.0,3.0,3.0,3.0,0.0,1986.0
multi_family,NA,1150000.0,0.0,1.0,5.0,3.0,3.0,3.0,0.0,1958.0
single_family,NA,1599900.0,2571.0,2.0,4.0,2.0,2.0,2.0,3.0,1963.0
condos,condo,535000.0,1224.0,1.0,2.0,1.0,1.0,1.0,0.0,1969.0
single_family,NA,2950000.0,3990.0,2.0,5.0,5.0,4.0,4.0,3.0,2004.0
single_family,NA,839000.0,2595.0,2.0,4.0,3.0,3.0,3.0,2.0,2025.0
single_family,NA,1879950.0,1715.0,1.0,3.0,2.0,2.0,2.0,2.0,1955.0
single_family,NA,1950000.0,2285.0,2.0,4.0,3.0,2.0,2.0,2.0,1963.0
single_family,NA,945000.0,1757.0,1.0,5.0,3.0,3.0,3.0,2.0,1974.0
single_family,NA,849000.0,1775.0,2.0,4.0,3.0,2.0,2.0,0.0,1986.0
single_family,NA,449000.0,1713.0,2.0,4.0,3.0,2.0,2.0,0.0,1986.0
condos,condo,1125000.0,1597.0,1.0,2.0,2.0,2.0,2.0,2.0,1987.0
single_family,NA,1125000.0,2078.0,1.0,4.0,2.0,2.0,2.0,3.0,1979.0
mobile,NA,109500.0,400.0,1.0,1.0,1.0,1.0,1.0,0.0,2000.0
single_family,NA,692035.0,1870.0,2.0,3.0,3.0,2.0,2.0,0.0,2025.0
single_family,NA,399900.0,2298.0,1.0,3.0,3.0,2.0,2.0,0.0,1971.0
single_family,NA,945000.0,2212.0,2.0,5.0,3.0,3.0,3.0,2.0,1959.0
single_family,NA,3595000.0,4110.0,1.0,5.0,5.0,5.0,5.0,0.0,2006.0
single_family,NA,1648000.0,1330.0,1.0,3.0,2.0,2.0,2.0,2.0,1957.0
townhomes,townhouse,569000.0,1574.0,2.0,3.0,3.0,2.0,2.0,1.0,1971.0
single_family,NA,799000.0,1672.0,2.0,3.0,2.0,2.0,2.0,2.0,1980.0
single_family,NA,1989000.0,3223.0,1.0,5.0,4.0,3.0,3.0,2.0,2000.0
single_family,NA,385000.0,1485.0,1.0,3.0,2.0,2.0,2.0,3.0,2017.0
single_family,NA,809000.0,2727.0,1.0,3.0,3.0,2.0,2.0,2.0,2003.0
single_family,NA,1150000.0,2360.0,2.0,5.0,3.0,3.0,3.0,2.0,1971.0
condos,condo,2000000.0,1860.0,1.0,3.0,2.0,2.0,2.0,2.0,1973.0
townhomes,townhouse,520000.0,1036.0,2.0,2.0,2.0,1.0,1.0,0.0,1972.0
townhomes,townhouse,550000.0,1333.0,2.0,3.0,2.0,1.0,1.0,2.0,1973.0
single_family,NA,900000.0,1664.0,1.0,2.0,2.0,1.0,2.0,0.0,1934.0
single_family,NA,2050000.0,2103.0,2.0,4.0,3.0,3.0,3.0,2.0,1987.0
single_family,NA,699950.0,1054.0,1.0,3.0,2.0,2.0,2.0,0.0,1941.0
single_family,NA,1495000.0,3088.0,1.0,4.0,4.0,3.0,3.0,3.0,1998.0
single_family,NA,549900.0,2218.0,1.0,4.0,3.0,2.0,2.0,0.0,2017.0
single_family,NA,749000.0,1402.0,2.0,3.0,2.0,2.0,2.0,1.0,1900.0
single_family,NA,550000.0,1508.0,1.0,2.0,2.0,2.0,2.0,2.0,1956.0
single_family,NA,3795000.0,2756.0,1.0,4.0,5.0,4.0,4.0,2.0,2006.0
single_family,NA,1025000.0,1558.0,2.0,4.0,3.0,3.0,3.0,0.0,1973.0
single_family,NA,849000.0,1442.0,1.0,3.0,2.0,2.0,2.0,2.0,1956.0
condos,condo,565000.0,1208.0,2.0,2.0,2.0,1.0,1.0,0.0,1982.0
single_family,NA,899000.0,2120.0,2.0,3.0,2.0,2.0,2.0,0.0,1913.0
single_family,NA,1495000.0,2137.0,2.0,3.0,3.0,2.0,2.0,2.0,1994.0
single_family,NA,799000.0,2619.0,1.0,3.0,3.0,3.0,3.0,0.0,1984.0
condos,condo,245900.0,1095.0,2.0,2.0,2.0,1.0,1.0,0.0,1982.0
single_family,NA,335000.0,1253.0,1.0,2.0,2.0,2.0,2.0,2.0,1990.0
single_family,NA,799000.0,1665.0,1.0,2.0,2.0,2.0,2.0,0.0,1971.0
single_family,NA,410000.0,1971.0,2.0,4.0,3.0,2.0,2.0,0.0,2008.0
single_family,NA,399900.0,1388.0,1.0,3.0,3.0,3.0,3.0,0.0,2004.0
townhomes,townhouse,1280000.0,1703.0,1.0,3.0,2.0,2.0,2.0,2.0,1975.0
single_family,NA,1395000.0,1825.0,1.0,3.0,2.0,2.0,2.0,0.0,1958.0
single_family,NA,509900.0,2054.0,1.0,4.0,2.0,1.0,2.0,2.0,1974.0
single_family,NA,1025000.0,1142.0,2.0,3.0,1.0,1.0,1.0,1.0,1926.0
townhomes,townhouse,1049000.0,1643.0,2.0,3.0,3.0,3.0,3.0,2.0,1972.0
single_family,NA,459000.0,1572.0,1.0,2.0,2.0,2.0,2.0,2.0,1985.0
single_family,NA,349000.0,1325.0,1.0,3.0,1.0,1.0,1.0,0.0,1983.0
single_family,NA,435000.0,756.0,1.0,2.0,1.0,1.0,1.0,0.0,1960.0
single_family,NA,413000.0,2040.0,1.0,3.0,3.0,3.0,3.0,2.0,1978.0
single_family,NA,1485000.0,1350.0,1.0,2.0,2.0,2.0,2.0,2.0,1925.0
single_family,NA,329900.0,1500.0,1.0,3.0,2.0,2.0,2.0,2.0,1970.0
single_family,NA,2198000.0,1232.0,1.0,3.0,2.0,2.0,2.0,2.0,1959.0
condos,condo,1349000.0,1034.0,1.0,2.0,2.0,2.0,2.0,2.0,1974.0
single_family,NA,1695000.0,2188.0,1.0,3.0,3.0,3.0,3.0,2.0,1967.0
single_family,NA,325000.0,1612.0,1.0,4.0,2.0,2.0,2.0,2.0,1991.0
single_family,NA,6375000.0,1698.0,1.0,3.0,2.0,2.0,2.0,1.0,1989.0
single_family,NA,269000.0,992.0,1.0,3.0,2.0,2.0,2.0,1.0,1973.0
townhomes,townhouse,995000.0,1694.0,2.0,3.0,3.0,2.0,2.0,2.0,1978.0
condos,condo,850000.0,1209.0,3.0,2.0,3.0,2.0,2.0,2.0,2024.0
single_family,NA,1300000.0,2817.0,1.0,4.0,4.0,3.0,3.0,2.0,1994.0
condos,condo,565000.0,1428.0,2.0,2.0,1.0,1.0,1.0,1.0,1930.0
condos,condo,595000.0,1304.0,1.0,2.0,2.0,2.0,2.0,0.0,1989.0
land,NA,499000.0,0.0,0.0,0.0,0.0,0.0,0.0,0.0,0.0
single_family,NA,925000.0,836.0,1.0,2.0,1.0,1.0,1.0,1.0,1950.0
single_family,NA,348000.0,1088.0,1.0,3.0,1.0,1.0,1.0,2.0,1970.0
single_family,NA,825000.0,1481.0,1.0,4.0,2.0,2.0,2.0,2.0,1962.0
condo_townhome_rowhome_coop,townhouse,920000.0,914.0,2.0,1.0,2.0,2.0,2.0,2.0,1987.0
single_family,NA,949000.0,1089.0,1.0,3.0,2.0,2.0,2.0,2.0,1972.0
condos,condo,729000.0,1918.0,1.0,3.0,3.0,3.0,3.0,2.0,1987.0
single_family,NA,1375000.0,2338.0,1.0,3.0,4.0,4.0,4.0,2.0,1925.0
single_family,NA,589000.0,1304.0,1.0,2.0,2.0,2.0,2.0,1.0,1974.0
single_family,NA,399000.0,1580.0,1.0,3.0,2.0,2.0,2.0,0.0,1946.0
single_family,NA,389000.0,1617.0,1.0,4.0,2.0,2.0,2.0,2.0,2018.0
single_family,NA,1499000.0,2099.0,2.0,4.0,2.0,2.0,2.0,2.0,1964.0
single_family,NA,979999.0,2173.0,2.0,4.0,3.0,3.0,3.0,2.0,2016.0
single_family,NA,1298000.0,1760.0,2.0,2.0,3.0,3.0,3.0,2.0,1974.0
townhomes,townhouse,1038000.0,1496.0,2.0,2.0,3.0,2.0,2.0,2.0,1990.0
condos,condo,899900.0,1292.0,1.0,2.0,2.0,2.0,2.0,2.0,1989.0
single_family,NA,475000.0,2160.0,1.0,4.0,3.0,2.0,2.0,3.0,2011.0
single_family,NA,849950.0,1704.0,2.0,4.0,3.0,2.0,2.0,2.0,1977.0
single_family,NA,895000.0,1176.0,2.0,2.0,2.0,1.0,1.0,1.0,1917.0
single_family,NA,399900.0,1502.0,1.0,4.0,2.0,2.0,2.0,0.0,2010.0
townhomes,townhouse,699999.0,1091.0,2.0,3.0,2.0,1.0,1.0,0.0,1969.0
single_family,NA,2900000.0,3097.0,2.0,4.0,4.0,3.0,3.0,3.0,2025.0
single_family,NA,3490000.0,3346.0,3.0,4.0,5.0,4.0,4.0,2.0,2025.0
single_family,NA,825000.0,1306.0,1.0,3.0,2.0,2.0,2.0,2.0,1951.0
single_family,NA,1450000.0,2250.0,1.0,4.0,3.0,3.0,3.0,2.0,1978.0
single_family,NA,1725000.0,2290.0,3.0,3.0,3.0,3.0,3.0,2.0,2005.0
single_family,NA,799998.0,1743.0,1.0,3.0,2.0,2.0,2.0,2.0,1966.0
single_family,NA,3500000.0,3015.0,1.0,4.0,2.0,2.0,2.0,3.0,1969.0
single_family,NA,1299000.0,1410.0,1.0,3.0,2.0,2.0,2.0,2.0,1956.0
single_family,NA,429900.0,1848.0,1.0,3.0,2.0,2.0,2.0,2.0,1971.0
townhomes,townhouse,1088000.0,1232.0,2.0,2.0,3.0,2.0,2.0,2.0,1979.0
single_family,NA,1098888.0,1458.0,1.0,3.0,2.0,2.0,2.0,2.0,1960.0
single_family,NA,389900.0,1536.0,1.0,3.0,2.0,2.0,2.0,2.0,2000.0
condos,condo,349000.0,695.0,1.0,1.0,1.0,1.0,1.0,2.0,1971.0
single_family,NA,575000.0,1530.0,1.0,3.0,2.0,2.0,2.0,0.0,1980.0
single_family,NA,763555.0,3132.0,1.0,4.0,4.0,3.0,3.0,3.0,2025.0
single_family,NA,1198000.0,1650.0,1.0,4.0,3.0,3.0,3.0,2.0,1965.0
condos,condo,799900.0,984.0,1.0,2.0,2.0,2.0,2.0,0.0,1972.0
single_family,NA,1474000.0,1234.0,1.0,4.0,2.0,2.0,2.0,2.0,1976.0
single_family,NA,549000.0,1410.0,1.0,3.0,2.0,1.0,2.0,2.0,1985.0
single_family,NA,1749000.0,3415.0,2.0,5.0,5.0,4.0,4.0,4.0,2000.0
land,NA,300000.0,0.0,0.0,0.0,0.0,0.0,0.0,0.0,0.0
single_family,NA,1100000.0,1972.0,2.0,3.0,1.0,1.0,1.0,1.0,1934.0
single_family,NA,3599000.0,2983.0,2.0,5.0,3.0,3.0,3.0,2.0,1956.0
single_family,NA,349900.0,1350.0,1.0,3.0,2.0,2.0,2.0,0.0,2000.0
condos,condo,548000.0,1158.0,1.0,2.0,2.0,2.0,2.0,2.0,1968.0
single_family,NA,1149000.0,2414.0,1.0,3.0,2.0,2.0,2.0,2.0,2016.0
single_family,NA,419999.0,1781.0,1.0,3.0,2.0,2.0,2.0,2.0,1978.0
condos,condo,350000.0,850.0,3.0,2.0,1.0,1.0,1.0,0.0,1974.0
single_family,NA,619000.0,2318.0,1.0,2.0,3.0,2.0,2.0,3.0,2002.0
single_family,NA,409900.0,1656.0,1.0,3.0,2.0,1.0,2.0,2.0,1987.0
single_family,NA,1049000.0,1112.0,1.0,3.0,2.0,2.0,2.0,2.0,1965.0
single_family,NA,629977.0,1999.0,2.0,3.0,3.0,2.0,2.0,0.0,2015.0
single_family,NA,675000.0,2018.0,1.0,3.0,2.0,2.0,2.0,2.0,1997.0
condos,condo,299900.0,952.0,2.0,2.0,2.0,1.0,1.0,0.0,1971.0
single_family,NA,879000.0,1220.0,2.0,3.0,2.0,2.0,2.0,1.0,1955.0
single_family,NA,850000.0,1742.0,1.0,3.0,2.0,2.0,2.0,0.0,2001.0
single_family,NA,3495000.0,2689.0,1.0,3.0,3.0,3.0,3.0,3.0,2019.0
townhomes,townhouse,700000.0,1465.0,3.0,3.0,3.0,3.0,3.0,2.0,1983.0
condos,condo,599999.0,806.0,1.0,1.0,1.0,1.0,1.0,1.0,1985.0
single_family,NA,1725000.0,2687.0,2.0,5.0,3.0,3.0,3.0,3.0,2003.0
single_family,NA,815000.0,2067.0,1.0,3.0,2.0,2.0,2.0,2.0,1993.0
condos,condo,565000.0,976.0,2.0,2.0,2.0,1.0,1.0,0.0,1969.0
condos,condo,569000.0,2051.0,1.0,3.0,3.0,3.0,3.0,2.0,1980.0
single_family,NA,319000.0,1188.0,1.0,3.0,2.0,2.0,2.0,1.0,1960.0
single_family,NA,875000.0,1503.0,1.0,3.0,2.0,2.0,2.0,2.0,1964.0
condos,condo,599000.0,1145.0,1.0,3.0,2.0,2.0,2.0,1.0,1991.0
single_family,NA,1250000.0,1605.0,1.0,4.0,3.0,3.0,3.0,2.0,1961.0
townhomes,townhouse,1250000.0,1239.0,3.0,2.0,3.0,2.0,2.0,2.0,2011.0
single_family,NA,480000.0,1549.0,1.0,3.0,2.0,2.0,2.0,2.0,1988.0
single_family,NA,2995000.0,2838.0,2.0,4.0,3.0,3.0,3.0,0.0,1956.0
single_family,NA,424900.0,2221.0,1.0,3.0,2.0,1.0,2.0,0.0,1964.0
single_family,NA,609000.0,2927.0,2.0,4.0,2.0,2.0,2.0,2.0,1982.0
single_family,NA,2695000.0,2230.0,2.0,3.0,3.0,2.0,2.0,2.0,1972.0
single_family,NA,319990.0,1100.0,1.0,3.0,2.0,0.0,2.0,2.0,1955.0
condos,condo,950000.0,1133.0,2.0,2.0,2.0,2.0,2.0,2.0,1972.0
single_family,NA,464950.0,1372.0,1.0,3.0,2.0,2.0,2.0,2.0,1964.0
condos,condo,425000.0,900.0,1.0,2.0,2.0,2.0,2.0,1.0,2000.0
single_family,NA,875000.0,1428.0,1.0,4.0,2.0,2.0,2.0,2.0,1985.0
single_family,NA,1395000.0,1779.0,1.0,3.0,2.0,2.0,2.0,2.0,1962.0
single_family,NA,2890000.0,1979.0,1.0,4.0,2.0,2.0,2.0,2.0,1960.0
single_family,NA,880000.0,1570.0,1.0,4.0,2.0,2.0,2.0,2.0,1958.0
single_family,NA,225000.0,877.0,1.0,2.0,1.0,0.0,1.0,0.0,1935.0
single_family,NA,828000.0,1257.0,1.0,3.0,2.0,2.0,2.0,2.0,1952.0
condos,condo,1295000.0,1500.0,3.0,2.0,3.0,2.0,2.0,2.0,2006.0
condos,condo,539500.0,1549.0,1.0,2.0,2.0,2.0,2.0,2.0,1972.0
townhomes,townhouse,799000.0,1287.0,3.0,2.0,2.0,2.0,2.0,2.0,1981.0
condos,condo,350000.0,705.0,1.0,1.0,1.0,1.0,1.0,1.0,1984.0
single_family,NA,399000.0,965.0,1.0,3.0,1.0,1.0,1.0,1.0,1955.0
single_family,NA,2999000.0,2855.0,1.0,6.0,4.0,4.0,4.0,1.0,1932.0
single_family,NA,129000.0,975.0,1.0,2.0,2.0,1.0,1.0,0.0,1945.0
condo_townhome_rowhome_coop,townhouse,2595000.0,3074.0,3.0,3.0,4.0,3.0,3.0,2.0,2015.0
single_family,NA,279500.0,1110.0,1.0,3.0,1.0,1.0,1.0,1.0,1948.0
single_family,NA,4500000.0,2842.0,3.0,5.0,5.0,3.0,3.0,1.0,1907.0
single_family,NA,775000.0,1526.0,1.0,3.0,2.0,2.0,2.0,0.0,1971.0
single_family,NA,699000.0,1202.0,1.0,2.0,2.0,2.0,2.0,2.0,1980.0
single_family,NA,450000.0,1408.0,1.0,4.0,2.0,2.0,2.0,0.0,2005.0
single_family,NA,449900.0,1433.0,1.0,4.0,2.0,2.0,2.0,2.0,1988.0
single_family,NA,1800000.0,1644.0,1.0,3.0,2.0,2.0,2.0,2.0,1957.0
land,NA,3999999.0,0.0,0.0,0.0,0.0,0.0,0.0,0.0,0.0
single_family,NA,269500.0,1244.0,1.0,3.0,2.0,2.0,2.0,2.0,1968.0
condos,condo,595000.0,882.0,1.0,2.0,2.0,2.0,2.0,1.0,1990.0
single_family,NA,295000.0,1200.0,1.0,3.0,2.0,2.0,2.0,2.0,1987.0
condos,condo,849000.0,1040.0,1.0,2.0,2.0,2.0,2.0,0.0,1973.0
land,NA,429000.0,0.0,0.0,0.0,0.0,0.0,0.0,0.0,0.0
single_family,NA,699000.0,1032.0,1.0,2.0,2.0,2.0,2.0,1.0,1953.0
single_family,NA,519000.0,1736.0,1.0,3.0,2.0,2.0,2.0,2.0,1988.0
single_family,NA,1274900.0,3494.0,2.0,4.0,4.0,4.0,4.0,3.0,2025.0
single_family,NA,459000.0,0.0,1.0,4.0,2.0,2.0,2.0,0.0,2026.0
mobile,NA,315000.0,1790.0,1.0,3.0,2.0,2.0,2.0,2.0,1991.0
single_family,NA,7188000.0,5600.0,1.0,5.0,4.0,4.0,4.0,3.0,1979.0
townhomes,townhouse,699000.0,1599.0,2.0,3.0,3.0,2.0,2.0,1.0,1981.0
single_family,NA,275000.0,960.0,1.0,3.0,2.0,1.0,2.0,1.0,1970.0
condos,condo,405000.0,622.0,1.0,1.0,1.0,1.0,1.0,0.0,1971.0
single_family,NA,294000.0,1304.0,1.0,3.0,2.0,2.0,2.0,2.0,2000.0
single_family,NA,418000.0,1467.0,1.0,3.0,2.0,2.0,2.0,0.0,1988.0
single_family,NA,235000.0,864.0,1.0,2.0,1.0,1.0,1.0,0.0,1967.0
single_family,NA,845000.0,1460.0,1.0,3.0,2.0,2.0,2.0,2.0,1983.0
single_family,NA,389000.0,1644.0,1.0,3.0,2.0,2.0,2.0,0.0,2006.0
condos,condo,539900.0,871.0,1.0,2.0,2.0,2.0,2.0,0.0,1990.0
condos,condo,400000.0,1392.0,1.0,2.0,2.0,1.0,2.0,2.0,1984.0
single_family,NA,969000.0,1988.0,1.0,4.0,2.0,2.0,2.0,2.0,1979.0
single_family,NA,464990.0,1842.0,1.0,4.0,3.0,3.0,3.0,0.0,2025.0
townhomes,townhouse,2075821.0,1741.0,3.0,3.0,3.0,3.0,3.0,2.0,2025.0
single_family,NA,1849998.0,2325.0,2.0,4.0,3.0,2.0,2.0,2.0,2025.0
single_family,NA,445990.0,0.0,1.0,4.0,2.0,2.0,2.0,0.0,2025.0
condos,condo,1878000.0,2517.0,2.0,5.0,3.0,2.0,2.0,3.0,1972.0
single_family,NA,409000.0,918.0,1.0,2.0,1.0,1.0,1.0,2.0,1963.0
single_family,NA,429999.0,1710.0,1.0,4.0,2.0,2.0,2.0,2.0,2002.0
single_family,NA,2399000.0,1036.0,1.0,2.0,1.0,1.0,1.0,1.0,1918.0
condo_townhome_rowhome_coop,townhouse,679000.0,1332.0,1.0,2.0,2.0,2.0,2.0,1.0,2004.0
condos,condo,699000.0,787.0,2.0,1.0,2.0,1.0,1.0,0.0,2001.0
single_family,NA,1299999.0,2080.0,1.0,4.0,2.0,2.0,2.0,0.0,1950.0
single_family,NA,549900.0,1205.0,1.0,3.0,2.0,2.0,2.0,0.0,1923.0
condos,condo,325000.0,821.0,1.0,2.0,1.0,1.0,1.0,0.0,1977.0
single_family,NA,3898000.0,1780.0,1.0,3.0,2.0,2.0,2.0,1.0,1952.0
multi_family,NA,1799000.0,0.0,1.0,4.0,3.0,3.0,3.0,0.0,2000.0
condos,condo,525000.0,600.0,1.0,1.0,1.0,1.0,1.0,1.0,1987.0
land,NA,900000.0,0.0,0.0,0.0,0.0,0.0,0.0,0.0,0.0
condos,condo,550000.0,1080.0,1.0,1.0,2.0,1.0,1.0,0.0,1972.0
single_family,NA,163000.0,1196.0,1.0,3.0,1.0,1.0,1.0,0.0,1943.0
single_family,NA,450000.0,0.0,1.0,4.0,2.0,2.0,2.0,0.0,2024.0
single_family,NA,250000.0,1076.0,1.0,2.0,2.0,2.0,2.0,0.0,1922.0
single_family,NA,649000.0,2168.0,1.0,4.0,2.0,2.0,2.0,0.0,2025.0
land,NA,99000.0,0.0,0.0,0.0,0.0,0.0,0.0,0.0,0.0
mobile,NA,59000.0,720.0,1.0,2.0,1.0,1.0,1.0,0.0,1972.0
single_family,NA,529000.0,1296.0,1.0,3.0,2.0,2.0,2.0,2.0,1962.0
land,NA,22000.0,0.0,0.0,0.0,0.0,0.0,0.0,0.0,0.0
single_family,NA,680000.0,1167.0,1.0,3.0,2.0,2.0,2.0,2.0,1953.0
land,NA,58000.0,0.0,0.0,0.0,0.0,0.0,0.0,0.0,0.0
multi_family,NA,950000.0,1370.0,1.0,3.0,2.0,2.0,2.0,0.0,1957.0
single_family,NA,490000.0,1782.0,1.0,4.0,3.0,2.0,2.0,0.0,1953.0
land,NA,12000.0,0.0,0.0,0.0,0.0,0.0,0.0,0.0,0.0
land,NA,30000.0,0.0,0.0,0.0,0.0,0.0,0.0,0.0,0.0
single_family,NA,575000.0,740.0,1.0,2.0,1.0,1.0,1.0,2.0,1925.0
single_family,NA,352000.0,1159.0,1.0,3.0,2.0,2.0,2.0,2.0,1962.0
land,NA,7000.0,0.0,0.0,0.0,0.0,0.0,0.0,0.0,0.0
single_family,NA,3485000.0,3729.0,2.0,4.0,5.0,4.0,4.0,2.0,2026.0
land,NA,199000.0,0.0,0.0,0.0,0.0,0.0,0.0,0.0,0.0
land,NA,699999.0,0.0,0.0,0.0,0.0,0.0,0.0,0.0,0.0
single_family,NA,250000.0,1134.0,1.0,3.0,2.0,2.0,2.0,2.0,1987.0
mobile,NA,1000.0,500.0,1.0,2.0,1.0,1.0,1.0,0.0,1963.0
single_family,NA,179000.0,1008.0,1.0,2.0,1.0,1.0,1.0,1.0,1945.0
land,NA,25000.0,0.0,0.0,0.0,0.0,0.0,0.0,0.0,0.0
single_family,NA,865000.0,2234.0,1.0,4.0,2.0,2.0,2.0,2.0,1978.0
condos,condo,539900.0,1319.0,2.0,2.0,2.0,2.0,2.0,2.0,2015.0
single_family,NA,436900.0,1235.0,1.0,3.0,2.0,2.0,2.0,0.0,2025.0
single_family,NA,507900.0,2843.0,2.0,5.0,3.0,2.0,2.0,2.0,2003.0
land,NA,103000.0,0.0,0.0,0.0,0.0,0.0,0.0,0.0,0.0
condos,condo,350000.0,833.0,1.0,2.0,2.0,2.0,2.0,0.0,1985.0
single_family,NA,1400000.0,1194.0,1.0,3.0,2.0,2.0,2.0,1.0,1923.0
single_family,NA,349995.0,1330.0,1.0,4.0,2.0,2.0,2.0,0.0,1998.0
single_family,NA,840000.0,1672.0,2.0,3.0,2.0,2.0,2.0,2.0,1952.0
single_family,NA,569900.0,2089.0,2.0,4.0,3.0,2.0,2.0,2.0,2002.0
single_family,NA,1249000.0,1500.0,1.0,3.0,1.0,1.0,1.0,0.0,1950.0
land,NA,24900.0,0.0,0.0,0.0,0.0,0.0,0.0,0.0,0.0
single_family,NA,239000.0,1120.0,1.0,2.0,1.0,1.0,1.0,4.0,2006.0
land,NA,35000.0,0.0,0.0,0.0,0.0,0.0,0.0,0.0,0.0
single_family,NA,879950.0,3257.0,2.0,4.0,3.0,3.0,3.0,3.0,2005.0
single_family,NA,1540000.0,1914.0,2.0,2.0,2.0,2.0,2.0,2.0,1981.0
single_family,NA,560000.0,1510.0,1.0,3.0,2.0,2.0,2.0,2.0,2026.0
land,NA,135000.0,0.0,0.0,0.0,0.0,0.0,0.0,0.0,0.0
single_family,NA,450000.0,1546.0,1.0,3.0,2.0,2.0,2.0,2.0,1988.0
single_family,NA,675000.0,1727.0,1.0,4.0,2.0,2.0,2.0,2.0,1985.0
single_family,NA,369950.0,1269.0,1.0,4.0,2.0,2.0,2.0,3.0,1954.0
single_family,NA,739000.0,2692.0,2.0,5.0,3.0,2.0,2.0,2.0,1999.0
multi_family,NA,1800000.0,2600.0,2.0,6.0,5.0,5.0,5.0,0.0,1948.0
single_family,NA,590000.0,1722.0,3.0,3.0,3.0,2.0,2.0,2.0,1980.0
single_family,NA,628000.0,1795.0,1.0,2.0,2.0,2.0,2.0,2.0,2004.0
single_family,NA,2950000.0,5777.0,2.0,4.0,6.0,4.0,4.0,4.0,2014.0
single_family,NA,2749000.0,4155.0,1.0,3.0,4.0,3.0,3.0,3.0,2025.0
single_family,NA,779665.0,3008.0,2.0,5.0,3.0,3.0,3.0,2.0,2026.0
single_family,NA,649000.0,1170.0,1.0,4.0,2.0,2.0,2.0,2.0,1961.0
single_family,NA,1428000.0,1118.0,1.0,4.0,3.0,3.0,3.0,0.0,1951.0
mobile,NA,239500.0,840.0,1.0,3.0,2.0,2.0,2.0,1.0,1986.0
single_family,NA,720000.0,1728.0,1.0,3.0,2.0,2.0,2.0,2.0,1952.0
single_family,NA,2295000.0,2562.0,3.0,3.0,3.0,3.0,3.0,1.0,1947.0
single_family,NA,1350000.0,4121.0,2.0,6.0,5.0,4.0,4.0,3.0,2019.0
single_family,NA,4500000.0,2550.0,1.0,5.0,3.0,3.0,3.0,3.0,1968.0
single_family,NA,989000.0,1621.0,1.0,3.0,3.0,1.0,2.0,4.0,1950.0
single_family,NA,669900.0,2191.0,1.0,3.0,2.0,2.0,2.0,2.0,1992.0
single_family,NA,805000.0,1225.0,1.0,3.0,2.0,2.0,2.0,2.0,1963.0
single_family,NA,259999.0,520.0,1.0,1.0,1.0,1.0,1.0,0.0,1948.0
single_family,NA,499900.0,1454.0,2.0,3.0,3.0,2.0,2.0,2.0,2019.0
single_family,NA,699000.0,2090.0,1.0,4.0,2.0,2.0,2.0,2.0,2002.0
single_family,NA,385000.0,1829.0,1.0,4.0,2.0,2.0,2.0,3.0,1996.0
single_family,NA,799000.0,1105.0,1.0,3.0,2.0,1.0,2.0,2.0,1950.0
multi_family,NA,1095000.0,1225.0,1.0,3.0,2.0,2.0,2.0,0.0,1954.0
single_family,NA,899000.0,3512.0,2.0,5.0,5.0,4.0,4.0,3.0,2021.0
single_family,NA,1195000.0,2005.0,2.0,4.0,3.0,3.0,3.0,1.0,1932.0
townhomes,townhouse,2649000.0,2500.0,3.0,3.0,4.0,3.0,3.0,2.0,2007.0
single_family,NA,799950.0,2020.0,2.0,4.0,3.0,3.0,3.0,3.0,1996.0
single_family,NA,660000.0,2624.0,2.0,4.0,3.0,3.0,3.0,2.0,2023.0
condos,condo,659000.0,1505.0,2.0,3.0,3.0,2.0,2.0,2.0,2005.0
single_family,NA,799000.0,873.0,1.0,2.0,1.0,1.0,1.0,0.0,1908.0
single_family,NA,798000.0,1098.0,1.0,3.0,1.0,1.0,1.0,2.0,1948.0
single_family,NA,3098800.0,3293.0,2.0,5.0,5.0,4.0,4.0,3.0,1997.0
single_family,NA,659000.0,1812.0,2.0,3.0,3.0,2.0,2.0,2.0,2025.0
single_family,NA,689000.0,1616.0,2.0,3.0,2.0,2.0,2.0,3.0,1963.0
land,NA,625000.0,0.0,0.0,0.0,0.0,0.0,0.0,0.0,0.0
single_family,NA,469000.0,1261.0,1.0,3.0,2.0,2.0,2.0,2.0,1954.0
single_family,NA,1595000.0,3730.0,2.0,4.0,5.0,5.0,5.0,2.0,2024.0
single_family,NA,725000.0,1670.0,1.0,3.0,2.0,2.0,2.0,2.0,2003.0
single_family,NA,850000.0,768.0,1.0,2.0,1.0,1.0,1.0,0.0,1924.0
single_family,NA,300000.0,1630.0,1.0,3.0,2.0,2.0,2.0,2.0,2004.0
condos,condo,599000.0,1140.0,1.0,2.0,2.0,2.0,2.0,1.0,1993.0
single_family,NA,800000.0,1469.0,1.0,4.0,2.0,2.0,2.0,2.0,1975.0
single_family,NA,799999.0,1905.0,1.0,4.0,3.0,3.0,3.0,2.0,1954.0
single_family,NA,479990.0,880.0,1.0,2.0,2.0,2.0,2.0,0.0,1924.0
single_family,NA,599000.0,2066.0,1.0,2.0,2.0,2.0,2.0,2.0,2007.0
single_family,NA,380000.0,1671.0,1.0,4.0,2.0,2.0,2.0,2.0,2016.0
single_family,NA,1100000.0,2160.0,1.0,4.0,3.0,1.0,2.0,2.0,1976.0
condos,condo,1395000.0,1249.0,1.0,2.0,2.0,2.0,2.0,2.0,2005.0
townhomes,townhouse,549000.0,882.0,2.0,2.0,1.0,1.0,1.0,1.0,1971.0
single_family,NA,775000.0,1080.0,1.0,2.0,1.0,1.0,1.0,0.0,1954.0
single_family,NA,1050000.0,1288.0,1.0,2.0,2.0,1.0,1.0,2.0,1930.0
single_family,NA,799000.0,1395.0,1.0,3.0,3.0,2.0,3.0,1.0,1950.0
single_family,NA,431990.0,1842.0,1.0,4.0,3.0,3.0,3.0,2.0,2025.0
single_family,NA,780000.0,1682.0,1.0,3.0,2.0,2.0,2.0,0.0,1963.0
single_family,NA,409000.0,1696.0,1.0,3.0,2.0,2.0,2.0,2.0,1993.0
townhomes,townhouse,749999.0,1715.0,2.0,4.0,3.0,3.0,3.0,2.0,2024.0
single_family,NA,1499000.0,1410.0,1.0,3.0,2.0,2.0,2.0,2.0,1962.0
single_family,NA,939000.0,1742.0,1.0,3.0,2.0,1.0,1.0,1.0,1938.0
single_family,NA,1100000.0,2300.0,1.0,7.0,4.0,4.0,4.0,2.0,1960.0
condos,condo,557990.0,1597.0,3.0,3.0,3.0,2.0,2.0,2.0,2025.0
single_family,NA,1199000.0,1858.0,3.0,3.0,3.0,3.0,3.0,2.0,2018.0
land,NA,625000.0,0.0,0.0,0.0,0.0,0.0,0.0,0.0,0.0
single_family,NA,515000.0,1859.0,1.0,4.0,2.0,2.0,2.0,2.0,1990.0
single_family,NA,1329888.0,2094.0,2.0,3.0,3.0,3.0,3.0,2.0,2018.0
single_family,NA,440000.0,1127.0,1.0,3.0,2.0,2.0,2.0,2.0,1978.0
single_family,NA,500000.0,1745.0,1.0,3.0,2.0,2.0,2.0,0.0,1966.0
single_family,NA,450000.0,792.0,1.0,2.0,1.0,1.0,1.0,1.0,1948.0
single_family,NA,1599900.0,2292.0,2.0,4.0,3.0,3.0,3.0,2.0,1978.0
single_family,NA,1495000.0,2136.0,1.0,3.0,2.0,2.0,2.0,2.0,1958.0
single_family,NA,575000.0,1093.0,1.0,3.0,2.0,2.0,2.0,2.0,1971.0
single_family,NA,2295000.0,2417.0,2.0,3.0,2.0,2.0,2.0,2.0,1975.0
single_family,NA,875000.0,1992.0,1.0,3.0,3.0,2.0,2.0,3.0,2022.0
single_family,NA,2980000.0,1723.0,2.0,3.0,2.0,2.0,2.0,2.0,1976.0
condos,condo,1380000.0,2066.0,1.0,2.0,3.0,2.0,2.0,2.0,2012.0
single_family,NA,569900.0,1477.0,1.0,2.0,2.0,2.0,2.0,0.0,1928.0
townhomes,townhouse,1225000.0,1512.0,2.0,3.0,3.0,1.0,2.0,2.0,1989.0
single_family,NA,1299000.0,2228.0,2.0,3.0,3.0,2.0,2.0,2.0,2019.0
townhomes,townhouse,1998800.0,2359.0,2.0,4.0,3.0,3.0,3.0,2.0,1976.0
mobile,NA,359000.0,1636.0,1.0,3.0,2.0,2.0,2.0,0.0,1976.0
single_family,NA,379900.0,980.0,1.0,2.0,1.0,1.0,1.0,0.0,1960.0
single_family,NA,1099999.0,1323.0,1.0,4.0,2.0,2.0,2.0,0.0,1937.0
single_family,NA,898000.0,1690.0,2.0,3.0,3.0,2.0,2.0,2.0,1999.0
single_family,NA,5750000.0,3356.0,1.0,4.0,4.0,3.0,3.0,2.0,2016.0
single_family,NA,860000.0,1999.0,2.0,4.0,3.0,3.0,3.0,0.0,1983.0
condos,condo,405000.0,1175.0,2.0,2.0,2.0,2.0,2.0,0.0,1984.0
condos,condo,1290000.0,2515.0,1.0,3.0,3.0,2.0,3.0,2.0,1920.0
condos,condo,1499000.0,1632.0,2.0,3.0,3.0,2.0,2.0,2.0,2017.0
single_family,NA,465000.0,1397.0,1.0,3.0,2.0,2.0,2.0,2.0,2001.0
condos,condo,599000.0,1746.0,1.0,2.0,2.0,2.0,2.0,2.0,1984.0
condos,condo,369000.0,922.0,1.0,2.0,1.0,1.0,1.0,0.0,1970.0
single_family,NA,139000.0,868.0,1.0,0.0,1.0,1.0,1.0,0.0,1953.0
single_family,NA,699900.0,1040.0,1.0,3.0,2.0,2.0,2.0,2.0,1979.0
single_family,NA,1350000.0,3008.0,2.0,4.0,3.0,3.0,3.0,3.0,1994.0
condos,condo,598000.0,1047.0,1.0,2.0,2.0,2.0,2.0,2.0,1967.0
single_family,NA,3699000.0,3024.0,2.0,5.0,4.0,3.0,3.0,2.0,1975.0
condos,condo,428000.0,1072.0,2.0,2.0,2.0,1.0,1.0,2.0,1980.0
single_family,NA,1099000.0,1937.0,2.0,3.0,3.0,0.0,3.0,2.0,1966.0
single_family,NA,800000.0,2070.0,2.0,4.0,3.0,3.0,3.0,3.0,1989.0
single_family,NA,680000.0,1718.0,2.0,3.0,3.0,2.0,2.0,2.0,2020.0
multi_family,NA,5795000.0,3264.0,3.0,5.0,5.0,4.0,4.0,2.0,1969.0
single_family,NA,379990.0,1556.0,1.0,3.0,2.0,1.0,2.0,0.0,1936.0
single_family,NA,159900.0,1494.0,2.0,2.0,2.0,2.0,2.0,0.0,1982.0
single_family,NA,421000.0,1571.0,1.0,3.0,2.0,2.0,2.0,2.0,1940.0
single_family,NA,499000.0,1288.0,1.0,3.0,2.0,2.0,2.0,2.0,2008.0
condos,condo,899000.0,1060.0,1.0,2.0,2.0,2.0,2.0,2.0,2018.0
mobile,NA,115000.0,665.0,1.0,2.0,1.0,1.0,1.0,0.0,1964.0
single_family,NA,415000.0,1596.0,1.0,3.0,2.0,2.0,2.0,2.0,2006.0
single_family,NA,1798000.0,1450.0,1.0,3.0,2.0,2.0,2.0,1.0,1956.0
condos,condo,699000.0,1140.0,1.0,2.0,2.0,2.0,2.0,2.0,2010.0
single_family,NA,425000.0,1324.0,1.0,3.0,2.0,2.0,2.0,2.0,1960.0
single_family,NA,335000.0,1856.0,2.0,3.0,2.0,2.0,2.0,2.0,1976.0
single_family,NA,604999.0,2540.0,2.0,4.0,3.0,3.0,3.0,2.0,2022.0
single_family,NA,514500.0,1456.0,1.0,3.0,2.0,2.0,2.0,2.0,2002.0
multi_family,NA,461990.0,1064.0,2.0,2.0,2.0,2.0,2.0,1.0,2025.0
land,NA,999000.0,0.0,0.0,0.0,0.0,0.0,0.0,0.0,0.0
single_family,NA,720000.0,2647.0,1.0,4.0,4.0,3.0,3.0,3.0,2005.0
single_family,NA,699900.0,2967.0,2.0,4.0,3.0,3.0,3.0,2.0,2005.0
single_family,NA,499000.0,1248.0,1.0,3.0,2.0,2.0,2.0,2.0,1986.0
mobile,NA,155000.0,1296.0,1.0,2.0,2.0,1.0,2.0,0.0,1976.0
single_family,NA,599000.0,1983.0,1.0,3.0,2.0,2.0,2.0,2.0,2009.0
single_family,NA,330000.0,1637.0,1.0,4.0,2.0,2.0,2.0,2.0,2022.0
single_family,NA,852000.0,1674.0,1.0,3.0,2.0,2.0,2.0,2.0,1952.0
single_family,NA,328000.0,1188.0,1.0,3.0,2.0,2.0,2.0,2.0,1990.0
condos,condo,534000.0,914.0,1.0,1.0,2.0,1.0,1.0,2.0,1974.0
single_family,NA,399900.0,1690.0,1.0,3.0,2.0,2.0,2.0,2.0,1994.0
single_family,NA,5300000.0,4537.0,2.0,6.0,6.0,5.0,5.0,3.0,2008.0
single_family,NA,685500.0,1630.0,1.0,4.0,2.0,2.0,2.0,2.0,1991.0
single_family,NA,524990.0,2035.0,1.0,4.0,2.0,2.0,2.0,3.0,2025.0
single_family,NA,620000.0,1559.0,1.0,4.0,2.0,2.0,2.0,2.0,1996.0
single_family,NA,629900.0,1921.0,1.0,4.0,2.0,2.0,2.0,2.0,1999.0
single_family,NA,339000.0,1120.0,1.0,2.0,2.0,2.0,2.0,2.0,1958.0
single_family,NA,775000.0,1400.0,1.0,3.0,2.0,2.0,2.0,2.0,1957.0
single_family,NA,1049999.0,3234.0,2.0,4.0,3.0,3.0,3.0,3.0,2003.0
single_family,NA,1099000.0,2432.0,2.0,5.0,5.0,4.0,4.0,2.0,2006.0
single_family,NA,1150000.0,2725.0,2.0,4.0,4.0,3.0,3.0,3.0,2003.0
condos,condo,824000.0,1750.0,3.0,3.0,4.0,4.0,4.0,2.0,2020.0
single_family,NA,1090000.0,3489.0,2.0,5.0,3.0,3.0,3.0,3.0,2002.0
multi_family,NA,9650000.0,38766.0,3.0,32.0,61.0,17.0,17.0,0.0,1970.0
single_family,NA,759000.0,2560.0,1.0,4.0,3.0,3.0,3.0,3.0,2009.0
land,NA,35000.0,0.0,0.0,0.0,0.0,0.0,0.0,0.0,0.0
single_family,NA,525000.0,1186.0,1.0,3.0,2.0,2.0,2.0,2.0,1952.0
single_family,NA,968000.0,1105.0,1.0,3.0,2.0,2.0,2.0,2.0,1951.0
single_family,NA,3995000.0,1840.0,1.0,4.0,3.0,3.0,3.0,0.0,1928.0
condos,condo,899000.0,1950.0,3.0,3.0,3.0,2.0,2.0,2.0,1984.0
single_family,NA,645000.0,1100.0,1.0,3.0,2.0,2.0,2.0,2.0,1995.0
single_family,NA,2295000.0,2274.0,1.0,4.0,3.0,3.0,3.0,2.0,1964.0
single_family,NA,6499000.0,2752.0,2.0,4.0,5.0,4.0,4.0,2.0,1974.0
single_family,NA,742990.0,3003.0,1.0,4.0,3.0,3.0,3.0,2.0,2025.0
single_family,NA,1699999.0,1296.0,1.0,3.0,2.0,2.0,2.0,2.0,1961.0
single_family,NA,1198000.0,1577.0,1.0,4.0,2.0,2.0,2.0,0.0,1947.0
single_family,NA,700000.0,2253.0,2.0,3.0,3.0,2.0,2.0,3.0,1984.0
single_family,NA,3450000.0,1659.0,1.0,3.0,2.0,2.0,2.0,2.0,1956.0
single_family,NA,1549000.0,1931.0,1.0,3.0,2.0,2.0,2.0,2.0,1968.0
single_family,NA,849000.0,1446.0,1.0,3.0,2.0,2.0,2.0,1.0,1950.0
single_family,NA,975000.0,1952.0,1.0,4.0,3.0,3.0,3.0,2.0,1962.0
single_family,NA,1259000.0,2200.0,1.0,3.0,2.0,2.0,2.0,2.0,1969.0
condos,condo,389000.0,700.0,1.0,1.0,1.0,1.0,1.0,0.0,1969.0
single_family,NA,1185000.0,1322.0,1.0,3.0,2.0,2.0,2.0,0.0,1922.0
single_family,NA,639000.0,1132.0,1.0,2.0,1.0,1.0,1.0,2.0,1925.0
single_family,NA,599000.0,854.0,1.0,2.0,1.0,1.0,1.0,2.0,1942.0
single_family,NA,1980000.0,2712.0,2.0,5.0,3.0,3.0,3.0,3.0,1989.0
mobile,NA,79800.0,1488.0,1.0,2.0,2.0,2.0,2.0,0.0,1973.0
condos,condo,895000.0,1641.0,3.0,2.0,3.0,3.0,3.0,0.0,2003.0
single_family,NA,629900.0,2047.0,1.0,4.0,2.0,2.0,2.0,3.0,1981.0
single_family,NA,1199888.0,1368.0,1.0,3.0,2.0,2.0,2.0,0.0,1947.0
single_family,NA,1160000.0,2243.0,2.0,4.0,3.0,3.0,3.0,2.0,1951.0
single_family,NA,975000.0,1349.0,1.0,2.0,1.0,1.0,1.0,2.0,1941.0
single_family,NA,584900.0,1503.0,1.0,3.0,2.0,2.0,2.0,2.0,1977.0
single_family,NA,1285000.0,1309.0,1.0,3.0,1.0,1.0,1.0,2.0,1950.0
single_family,NA,549999.0,2776.0,2.0,4.0,3.0,3.0,3.0,3.0,2005.0
single_family,NA,805000.0,1739.0,1.0,4.0,2.0,2.0,2.0,2.0,1979.0
condos,condo,590000.0,903.0,2.0,2.0,1.0,1.0,1.0,1.0,1973.0
condos,condo,865000.0,1260.0,1.0,2.0,2.0,1.0,2.0,0.0,2024.0
single_family,NA,975000.0,1288.0,1.0,3.0,2.0,1.0,1.0,2.0,1962.0
condos,condo,1025000.0,1454.0,1.0,2.0,2.0,1.0,2.0,2.0,1975.0
single_family,NA,1599999.0,2209.0,2.0,4.0,3.0,2.0,2.0,2.0,1972.0
single_family,NA,840000.0,2660.0,1.0,4.0,2.0,2.0,2.0,2.0,1978.0
single_family,NA,539000.0,1130.0,2.0,2.0,2.0,1.0,1.0,1.0,1936.0
single_family,NA,1200000.0,2158.0,1.0,4.0,2.0,2.0,2.0,2.0,1962.0
single_family,NA,488034.0,1816.0,2.0,4.0,3.0,2.0,2.0,2.0,2025.0
condos,condo,738990.0,1815.0,2.0,3.0,3.0,2.0,2.0,2.0,2025.0
single_family,NA,849000.0,2942.0,2.0,5.0,3.0,3.0,3.0,3.0,1997.0
land,NA,5000.0,0.0,0.0,0.0,0.0,0.0,0.0,0.0,0.0
single_family,NA,1534900.0,3205.0,2.0,5.0,4.0,3.0,3.0,2.0,1977.0
single_family,NA,1075000.0,2952.0,1.0,5.0,4.0,2.0,3.0,3.0,2004.0
single_family,NA,1298800.0,1502.0,1.0,3.0,2.0,1.0,2.0,1.0,1954.0
single_family,NA,2750000.0,1690.0,1.0,3.0,2.0,2.0,2.0,2.0,1965.0
single_family,NA,749000.0,2582.0,2.0,4.0,3.0,3.0,3.0,3.0,2007.0
single_family,NA,779950.0,4063.0,2.0,6.0,5.0,3.0,4.0,3.0,2005.0
condos,condo,507990.0,1478.0,2.0,3.0,3.0,2.0,2.0,2.0,2026.0
single_family,NA,799900.0,4173.0,2.0,5.0,5.0,4.0,4.0,3.0,2006.0
townhomes,townhouse,3499000.0,3200.0,3.0,4.0,5.0,3.0,4.0,2.0,2018.0
single_family,NA,3399500.0,5844.0,2.0,6.0,7.0,3.0,5.0,2.0,1956.0
single_family,NA,300000.0,704.0,1.0,3.0,1.0,1.0,1.0,0.0,1952.0
single_family,NA,678000.0,2214.0,2.0,4.0,3.0,3.0,3.0,3.0,1998.0
townhomes,townhouse,778900.0,1255.0,2.0,3.0,2.0,1.0,1.0,2.0,1972.0
single_family,NA,1020000.0,3085.0,1.0,3.0,4.0,3.0,3.0,3.0,2002.0
single_family,NA,2995000.0,2721.0,2.0,4.0,3.0,3.0,3.0,2.0,1957.0
single_family,NA,499000.0,1830.0,1.0,3.0,2.0,2.0,2.0,2.0,2026.0
single_family,NA,1275000.0,1912.0,2.0,4.0,3.0,2.0,2.0,2.0,1996.0
condos,condo,575000.0,816.0,1.0,2.0,2.0,2.0,2.0,0.0,1984.0
single_family,NA,2700000.0,3644.0,2.0,5.0,6.0,5.0,5.0,2.0,2022.0
condos,condo,2800000.0,1800.0,1.0,2.0,2.0,2.0,2.0,2.0,1986.0
condos,condo,449000.0,1072.0,1.0,3.0,2.0,2.0,2.0,0.0,1968.0
single_family,NA,2299888.0,2766.0,3.0,4.0,3.0,3.0,3.0,2.0,1972.0
single_family,NA,1250000.0,1743.0,1.0,3.0,2.0,2.0,2.0,1.0,1953.0
single_family,NA,1875000.0,2708.0,2.0,4.0,3.0,2.0,3.0,2.0,1971.0
single_family,NA,12995000.0,8100.0,2.0,7.0,8.0,7.0,7.0,4.0,1938.0
single_family,NA,1200000.0,1330.0,1.0,4.0,2.0,2.0,2.0,2.0,1972.0
single_family,NA,1998000.0,1976.0,1.0,3.0,3.0,1.0,2.0,2.0,1947.0
land,NA,15000.0,0.0,0.0,0.0,0.0,0.0,0.0,0.0,0.0
single_family,NA,3798800.0,5155.0,2.0,5.0,6.0,5.0,5.0,4.0,1986.0
condos,condo,599900.0,1187.0,1.0,3.0,2.0,2.0,2.0,0.0,1982.0
single_family,NA,3688000.0,5796.0,1.0,7.0,7.0,6.0,6.0,3.0,2012.0
mobile,NA,599900.0,1344.0,1.0,3.0,2.0,2.0,2.0,0.0,1975.0
single_family,NA,430000.0,1358.0,1.0,3.0,2.0,2.0,2.0,4.0,1972.0
single_family,NA,1735000.0,3437.0,2.0,5.0,4.0,4.0,4.0,2.0,2006.0
single_family,NA,1175000.0,1724.0,1.0,4.0,2.0,2.0,2.0,2.0,1957.0
single_family,NA,745000.0,1950.0,1.0,4.0,2.0,2.0,2.0,0.0,1952.0
single_family,NA,379900.0,2017.0,1.0,4.0,3.0,3.0,3.0,2.0,1955.0
single_family,NA,425000.0,1744.0,1.0,4.0,2.0,2.0,2.0,2.0,2003.0
single_family,NA,1585000.0,2017.0,2.0,4.0,3.0,2.0,2.0,3.0,1994.0
single_family,NA,1199888.0,1916.0,1.0,4.0,2.0,2.0,2.0,2.0,1942.0
mobile,NA,279000.0,2080.0,1.0,3.0,2.0,2.0,2.0,2.0,2005.0
single_family,NA,674900.0,1425.0,2.0,3.0,2.0,2.0,2.0,2.0,1980.0
single_family,NA,1899000.0,3315.0,2.0,4.0,3.0,3.0,3.0,3.0,2002.0
land,NA,260000.0,0.0,0.0,0.0,0.0,0.0,0.0,0.0,0.0
townhomes,townhouse,839000.0,2023.0,3.0,4.0,4.0,3.0,3.0,2.0,2025.0
single_family,NA,447000.0,1720.0,2.0,3.0,3.0,2.0,2.0,2.0,2021.0
single_family,NA,1395000.0,2222.0,1.0,3.0,2.0,2.0,2.0,2.0,2003.0
townhomes,townhouse,1249999.0,1776.0,2.0,3.0,3.0,3.0,3.0,2.0,1990.0
single_family,NA,1499000.0,1600.0,2.0,3.0,2.0,2.0,2.0,0.0,1923.0
single_family,NA,745000.0,1123.0,1.0,3.0,1.0,1.0,1.0,1.0,1948.0
single_family,NA,1499900.0,1161.0,1.0,3.0,2.0,2.0,2.0,2.0,1947.0
condos,condo,428911.0,993.0,2.0,1.0,2.0,1.0,1.0,2.0,2025.0
single_family,NA,2499888.0,1128.0,1.0,3.0,2.0,2.0,2.0,2.0,1958.0
single_family,NA,445000.0,2056.0,1.0,3.0,2.0,2.0,2.0,2.0,1998.0
single_family,NA,750000.0,1991.0,1.0,4.0,2.0,2.0,2.0,2.0,1979.0
condos,condo,675000.0,1348.0,1.0,3.0,2.0,2.0,2.0,2.0,1980.0
condos,condo,415000.0,866.0,1.0,2.0,2.0,2.0,2.0,0.0,1988.0
single_family,NA,950000.0,1900.0,2.0,3.0,4.0,3.0,3.0,2.0,1989.0
single_family,NA,1100000.0,1974.0,2.0,3.0,3.0,2.0,2.0,2.0,1988.0
condos,condo,985000.0,1154.0,1.0,2.0,2.0,2.0,2.0,0.0,2006.0
multi_family,NA,360000.0,0.0,1.0,4.0,2.0,2.0,2.0,1.0,1954.0
single_family,NA,1199900.0,1618.0,1.0,3.0,2.0,2.0,2.0,2.0,1979.0
single_family,NA,519000.0,1323.0,1.0,2.0,2.0,2.0,2.0,2.0,1997.0
single_family,NA,1149000.0,3670.0,2.0,5.0,4.0,3.0,3.0,3.0,2002.0
land,NA,9500.0,0.0,0.0,0.0,0.0,0.0,0.0,0.0,0.0
single_family,NA,749950.0,1058.0,1.0,2.0,2.0,1.0,1.0,2.0,1940.0
single_family,NA,940000.0,1651.0,1.0,3.0,2.0,1.0,2.0,2.0,1956.0
single_family,NA,334900.0,700.0,1.0,2.0,1.0,1.0,1.0,0.0,1949.0
single_family,NA,560000.0,1662.0,1.0,3.0,2.0,2.0,2.0,2.0,2018.0
mobile,NA,524700.0,1493.0,1.0,3.0,2.0,2.0,2.0,0.0,2012.0
single_family,NA,1049000.0,1342.0,1.0,2.0,2.0,1.0,2.0,2.0,1947.0
single_family,NA,429900.0,1400.0,1.0,3.0,2.0,2.0,2.0,2.0,1991.0
single_family,NA,659000.0,1392.0,2.0,3.0,2.0,2.0,2.0,1.0,1986.0
single_family,NA,700000.0,2670.0,1.0,4.0,4.0,3.0,3.0,3.0,2018.0
single_family,NA,335000.0,1424.0,2.0,2.0,2.0,2.0,2.0,0.0,1971.0
single_family,NA,660000.0,938.0,1.0,2.0,2.0,2.0,2.0,2.0,1947.0
single_family,NA,500000.0,1626.0,1.0,3.0,2.0,2.0,2.0,2.0,1968.0
single_family,NA,3985000.0,3098.0,2.0,4.0,3.0,3.0,3.0,0.0,1950.0
land,NA,45000.0,0.0,0.0,0.0,0.0,0.0,0.0,0.0,0.0
single_family,NA,1500000.0,1983.0,1.0,5.0,3.0,3.0,3.0,2.0,1949.0
condos,condo,679000.0,1373.0,2.0,2.0,3.0,2.0,2.0,2.0,1983.0
mobile,NA,379000.0,1611.0,1.0,2.0,2.0,2.0,2.0,0.0,1977.0
single_family,NA,1135000.0,1281.0,1.0,3.0,2.0,2.0,2.0,2.0,1973.0
single_family,NA,319000.0,1280.0,1.0,3.0,2.0,2.0,2.0,2.0,1980.0
condos,condo,285000.0,819.0,1.0,1.0,1.0,1.0,1.0,0.0,2006.0
single_family,NA,639990.0,2936.0,2.0,5.0,5.0,4.0,4.0,2.0,2026.0
single_family,NA,580000.0,1619.0,1.0,3.0,2.0,2.0,2.0,2.0,2000.0
single_family,NA,489000.0,1669.0,1.0,4.0,2.0,2.0,2.0,2.0,2026.0
single_family,NA,399000.0,1290.0,1.0,3.0,2.0,2.0,2.0,2.0,1989.0
single_family,NA,1260000.0,3822.0,2.0,4.0,3.0,3.0,3.0,3.0,1990.0
single_family,NA,2190000.0,5116.0,2.0,6.0,6.0,5.0,5.0,4.0,2005.0
land,NA,15000.0,0.0,0.0,0.0,0.0,0.0,0.0,0.0,0.0
condos,condo,449988.0,676.0,1.0,1.0,1.0,1.0,1.0,1.0,1977.0
single_family,NA,659900.0,2767.0,2.0,4.0,3.0,3.0,3.0,3.0,2017.0
single_family,NA,439900.0,1160.0,1.0,3.0,2.0,2.0,2.0,2.0,1959.0
townhomes,townhouse,1795000.0,1769.0,2.0,3.0,3.0,2.0,2.0,2.0,2007.0
single_family,NA,584732.0,1835.0,1.0,4.0,3.0,3.0,3.0,2.0,2025.0
condos,condo,334900.0,1340.0,2.0,3.0,2.0,2.0,2.0,1.0,1988.0
condos,condo,1950000.0,1902.0,1.0,3.0,2.0,1.0,2.0,2.0,1977.0
single_family,NA,309900.0,792.0,2.0,2.0,1.0,1.0,1.0,0.0,1947.0
single_family,NA,589900.0,2014.0,2.0,4.0,3.0,2.0,2.0,3.0,1973.0
single_family,NA,629900.0,1751.0,2.0,4.0,3.0,2.0,3.0,2.0,1987.0
condos,condo,625000.0,1373.0,3.0,3.0,3.0,2.0,2.0,2.0,1988.0
single_family,NA,529000.0,1857.0,2.0,4.0,3.0,3.0,3.0,2.0,2024.0
single_family,NA,1299000.0,2279.0,2.0,5.0,3.0,2.0,2.0,0.0,1964.0
single_family,NA,525000.0,1815.0,1.0,2.0,2.0,2.0,2.0,2.0,2004.0
townhomes,townhouse,709990.0,1367.0,3.0,3.0,3.0,3.0,3.0,2.0,2025.0
single_family,NA,470000.0,1120.0,1.0,3.0,2.0,2.0,2.0,1.0,1949.0
single_family,NA,1499000.0,1130.0,1.0,2.0,2.0,2.0,2.0,0.0,1940.0
land,NA,45000.0,0.0,0.0,0.0,0.0,0.0,0.0,0.0,0.0
multi_family,NA,464900.0,1100.0,1.0,2.0,2.0,2.0,2.0,0.0,1969.0
single_family,NA,707000.0,862.0,1.0,2.0,1.0,1.0,1.0,2.0,1942.0
single_family,NA,2398000.0,2704.0,1.0,4.0,3.0,2.0,2.0,2.0,1956.0
single_family,NA,529900.0,2022.0,1.0,4.0,2.0,2.0,2.0,2.0,1978.0
single_family,NA,708000.0,2482.0,1.0,2.0,3.0,2.0,2.0,5.0,2000.0
mobile,NA,180000.0,1320.0,1.0,3.0,2.0,2.0,2.0,0.0,2001.0
condos,condo,385000.0,700.0,3.0,1.0,1.0,1.0,1.0,0.0,1968.0
mobile,NA,90000.0,1056.0,1.0,3.0,2.0,2.0,2.0,0.0,1990.0
single_family,NA,425000.0,1728.0,2.0,3.0,3.0,3.0,3.0,3.0,1973.0
single_family,NA,409900.0,1801.0,1.0,4.0,2.0,2.0,2.0,2.0,1967.0
mobile,NA,339500.0,1344.0,1.0,3.0,2.0,2.0,2.0,0.0,1988.0
single_family,NA,820000.0,1812.0,2.0,3.0,2.0,2.0,2.0,2.0,1979.0
condos,condo,429000.0,1368.0,1.0,2.0,2.0,2.0,2.0,2.0,1987.0
condos,condo,585000.0,1203.0,3.0,2.0,3.0,3.0,3.0,2.0,1975.0
single_family,NA,1099000.0,1516.0,1.0,4.0,2.0,2.0,2.0,2.0,1963.0
single_family,NA,355000.0,1590.0,1.0,4.0,2.0,2.0,2.0,2.0,1981.0
single_family,NA,667390.0,2488.0,1.0,4.0,3.0,3.0,3.0,2.0,2026.0
single_family,NA,879000.0,945.0,1.0,2.0,1.0,1.0,1.0,2.0,1939.0
single_family,NA,414000.0,1172.0,1.0,4.0,2.0,2.0,2.0,2.0,1972.0
single_family,NA,749000.0,988.0,1.0,3.0,1.0,1.0,1.0,1.0,1958.0
mobile,NA,365000.0,1248.0,2.0,3.0,2.0,2.0,2.0,2.0,1988.0
land,NA,120000.0,0.0,0.0,0.0,0.0,0.0,0.0,0.0,0.0
single_family,NA,1299000.0,1876.0,1.0,3.0,2.0,2.0,2.0,2.0,1947.0
single_family,NA,649000.0,2285.0,1.0,4.0,2.0,2.0,2.0,2.0,1969.0
single_family,NA,629999.0,1899.0,2.0,4.0,3.0,3.0,3.0,2.0,1992.0
single_family,NA,725000.0,931.0,1.0,3.0,1.0,1.0,1.0,2.0,1941.0
single_family,NA,1328000.0,1481.0,1.0,4.0,2.0,2.0,2.0,2.0,1967.0
mobile,NA,225000.0,1536.0,1.0,2.0,2.0,2.0,2.0,2.0,1980.0
single_family,NA,688000.0,1384.0,1.0,3.0,2.0,2.0,2.0,0.0,2004.0
single_family,NA,389900.0,1542.0,1.0,3.0,1.0,1.0,1.0,1.0,1949.0
single_family,NA,810000.0,2347.0,2.0,7.0,3.0,3.0,3.0,1.0,1951.0
single_family,NA,559999.0,1488.0,1.0,3.0,2.0,2.0,2.0,2.0,1978.0
single_family,NA,995000.0,1788.0,1.0,5.0,3.0,1.0,3.0,0.0,1955.0
condos,condo,315000.0,894.0,1.0,1.0,1.0,1.0,1.0,1.0,1984.0
single_family,NA,270000.0,588.0,1.0,2.0,1.0,1.0,1.0,0.0,1941.0
single_family,NA,559999.0,1491.0,1.0,3.0,2.0,2.0,2.0,2.0,2001.0
single_family,NA,7498000.0,6529.0,2.0,4.0,5.0,3.0,3.0,3.0,1984.0
single_family,NA,579900.0,1852.0,1.0,3.0,2.0,2.0,2.0,2.0,1950.0
single_family,NA,895000.0,2016.0,1.0,3.0,2.0,2.0,2.0,3.0,2022.0
single_family,NA,995000.0,1589.0,1.0,3.0,2.0,2.0,2.0,2.0,1960.0
single_family,NA,1299995.0,3374.0,2.0,5.0,4.0,3.0,3.0,2.0,2003.0
condos,condo,625000.0,1150.0,1.0,2.0,2.0,2.0,2.0,2.0,1978.0
single_family,NA,1350000.0,2646.0,1.0,4.0,3.0,2.0,2.0,3.0,1978.0
condos,condo,3150000.0,1295.0,3.0,2.0,3.0,2.0,2.0,1.0,2025.0
single_family,NA,675000.0,2754.0,2.0,4.0,3.0,3.0,3.0,2.0,1956.0
multi_family,NA,419000.0,968.0,1.0,3.0,2.0,2.0,2.0,0.0,1960.0
single_family,NA,769000.0,3182.0,2.0,3.0,3.0,3.0,3.0,3.0,2003.0
single_family,NA,399900.0,1515.0,1.0,3.0,2.0,2.0,2.0,2.0,1990.0
townhomes,townhouse,699900.0,1990.0,2.0,3.0,3.0,3.0,3.0,2.0,2009.0
single_family,NA,479900.0,1113.0,2.0,2.0,2.0,2.0,2.0,0.0,1948.0
single_family,NA,1765000.0,1862.0,2.0,3.0,3.0,3.0,3.0,2.0,1980.0
single_family,NA,649999.0,1051.0,2.0,3.0,2.0,2.0,2.0,2.0,1996.0
single_family,NA,565000.0,1640.0,2.0,3.0,2.0,2.0,2.0,2.0,1977.0
single_family,NA,365000.0,1475.0,1.0,3.0,2.0,2.0,2.0,2.0,2003.0
single_family,NA,419000.0,2314.0,1.0,4.0,4.0,4.0,4.0,0.0,1959.0
condos,condo,1699000.0,1201.0,2.0,2.0,2.0,2.0,2.0,2.0,1973.0
multi_family,NA,650000.0,2248.0,1.0,2.0,4.0,2.0,2.0,0.0,1971.0
single_family,NA,749000.0,2187.0,1.0,2.0,2.0,2.0,2.0,2.0,2001.0
single_family,NA,765000.0,1560.0,2.0,4.0,3.0,2.0,2.0,2.0,1964.0
single_family,NA,435000.0,1196.0,1.0,2.0,1.0,1.0,1.0,2.0,1957.0
single_family,NA,399000.0,1279.0,1.0,3.0,1.0,1.0,1.0,1.0,1954.0
single_family,NA,999000.0,1764.0,1.0,3.0,2.0,2.0,2.0,2.0,1971.0
single_family,NA,579990.0,1579.0,1.0,3.0,2.0,2.0,2.0,2.0,2024.0
single_family,NA,674500.0,1852.0,2.0,4.0,3.0,2.0,2.0,2.0,2002.0
land,NA,4999.0,0.0,0.0,0.0,0.0,0.0,0.0,0.0,0.0
single_family,NA,450000.0,2278.0,2.0,4.0,3.0,3.0,3.0,2.0,1930.0
single_family,NA,535000.0,2126.0,1.0,3.0,2.0,2.0,2.0,3.0,2006.0
single_family,NA,1995000.0,2189.0,1.0,4.0,3.0,1.0,3.0,2.0,1927.0
single_family,NA,359900.0,1316.0,1.0,3.0,2.0,1.0,2.0,0.0,1951.0
single_family,NA,715000.0,2249.0,2.0,5.0,3.0,3.0,3.0,3.0,1989.0
single_family,NA,660000.0,1260.0,1.0,3.0,2.0,2.0,2.0,2.0,1948.0
townhomes,townhouse,1299988.0,1637.0,2.0,3.0,3.0,2.0,2.0,2.0,1991.0
single_family,NA,1395000.0,2826.0,1.0,4.0,3.0,3.0,3.0,2.0,1955.0
single_family,NA,480000.0,1120.0,1.0,2.0,2.0,2.0,2.0,2.0,2002.0
single_family,NA,396990.0,1509.0,1.0,4.0,2.0,2.0,2.0,0.0,2025.0
single_family,NA,600000.0,1990.0,1.0,3.0,2.0,2.0,2.0,2.0,1995.0
condos,condo,525000.0,1486.0,2.0,3.0,3.0,2.0,2.0,2.0,1994.0
single_family,NA,6495000.0,3239.0,1.0,5.0,4.0,4.0,4.0,2.0,1951.0
single_family,NA,1895000.0,2588.0,2.0,4.0,2.0,2.0,2.0,2.0,1922.0
condos,condo,1170000.0,1364.0,1.0,1.0,2.0,1.0,1.0,1.0,1976.0
single_family,NA,1998800.0,1339.0,2.0,3.0,3.0,2.0,2.0,1.0,1994.0
single_family,NA,615000.0,2227.0,1.0,2.0,2.0,2.0,2.0,2.0,2007.0
single_family,NA,420000.0,1146.0,1.0,2.0,1.0,1.0,1.0,2.0,1960.0
single_family,NA,1349000.0,1500.0,1.0,3.0,2.0,2.0,2.0,2.0,1979.0
condos,condo,749000.0,1881.0,2.0,4.0,4.0,4.0,4.0,3.0,1990.0
multi_family,NA,875000.0,2539.0,2.0,7.0,3.0,3.0,3.0,0.0,1922.0
single_family,NA,999900.0,1126.0,1.0,2.0,1.0,1.0,1.0,1.0,1925.0
single_family,NA,340000.0,1265.0,1.0,3.0,2.0,2.0,2.0,2.0,1993.0
condos,condo,335000.0,628.0,1.0,1.0,1.0,1.0,1.0,0.0,1928.0
condos,condo,1098890.0,1310.0,1.0,2.0,2.0,2.0,2.0,2.0,2017.0
single_family,NA,465000.0,1636.0,1.0,3.0,2.0,2.0,2.0,2.0,1984.0
single_family,NA,595000.0,759.0,1.0,2.0,1.0,1.0,1.0,1.0,1925.0
single_family,NA,639000.0,2190.0,2.0,4.0,3.0,2.0,3.0,3.0,1990.0
condos,condo,507430.0,624.0,1.0,1.0,1.0,1.0,1.0,0.0,2024.0
single_family,NA,1899000.0,2135.0,2.0,4.0,3.0,2.0,2.0,2.0,1996.0
condos,condo,630000.0,1862.0,3.0,4.0,4.0,4.0,4.0,2.0,2013.0
single_family,NA,469000.0,1829.0,1.0,3.0,2.0,2.0,2.0,2.0,2025.0
single_family,NA,850000.0,1110.0,1.0,3.0,2.0,1.0,2.0,0.0,1929.0
single_family,NA,299999.0,914.0,1.0,2.0,1.0,1.0,1.0,2.0,1938.0
single_family,NA,559000.0,2233.0,1.0,4.0,3.0,2.0,2.0,0.0,1977.0
mobile,NA,210000.0,1040.0,1.0,3.0,2.0,2.0,2.0,2.0,2015.0
single_family,NA,620000.0,1984.0,1.0,4.0,2.0,2.0,2.0,2.0,2002.0
single_family,NA,1424999.0,2933.0,2.0,4.0,3.0,3.0,3.0,3.0,1990.0
single_family,NA,1089000.0,1734.0,1.0,3.0,2.0,2.0,2.0,3.0,1968.0
single_family,NA,699900.0,988.0,1.0,2.0,2.0,1.0,1.0,2.0,1991.0
single_family,NA,989000.0,1715.0,1.0,3.0,2.0,2.0,2.0,2.0,1977.0
condos,condo,399000.0,866.0,1.0,2.0,1.0,1.0,1.0,0.0,1969.0
single_family,NA,399000.0,1543.0,1.0,4.0,2.0,2.0,2.0,2.0,1978.0
single_family,NA,1159000.0,2021.0,2.0,4.0,3.0,3.0,3.0,2.0,1987.0
single_family,NA,1300000.0,1936.0,1.0,3.0,2.0,2.0,2.0,2.0,1967.0
single_family,NA,1425000.0,2234.0,1.0,5.0,3.0,3.0,3.0,2.0,1969.0
single_family,NA,625000.0,2557.0,2.0,3.0,3.0,3.0,3.0,2.0,2010.0
single_family,NA,2399000.0,3061.0,1.0,3.0,3.0,3.0,3.0,2.0,2001.0
single_family,NA,655000.0,1479.0,1.0,3.0,3.0,2.0,2.0,1.0,1955.0
condos,condo,385000.0,1159.0,1.0,2.0,2.0,2.0,2.0,1.0,2005.0
mobile,NA,330900.0,1632.0,1.0,2.0,2.0,2.0,2.0,2.0,1978.0
single_family,NA,1195000.0,1022.0,1.0,3.0,2.0,2.0,2.0,1.0,1926.0
townhomes,townhouse,550000.0,1187.0,2.0,2.0,3.0,2.0,2.0,2.0,1993.0
single_family,NA,389900.0,1360.0,1.0,3.0,2.0,2.0,2.0,2.0,2004.0
single_family,NA,1060000.0,1734.0,1.0,4.0,3.0,3.0,3.0,2.0,1978.0
single_family,NA,724900.0,3499.0,2.0,5.0,3.0,3.0,3.0,3.0,2002.0
single_family,NA,1180000.0,2124.0,2.0,5.0,2.0,2.0,2.0,2.0,1964.0
single_family,NA,549000.0,1826.0,1.0,3.0,2.0,2.0,2.0,2.0,2002.0
single_family,NA,2499000.0,3562.0,1.0,4.0,5.0,4.0,4.0,2.0,1937.0
single_family,NA,998000.0,3478.0,2.0,4.0,4.0,3.0,3.0,2.0,2003.0
condos,condo,645000.0,1260.0,6.0,2.0,2.0,2.0,2.0,0.0,2009.0
multi_family,NA,998000.0,2280.0,2.0,6.0,3.0,3.0,3.0,0.0,1914.0
single_family,NA,939900.0,1466.0,1.0,3.0,2.0,2.0,2.0,2.0,1955.0
single_family,NA,995000.0,2657.0,2.0,3.0,3.0,2.0,2.0,2.0,1982.0
townhomes,townhouse,629950.0,1409.0,2.0,3.0,3.0,3.0,3.0,2.0,1975.0
single_family,NA,1188000.0,1310.0,1.0,3.0,2.0,2.0,2.0,1.0,1949.0
townhomes,townhouse,595000.0,1643.0,2.0,2.0,3.0,1.0,2.0,2.0,1965.0
condos,condo,739000.0,1321.0,3.0,2.0,3.0,2.0,2.0,2.0,2016.0
single_family,NA,559000.0,1697.0,1.0,3.0,2.0,2.0,2.0,3.0,2000.0
single_family,NA,445000.0,1615.0,2.0,3.0,3.0,2.0,2.0,3.0,1988.0
townhomes,townhouse,769990.0,1308.0,3.0,2.0,3.0,2.0,2.0,2.0,2025.0
single_family,NA,440000.0,1045.0,1.0,3.0,1.0,1.0,1.0,1.0,1958.0
condos,condo,650000.0,1220.0,1.0,3.0,2.0,2.0,2.0,2.0,1979.0
condos,condo,729900.0,1294.0,2.0,2.0,2.0,2.0,2.0,2.0,1980.0
townhomes,townhouse,530000.0,1309.0,3.0,2.0,2.0,2.0,2.0,2.0,1981.0
condos,condo,585000.0,1249.0,3.0,2.0,3.0,2.0,2.0,2.0,2023.0
condos,condo,900000.0,1867.0,1.0,2.0,3.0,2.0,2.0,1.0,2006.0
single_family,NA,1198000.0,1445.0,1.0,4.0,2.0,2.0,2.0,2.0,1963.0
single_family,NA,1099999.0,2666.0,2.0,4.0,3.0,3.0,3.0,3.0,2018.0
single_family,NA,1475000.0,1863.0,1.0,4.0,2.0,2.0,2.0,2.0,1984.0
single_family,NA,2500000.0,2260.0,2.0,3.0,3.0,2.0,2.0,2.0,1935.0
townhomes,townhouse,716999.0,1096.0,1.0,3.0,2.0,2.0,2.0,2.0,1973.0
single_family,NA,2100000.0,1945.0,2.0,4.0,3.0,3.0,3.0,2.0,1957.0
single_family,NA,700000.0,2118.0,1.0,5.0,3.0,3.0,3.0,2.0,2023.0
single_family,NA,388888.0,1035.0,1.0,3.0,1.0,1.0,1.0,1.0,1949.0
single_family,NA,625000.0,1930.0,1.0,3.0,2.0,2.0,2.0,2.0,1961.0
single_family,NA,359000.0,1405.0,1.0,2.0,2.0,2.0,2.0,2.0,1968.0
single_family,NA,1165000.0,3160.0,1.0,4.0,4.0,4.0,4.0,2.0,2021.0
condos,condo,749000.0,1030.0,1.0,2.0,2.0,2.0,2.0,2.0,1990.0
single_family,NA,390000.0,1008.0,1.0,3.0,2.0,1.0,1.0,2.0,1960.0
single_family,NA,1449000.0,2418.0,4.0,4.0,5.0,4.0,4.0,2.0,2024.0
single_family,NA,825000.0,1644.0,1.0,3.0,2.0,2.0,2.0,2.0,1953.0
single_family,NA,1225000.0,2723.0,2.0,4.0,3.0,3.0,3.0,3.0,2003.0
single_family,NA,428999.0,1609.0,1.0,3.0,2.0,2.0,2.0,2.0,1978.0
single_family,NA,539900.0,1636.0,1.0,4.0,2.0,2.0,2.0,2.0,1985.0
single_family,NA,455000.0,923.0,1.0,2.0,1.0,1.0,1.0,4.0,1922.0
condos,condo,915000.0,1062.0,1.0,2.0,2.0,2.0,2.0,2.0,1989.0
single_family,NA,549000.0,1645.0,1.0,2.0,2.0,2.0,2.0,2.0,2014.0
condos,condo,499000.0,525.0,2.0,1.0,1.0,1.0,1.0,0.0,1923.0
single_family,NA,934358.0,3141.0,1.0,4.0,3.0,3.0,3.0,2.0,2025.0
townhomes,townhouse,1150000.0,2177.0,2.0,4.0,3.0,3.0,3.0,2.0,2022.0
land,NA,975000.0,0.0,0.0,0.0,0.0,0.0,0.0,0.0,0.0
single_family,NA,3795000.0,5156.0,2.0,4.0,5.0,4.0,4.0,4.0,1996.0
single_family,NA,4450000.0,2496.0,2.0,5.0,4.0,4.0,4.0,2.0,2026.0
single_family,NA,559900.0,1981.0,2.0,3.0,3.0,2.0,2.0,2.0,2007.0
single_family,NA,1100756.0,3100.0,1.0,4.0,4.0,3.0,3.0,3.0,2025.0
single_family,NA,525000.0,1815.0,2.0,3.0,3.0,2.0,2.0,2.0,2025.0
condos,condo,495000.0,864.0,1.0,1.0,1.0,1.0,1.0,2.0,1987.0
single_family,NA,560000.0,1602.0,1.0,3.0,2.0,2.0,2.0,2.0,1987.0
single_family,NA,399990.0,1230.0,1.0,3.0,2.0,2.0,2.0,2.0,2025.0
single_family,NA,560000.0,2742.0,2.0,4.0,3.0,3.0,3.0,2.0,1989.0
single_family,NA,499950.0,1495.0,2.0,3.0,3.0,2.0,2.0,2.0,2010.0
condos,condo,525000.0,649.0,3.0,1.0,1.0,1.0,1.0,1.0,1971.0
single_family,NA,1895000.0,2155.0,1.0,3.0,3.0,0.0,2.0,2.0,1955.0
single_family,NA,1100000.0,1725.0,1.0,3.0,3.0,1.0,3.0,0.0,1947.0
single_family,NA,1975000.0,3346.0,1.0,4.0,3.0,3.0,3.0,3.0,1985.0
single_family,NA,848000.0,1219.0,1.0,3.0,2.0,2.0,2.0,2.0,1955.0
single_family,NA,377000.0,1214.0,1.0,3.0,2.0,2.0,2.0,1.0,1962.0
single_family,NA,409900.0,1058.0,1.0,3.0,2.0,2.0,2.0,2.0,1995.0
condos,condo,564999.0,1085.0,1.0,2.0,2.0,2.0,2.0,2.0,1987.0
single_family,NA,848419.0,2992.0,2.0,4.0,3.0,3.0,3.0,3.0,2025.0
single_family,NA,1450000.0,1414.0,1.0,3.0,2.0,2.0,2.0,0.0,1931.0
single_family,NA,460000.0,1074.0,1.0,3.0,1.0,1.0,1.0,2.0,1952.0
single_family,NA,1795000.0,2359.0,2.0,3.0,3.0,2.0,2.0,2.0,1977.0
condos,condo,799000.0,1632.0,3.0,3.0,3.0,3.0,3.0,2.0,1993.0
single_family,NA,461700.0,1246.0,1.0,4.0,3.0,3.0,3.0,2.0,1988.0
condos,condo,655000.0,1252.0,1.0,3.0,2.0,2.0,2.0,2.0,1978.0
single_family,NA,860000.0,2742.0,2.0,5.0,3.0,3.0,3.0,2.0,2021.0
multi_family,NA,329000.0,750.0,1.0,2.0,1.0,1.0,1.0,0.0,1962.0
single_family,NA,860000.0,2742.0,2.0,5.0,3.0,3.0,3.0,2.0,2021.0
mobile,NA,159000.0,1920.0,1.0,2.0,2.0,2.0,2.0,0.0,1988.0
single_family,NA,1300000.0,1598.0,1.0,3.0,2.0,2.0,2.0,2.0,1958.0
single_family,NA,949500.0,1970.0,1.0,4.0,2.0,2.0,2.0,2.0,1966.0
single_family,NA,420000.0,1315.0,1.0,2.0,2.0,2.0,2.0,2.0,1973.0
single_family,NA,485000.0,2628.0,1.0,5.0,3.0,2.0,2.0,2.0,2007.0
single_family,NA,1450000.0,3973.0,2.0,4.0,5.0,4.0,4.0,2.0,2006.0
single_family,NA,649900.0,1076.0,1.0,3.0,1.0,1.0,1.0,2.0,1948.0
single_family,NA,645900.0,2818.0,2.0,4.0,3.0,3.0,3.0,3.0,2010.0
single_family,NA,2398000.0,1820.0,1.0,3.0,2.0,2.0,2.0,2.0,1956.0
single_family,NA,649000.0,1069.0,1.0,3.0,1.0,1.0,1.0,2.0,1940.0
single_family,NA,2000000.0,2975.0,2.0,3.0,3.0,1.0,3.0,2.0,1964.0
land,NA,15000.0,7160.0,0.0,0.0,0.0,0.0,0.0,0.0,0.0
single_family,NA,769000.0,1323.0,1.0,3.0,2.0,2.0,2.0,2.0,1974.0
single_family,NA,398000.0,1849.0,2.0,2.0,3.0,2.0,2.0,2.0,1992.0
condos,condo,678000.0,1127.0,2.0,3.0,2.0,1.0,1.0,2.0,1981.0
single_family,NA,589000.0,2030.0,1.0,3.0,2.0,2.0,2.0,2.0,1978.0
single_family,NA,500000.0,1844.0,1.0,5.0,3.0,3.0,3.0,2.0,1937.0
single_family,NA,1190000.0,1635.0,1.0,3.0,2.0,2.0,2.0,2.0,1962.0
single_family,NA,1750000.0,2017.0,1.0,3.0,3.0,0.0,3.0,2.0,1966.0
single_family,NA,489988.0,1709.0,1.0,3.0,2.0,2.0,2.0,2.0,2000.0
single_family,NA,689000.0,2192.0,2.0,3.0,3.0,2.0,2.0,2.0,1992.0
townhomes,townhouse,820000.0,1348.0,2.0,2.0,3.0,2.0,2.0,2.0,1984.0
land,NA,135000.0,0.0,0.0,0.0,0.0,0.0,0.0,0.0,0.0
condos,condo,249900.0,944.0,2.0,2.0,1.0,1.0,1.0,1.0,1980.0
single_family,NA,2050000.0,3080.0,1.0,4.0,3.0,3.0,3.0,0.0,1951.0
single_family,NA,1450000.0,2397.0,1.0,4.0,3.0,2.0,3.0,2.0,1962.0
single_family,NA,539900.0,2528.0,2.0,4.0,3.0,2.0,2.0,2.0,2022.0
land,NA,38500.0,0.0,0.0,0.0,0.0,0.0,0.0,0.0,0.0
condos,condo,650000.0,2181.0,1.0,2.0,3.0,2.0,2.0,2.0,1979.0
single_family,NA,539000.0,2021.0,2.0,3.0,3.0,1.0,2.0,2.0,2019.0
condos,condo,1625000.0,1258.0,2.0,1.0,2.0,1.0,1.0,2.0,1965.0
land,NA,29000.0,0.0,0.0,0.0,0.0,0.0,0.0,0.0,0.0
townhomes,townhouse,2995000.0,1954.0,3.0,3.0,4.0,2.0,3.0,2.0,1984.0
single_family,NA,1439998.0,1626.0,1.0,3.0,3.0,3.0,3.0,2.0,1959.0
single_family,NA,485000.0,1207.0,1.0,3.0,1.0,1.0,1.0,2.0,1952.0
single_family,NA,350000.0,1320.0,1.0,3.0,2.0,2.0,2.0,2.0,1981.0
single_family,NA,360000.0,1423.0,1.0,3.0,2.0,2.0,2.0,1.0,1946.0
single_family,NA,2150000.0,3401.0,2.0,4.0,4.0,3.0,3.0,3.0,2002.0
single_family,NA,3899000.0,4943.0,2.0,6.0,7.0,6.0,6.0,2.0,2025.0
single_family,NA,750000.0,881.0,1.0,3.0,2.0,2.0,2.0,0.0,1953.0
condos,condo,799000.0,1455.0,2.0,2.0,2.0,2.0,2.0,2.0,1980.0
single_family,NA,3895000.0,4032.0,1.0,4.0,5.0,4.0,4.0,4.0,2019.0
single_family,NA,389000.0,1850.0,1.0,3.0,2.0,2.0,2.0,2.0,1975.0
townhomes,townhouse,699000.0,1695.0,2.0,3.0,3.0,2.0,2.0,2.0,1974.0
single_family,NA,540000.0,1418.0,1.0,2.0,2.0,2.0,2.0,2.0,2003.0
single_family,NA,979900.0,4622.0,2.0,5.0,4.0,4.0,4.0,2.0,2018.0
single_family,NA,434900.0,1293.0,1.0,3.0,2.0,2.0,2.0,2.0,1980.0
single_family,NA,456257.0,2392.0,2.0,4.0,4.0,3.0,3.0,2.0,2025.0
condos,condo,825000.0,1222.0,3.0,2.0,2.0,1.0,2.0,2.0,1973.0
single_family,NA,1128000.0,1966.0,1.0,4.0,2.0,2.0,2.0,1.0,1950.0
single_family,NA,559990.0,1502.0,1.0,3.0,2.0,2.0,2.0,2.0,2025.0
single_family,NA,1499999.0,1186.0,1.0,3.0,2.0,2.0,2.0,2.0,1943.0
condos,condo,575000.0,920.0,1.0,2.0,1.0,1.0,1.0,2.0,1973.0
townhomes,townhouse,899900.0,1910.0,3.0,4.0,4.0,3.0,3.0,2.0,2024.0
single_family,NA,1549000.0,1900.0,1.0,2.0,2.0,2.0,2.0,2.0,1956.0
single_family,NA,449000.0,1787.0,2.0,3.0,3.0,2.0,2.0,2.0,2026.0
condos,condo,625000.0,1165.0,1.0,3.0,2.0,2.0,2.0,0.0,1982.0
land,NA,65000.0,0.0,0.0,0.0,0.0,0.0,0.0,0.0,0.0
single_family,NA,290000.0,1510.0,1.0,2.0,2.0,2.0,2.0,2.0,1985.0
single_family,NA,929800.0,1672.0,2.0,3.0,3.0,2.0,2.0,2.0,1996.0
single_family,NA,1818000.0,3179.0,3.0,4.0,4.0,4.0,4.0,2.0,2018.0
single_family,NA,4595000.0,1702.0,1.0,3.0,2.0,2.0,2.0,2.0,1947.0
single_family,NA,1095000.0,2016.0,2.0,5.0,3.0,3.0,3.0,3.0,1923.0
single_family,NA,865000.0,1440.0,1.0,4.0,2.0,2.0,2.0,2.0,1963.0
single_family,NA,485000.0,1592.0,1.0,3.0,2.0,2.0,2.0,2.0,1985.0
single_family,NA,529900.0,1967.0,1.0,5.0,3.0,3.0,3.0,2.0,1979.0
single_family,NA,1299999.0,3798.0,1.0,3.0,3.0,2.0,2.0,3.0,1988.0
single_family,NA,315000.0,1069.0,1.0,2.0,1.0,1.0,1.0,1.0,1937.0
single_family,NA,659000.0,1887.0,1.0,3.0,3.0,3.0,3.0,3.0,2020.0
mobile,NA,345000.0,1232.0,1.0,3.0,2.0,2.0,2.0,0.0,2003.0
single_family,NA,1750000.0,5670.0,2.0,5.0,5.0,4.0,4.0,6.0,1993.0
single_family,NA,2695000.0,3744.0,1.0,4.0,3.0,3.0,3.0,3.0,1990.0
single_family,NA,850000.0,3500.0,2.0,6.0,3.0,2.0,2.0,2.0,1890.0
single_family,NA,639000.0,1855.0,1.0,4.0,2.0,2.0,2.0,2.0,1998.0
land,NA,130000.0,0.0,0.0,0.0,0.0,0.0,0.0,0.0,0.0
single_family,NA,635000.0,1315.0,1.0,4.0,2.0,2.0,2.0,2.0,1963.0
single_family,NA,3795000.0,4458.0,2.0,3.0,5.0,4.0,4.0,3.0,2000.0
single_family,NA,435000.0,1807.0,1.0,3.0,2.0,2.0,2.0,0.0,1935.0
single_family,NA,3995000.0,5200.0,2.0,5.0,6.0,6.0,6.0,2.0,2025.0
condos,condo,1149000.0,1522.0,2.0,3.0,3.0,2.0,2.0,2.0,1988.0
single_family,NA,595000.0,1356.0,1.0,4.0,2.0,2.0,2.0,1.0,1959.0
single_family,NA,1450000.0,3044.0,2.0,4.0,4.0,3.0,3.0,3.0,1989.0
single_family,NA,733636.0,2462.0,1.0,4.0,4.0,3.0,3.0,2.0,2026.0
single_family,NA,798000.0,1997.0,2.0,4.0,3.0,3.0,3.0,3.0,1997.0
single_family,NA,919900.0,1400.0,2.0,2.0,2.0,2.0,2.0,2.0,1953.0
single_family,NA,695000.0,1420.0,1.0,3.0,2.0,2.0,2.0,2.0,1950.0
single_family,NA,746978.0,3202.0,2.0,5.0,3.0,3.0,3.0,0.0,2025.0
single_family,NA,1899000.0,2384.0,2.0,5.0,3.0,3.0,3.0,2.0,1969.0
single_family,NA,15249000.0,6847.0,3.0,6.0,9.0,9.0,9.0,0.0,2019.0
single_family,NA,475000.0,1292.0,1.0,4.0,2.0,2.0,2.0,2.0,1972.0
single_family,NA,2399000.0,2600.0,2.0,4.0,4.0,4.0,4.0,2.0,1989.0
condos,condo,668000.0,1232.0,2.0,3.0,2.0,2.0,2.0,0.0,1972.0
single_family,NA,998000.0,1040.0,1.0,3.0,1.0,1.0,1.0,2.0,1954.0
single_family,NA,799000.0,1238.0,1.0,3.0,2.0,2.0,2.0,2.0,1965.0
single_family,NA,1190000.0,2054.0,1.0,4.0,2.0,2.0,2.0,2.0,1972.0
single_family,NA,1029000.0,2140.0,2.0,4.0,3.0,2.0,2.0,0.0,1990.0
single_family,NA,1575000.0,2107.0,1.0,4.0,2.0,2.0,2.0,2.0,1963.0
single_family,NA,359000.0,1114.0,1.0,3.0,1.0,1.0,1.0,2.0,1955.0
single_family,NA,399999.0,1142.0,1.0,2.0,2.0,1.0,2.0,2.0,1980.0
single_family,NA,690000.0,1446.0,1.0,4.0,2.0,2.0,2.0,2.0,1947.0
townhomes,townhouse,564900.0,1440.0,2.0,2.0,3.0,3.0,3.0,1.0,2005.0
single_family,NA,875000.0,1263.0,1.0,3.0,2.0,2.0,2.0,2.0,1977.0
single_family,NA,1579000.0,1720.0,1.0,3.0,3.0,3.0,3.0,0.0,1981.0
condos,condo,485000.0,883.0,1.0,2.0,2.0,2.0,2.0,0.0,1994.0
condos,condo,1658899.0,2435.0,2.0,4.0,3.0,3.0,3.0,2.0,1986.0
single_family,NA,539000.0,1612.0,1.0,3.0,2.0,2.0,2.0,2.0,1959.0
single_family,NA,974900.0,1676.0,1.0,4.0,2.0,2.0,2.0,2.0,1973.0
condos,condo,557000.0,1116.0,2.0,2.0,2.0,2.0,2.0,1.0,2020.0
single_family,NA,7950000.0,3741.0,3.0,4.0,6.0,5.0,5.0,2.0,1956.0
single_family,NA,895000.0,2116.0,2.0,4.0,3.0,3.0,3.0,3.0,1998.0
condos,condo,575000.0,906.0,2.0,2.0,2.0,2.0,2.0,1.0,1989.0
condos,condo,566930.0,1937.0,2.0,4.0,3.0,3.0,3.0,2.0,2026.0
single_family,NA,595000.0,1512.0,1.0,4.0,2.0,2.0,2.0,2.0,1992.0
mobile,NA,12000.0,432.0,1.0,1.0,1.0,1.0,1.0,0.0,1987.0
single_family,NA,995000.0,1040.0,1.0,3.0,1.0,1.0,1.0,2.0,1960.0
single_family,NA,1649000.0,2510.0,2.0,4.0,5.0,4.0,4.0,2.0,2021.0
single_family,NA,1749000.0,2600.0,3.0,3.0,3.0,1.0,2.0,2.0,1965.0
single_family,NA,525000.0,1393.0,1.0,3.0,2.0,2.0,2.0,2.0,1978.0
multi_family,NA,1795000.0,3381.0,2.0,6.0,4.0,4.0,4.0,2.0,1925.0
condos,condo,450000.0,1831.0,1.0,2.0,2.0,2.0,2.0,2.0,1972.0
single_family,NA,800000.0,2154.0,1.0,4.0,2.0,2.0,2.0,3.0,1989.0
single_family,NA,389000.0,1344.0,1.0,3.0,2.0,2.0,2.0,2.0,1976.0
single_family,NA,849000.0,2828.0,2.0,5.0,3.0,3.0,3.0,0.0,1921.0
single_family,NA,600000.0,1152.0,1.0,2.0,1.0,1.0,1.0,0.0,1938.0
single_family,NA,2399000.0,2359.0,1.0,4.0,4.0,4.0,4.0,2.0,1928.0
condos,condo,239000.0,924.0,2.0,2.0,1.0,1.0,1.0,0.0,1969.0
single_family,NA,695000.0,1178.0,1.0,3.0,1.0,1.0,1.0,0.0,1949.0
single_family,NA,2250000.0,2049.0,2.0,4.0,2.0,2.0,2.0,2.0,1938.0
single_family,NA,1088000.0,1683.0,1.0,4.0,3.0,2.0,2.0,2.0,1960.0
single_family,NA,725000.0,1004.0,1.0,3.0,1.0,1.0,1.0,2.0,1945.0
single_family,NA,500000.0,563.0,3.0,1.0,1.0,1.0,1.0,0.0,1928.0
single_family,NA,1835000.0,2005.0,2.0,2.0,3.0,3.0,3.0,2.0,2016.0
single_family,NA,1495000.0,4203.0,2.0,5.0,4.0,3.0,3.0,3.0,1989.0
single_family,NA,599000.0,935.0,1.0,2.0,1.0,1.0,1.0,1.0,1929.0
single_family,NA,349000.0,1872.0,1.0,4.0,2.0,2.0,2.0,2.0,1956.0
single_family,NA,469000.0,1389.0,1.0,3.0,2.0,2.0,2.0,2.0,1999.0
mobile,NA,260000.0,1640.0,1.0,2.0,2.0,2.0,2.0,0.0,1977.0
condos,condo,520000.0,742.0,2.0,1.0,1.0,1.0,1.0,1.0,1958.0
single_family,NA,200000.0,1071.0,1.0,3.0,1.0,1.0,1.0,0.0,1953.0
single_family,NA,1349000.0,2744.0,1.0,6.0,4.0,4.0,4.0,0.0,2025.0
single_family,NA,457950.0,1409.0,1.0,3.0,2.0,2.0,2.0,2.0,1996.0
single_family,NA,939900.0,3038.0,1.0,3.0,3.0,2.0,2.0,3.0,1989.0
single_family,NA,235000.0,1000.0,1.0,2.0,1.0,1.0,1.0,0.0,1978.0
single_family,NA,445000.0,2653.0,2.0,4.0,3.0,3.0,3.0,2.0,2018.0
townhomes,townhouse,527131.0,1584.0,2.0,3.0,3.0,2.0,2.0,2.0,2025.0
condos,condo,659000.0,1106.0,2.0,2.0,2.0,2.0,2.0,2.0,1996.0
single_family,NA,607922.0,1840.0,1.0,4.0,3.0,3.0,3.0,2.0,2025.0
single_family,NA,409990.0,1336.0,1.0,2.0,2.0,1.0,1.0,2.0,1960.0
single_family,NA,899000.0,2483.0,2.0,3.0,3.0,3.0,3.0,2.0,1984.0
condos,condo,495000.0,1079.0,2.0,2.0,2.0,1.0,1.0,1.0,1980.0
single_family,NA,1569000.0,2016.0,1.0,4.0,2.0,1.0,2.0,2.0,1969.0
single_family,NA,880000.0,2106.0,2.0,3.0,3.0,2.0,2.0,2.0,2019.0
land,NA,7000.0,0.0,0.0,0.0,0.0,0.0,0.0,0.0,0.0
single_family,NA,998000.0,2597.0,1.0,4.0,3.0,3.0,3.0,2.0,1972.0
single_family,NA,499999.0,1121.0,1.0,4.0,2.0,2.0,2.0,1.0,1956.0
single_family,NA,549999.0,1425.0,1.0,3.0,2.0,2.0,2.0,2.0,1983.0
single_family,NA,2750000.0,6675.0,1.0,5.0,6.0,6.0,6.0,3.0,1990.0
mobile,NA,92900.0,1152.0,1.0,2.0,2.0,2.0,2.0,0.0,1975.0
mobile,NA,549900.0,1536.0,1.0,2.0,2.0,2.0,2.0,0.0,1979.0
single_family,NA,464900.0,1270.0,1.0,3.0,2.0,2.0,2.0,1.0,2003.0
single_family,NA,849900.0,2842.0,2.0,4.0,4.0,3.0,3.0,2.0,2025.0
multi_family,NA,1290000.0,2454.0,2.0,4.0,2.0,2.0,2.0,2.0,1929.0
single_family,NA,1200000.0,2051.0,2.0,3.0,3.0,2.0,2.0,3.0,1979.0
condos,condo,538000.0,957.0,3.0,2.0,2.0,2.0,2.0,2.0,1987.0
single_family,NA,668000.0,1074.0,1.0,3.0,2.0,2.0,2.0,0.0,1956.0
single_family,NA,1175000.0,2343.0,1.0,4.0,2.0,2.0,2.0,2.0,1976.0
single_family,NA,365000.0,1040.0,1.0,3.0,2.0,2.0,2.0,2.0,1985.0
condos,condo,649000.0,762.0,4.0,1.0,2.0,2.0,2.0,0.0,1906.0
single_family,NA,699000.0,1256.0,1.0,3.0,2.0,2.0,2.0,0.0,1951.0
condos,condo,1180000.0,1645.0,3.0,4.0,4.0,4.0,4.0,2.0,2021.0
single_family,NA,1429000.0,1709.0,2.0,4.0,3.0,3.0,3.0,2.0,2016.0
condos,condo,1390000.0,1778.0,2.0,3.0,4.0,3.0,3.0,2.0,2017.0
townhomes,townhouse,599000.0,1108.0,2.0,2.0,2.0,2.0,2.0,1.0,1988.0
townhomes,townhouse,640000.0,1616.0,2.0,4.0,3.0,2.0,2.0,2.0,2007.0
condos,condo,789000.0,1110.0,1.0,2.0,2.0,2.0,2.0,1.0,1973.0
condos,condo,592500.0,1485.0,2.0,3.0,3.0,2.0,2.0,2.0,2022.0
single_family,NA,679000.0,2488.0,2.0,3.0,3.0,2.0,2.0,3.0,1990.0
single_family,NA,275000.0,1200.0,2.0,2.0,2.0,1.0,2.0,0.0,1973.0
single_family,NA,519900.0,1238.0,1.0,3.0,2.0,2.0,2.0,2.0,2025.0
single_family,NA,295000.0,832.0,1.0,2.0,1.0,1.0,1.0,1.0,1946.0
single_family,NA,599990.0,1302.0,1.0,4.0,2.0,2.0,2.0,2.0,1977.0
single_family,NA,414900.0,1264.0,1.0,3.0,2.0,2.0,2.0,2.0,1964.0
single_family,NA,729900.0,2123.0,1.0,4.0,2.0,2.0,2.0,2.0,2024.0
single_family,NA,495000.0,1632.0,1.0,3.0,2.0,2.0,2.0,2.0,1986.0
single_family,NA,499000.0,1944.0,1.0,3.0,2.0,2.0,2.0,2.0,1983.0
townhomes,townhouse,845000.0,1416.0,1.0,2.0,2.0,2.0,2.0,3.0,1978.0
single_family,NA,799000.0,1842.0,2.0,4.0,2.0,2.0,2.0,2.0,1975.0
condos,condo,495000.0,1097.0,2.0,2.0,2.0,1.0,1.0,0.0,1982.0
single_family,NA,1199000.0,1621.0,1.0,3.0,3.0,3.0,3.0,2.0,1951.0
single_family,NA,999000.0,1988.0,2.0,4.0,3.0,3.0,3.0,2.0,1964.0
single_family,NA,680000.0,2475.0,2.0,4.0,3.0,2.0,2.0,2.0,2010.0
condos,condo,519500.0,1450.0,2.0,3.0,3.0,2.0,2.0,2.0,1980.0
single_family,NA,769000.0,2194.0,1.0,3.0,3.0,2.0,2.0,3.0,1975.0
single_family,NA,839900.0,3033.0,2.0,4.0,4.0,3.0,3.0,2.0,2017.0
single_family,NA,460000.0,1951.0,2.0,4.0,3.0,2.0,2.0,3.0,1993.0
single_family,NA,739000.0,2698.0,1.0,4.0,3.0,3.0,3.0,3.0,2020.0
single_family,NA,799000.0,2072.0,2.0,4.0,3.0,2.0,2.0,2.0,1977.0
single_family,NA,285000.0,1454.0,1.0,2.0,2.0,2.0,2.0,2.0,1915.0
condos,condo,4390000.0,1947.0,1.0,2.0,2.0,2.0,2.0,1.0,1960.0
single_family,NA,2900000.0,4808.0,2.0,5.0,5.0,5.0,5.0,2.0,2009.0
single_family,NA,399900.0,1804.0,1.0,4.0,2.0,2.0,2.0,2.0,1989.0
single_family,NA,999000.0,1530.0,1.0,3.0,2.0,1.0,2.0,2.0,1957.0
single_family,NA,749950.0,1630.0,1.0,3.0,3.0,3.0,3.0,0.0,1949.0
single_family,NA,1050000.0,2619.0,1.0,4.0,3.0,2.0,2.0,3.0,1987.0
single_family,NA,799000.0,1359.0,2.0,3.0,2.0,1.0,1.0,2.0,1962.0
single_family,NA,428900.0,1893.0,1.0,4.0,3.0,3.0,3.0,1.0,2007.0
single_family,NA,434900.0,1016.0,1.0,3.0,2.0,2.0,2.0,2.0,1995.0
single_family,NA,1175000.0,1920.0,1.0,3.0,2.0,2.0,2.0,1.0,1918.0
single_family,NA,399999.0,1479.0,1.0,4.0,2.0,2.0,2.0,1.0,1955.0
single_family,NA,345345.0,1256.0,1.0,3.0,1.0,1.0,1.0,0.0,1954.0
single_family,NA,559900.0,1429.0,1.0,3.0,2.0,2.0,2.0,2.0,2017.0
single_family,NA,2300000.0,2536.0,2.0,5.0,3.0,3.0,3.0,2.0,2014.0
multi_family,NA,749000.0,1565.0,1.0,3.0,2.0,2.0,2.0,2.0,1913.0
single_family,NA,799000.0,1328.0,1.0,4.0,2.0,2.0,2.0,2.0,1977.0
single_family,NA,899900.0,1699.0,2.0,3.0,2.0,2.0,2.0,2.0,1979.0
multi_family,NA,2498000.0,3131.0,1.0,4.0,4.0,4.0,4.0,2.0,1957.0
condos,condo,324900.0,1221.0,2.0,3.0,3.0,2.0,2.0,2.0,1980.0
single_family,NA,599999.0,2435.0,2.0,4.0,3.0,3.0,3.0,3.0,2006.0
townhomes,townhouse,350000.0,2183.0,2.0,3.0,3.0,2.0,2.0,2.0,1990.0
single_family,NA,749950.0,1788.0,2.0,4.0,2.0,2.0,2.0,2.0,1907.0
single_family,NA,298000.0,952.0,1.0,2.0,1.0,1.0,1.0,2.0,1973.0
single_family,NA,599900.0,1603.0,1.0,3.0,2.0,2.0,2.0,2.0,2018.0
single_family,NA,2300000.0,1075.0,1.0,3.0,1.0,1.0,1.0,2.0,1952.0
townhomes,townhouse,710000.0,1044.0,2.0,3.0,2.0,2.0,2.0,2.0,2002.0
single_family,NA,1795000.0,2045.0,2.0,4.0,3.0,2.0,2.0,2.0,1987.0
single_family,NA,669900.0,2529.0,2.0,4.0,3.0,3.0,3.0,3.0,1999.0
single_family,NA,830000.0,1118.0,1.0,3.0,1.0,1.0,1.0,2.0,1953.0
single_family,NA,485000.0,1333.0,1.0,3.0,1.0,1.0,1.0,1.0,1937.0
single_family,NA,634999.0,1054.0,1.0,2.0,2.0,2.0,2.0,1.0,1985.0
single_family,NA,435000.0,1104.0,1.0,3.0,2.0,1.0,1.0,2.0,1971.0
single_family,NA,768000.0,1428.0,1.0,4.0,2.0,1.0,2.0,2.0,1964.0
mobile,NA,175000.0,1056.0,1.0,3.0,2.0,2.0,2.0,0.0,1990.0
single_family,NA,660000.0,2498.0,2.0,4.0,3.0,3.0,3.0,2.0,2010.0
single_family,NA,1099900.0,2213.0,2.0,3.0,3.0,3.0,3.0,2.0,1980.0
single_family,NA,675000.0,1137.0,1.0,3.0,2.0,2.0,2.0,1.0,1940.0
single_family,NA,2375000.0,3378.0,3.0,3.0,4.0,3.0,3.0,2.0,1980.0
townhomes,townhouse,995000.0,1406.0,2.0,3.0,3.0,2.0,2.0,2.0,2002.0
single_family,NA,2749000.0,3743.0,2.0,4.0,4.0,3.0,3.0,2.0,1936.0
single_family,NA,958000.0,1176.0,1.0,3.0,1.0,1.0,1.0,2.0,1925.0
single_family,NA,1395000.0,1994.0,1.0,4.0,2.0,2.0,2.0,3.0,1997.0
single_family,NA,1895000.0,1502.0,1.0,4.0,2.0,2.0,2.0,0.0,1960.0
condos,condo,2200000.0,2026.0,1.0,3.0,3.0,2.0,2.0,2.0,2014.0
single_family,NA,439900.0,1870.0,1.0,4.0,2.0,2.0,2.0,2.0,2005.0
townhomes,townhouse,639000.0,1424.0,2.0,3.0,3.0,2.0,2.0,1.0,1975.0
single_family,NA,829000.0,1694.0,2.0,2.0,2.0,1.0,1.0,2.0,1973.0
condos,condo,605000.0,1269.0,2.0,3.0,2.0,2.0,2.0,2.0,1977.0
single_family,NA,2099000.0,2447.0,1.0,4.0,4.0,3.0,3.0,2.0,1955.0
single_family,NA,859995.0,1076.0,1.0,3.0,1.0,1.0,1.0,2.0,1950.0
single_family,NA,1350000.0,3995.0,1.0,5.0,3.0,3.0,3.0,3.0,1988.0
condos,condo,738000.0,1415.0,3.0,1.0,2.0,1.0,1.0,0.0,2006.0
single_family,NA,889000.0,2072.0,1.0,4.0,2.0,2.0,2.0,3.0,1973.0
single_family,NA,2688000.0,1872.0,2.0,4.0,3.0,2.0,2.0,2.0,1966.0
single_family,NA,1275000.0,1658.0,1.0,4.0,2.0,2.0,2.0,2.0,1952.0
single_family,NA,985000.0,1180.0,1.0,3.0,2.0,2.0,2.0,2.0,1979.0
single_family,NA,777000.0,1421.0,1.0,4.0,2.0,2.0,2.0,2.0,1970.0
single_family,NA,1888888.0,2517.0,1.0,4.0,2.0,1.0,2.0,2.0,1960.0
single_family,NA,1865000.0,2028.0,2.0,4.0,2.0,2.0,2.0,2.0,1984.0
condos,condo,508000.0,674.0,3.0,1.0,1.0,1.0,1.0,1.0,1973.0
single_family,NA,599999.0,3167.0,2.0,5.0,4.0,3.0,3.0,3.0,2007.0
single_family,NA,892000.0,1600.0,1.0,3.0,2.0,2.0,2.0,2.0,1981.0
condos,condo,895000.0,992.0,1.0,1.0,1.0,1.0,1.0,2.0,1966.0
single_family,NA,699900.0,1427.0,2.0,3.0,3.0,3.0,3.0,2.0,2019.0
single_family,NA,878800.0,1657.0,2.0,3.0,3.0,2.0,2.0,2.0,2014.0
single_family,NA,1050000.0,1736.0,1.0,3.0,2.0,1.0,1.0,2.0,1953.0
single_family,NA,1695000.0,2136.0,2.0,4.0,4.0,3.0,3.0,2.0,1999.0
single_family,NA,1695000.0,2319.0,2.0,5.0,3.0,2.0,2.0,2.0,1963.0
single_family,NA,480000.0,1886.0,2.0,3.0,3.0,2.0,2.0,2.0,1993.0
land,NA,87500.0,0.0,0.0,0.0,0.0,0.0,0.0,0.0,0.0
single_family,NA,1695000.0,3228.0,1.0,5.0,4.0,3.0,4.0,2.0,1965.0
single_family,NA,2495000.0,2541.0,1.0,4.0,4.0,4.0,4.0,0.0,1929.0
single_family,NA,1891500.0,2019.0,2.0,3.0,3.0,3.0,3.0,1.0,1925.0
single_family,NA,3800000.0,2258.0,2.0,3.0,4.0,3.0,3.0,0.0,1975.0
single_family,NA,3185000.0,0.0,2.0,3.0,3.0,3.0,3.0,0.0,1964.0
single_family,NA,433500.0,1820.0,1.0,3.0,2.0,2.0,2.0,3.0,2008.0
single_family,NA,1599000.0,1570.0,1.0,3.0,2.0,2.0,2.0,2.0,1970.0
single_family,NA,2150000.0,3612.0,1.0,4.0,4.0,3.0,3.0,3.0,2004.0
single_family,NA,1249000.0,1757.0,1.0,3.0,2.0,2.0,2.0,2.0,1975.0
single_family,NA,330000.0,1537.0,1.0,3.0,2.0,2.0,2.0,2.0,1977.0
single_family,NA,999000.0,1437.0,1.0,3.0,2.0,2.0,2.0,2.0,1954.0
single_family,NA,765000.0,1560.0,1.0,3.0,2.0,2.0,2.0,0.0,1998.0
single_family,NA,749900.0,2320.0,2.0,5.0,3.0,2.0,2.0,0.0,1987.0
single_family,NA,5488000.0,4986.0,2.0,5.0,6.0,5.0,5.0,4.0,1999.0
single_family,NA,698500.0,1350.0,1.0,2.0,3.0,2.0,2.0,0.0,2024.0
single_family,NA,1150000.0,936.0,1.0,2.0,1.0,1.0,1.0,1.0,1952.0
single_family,NA,1295000.0,2553.0,2.0,4.0,3.0,2.0,2.0,2.0,2018.0
single_family,NA,599000.0,2550.0,1.0,4.0,2.0,2.0,2.0,2.0,2002.0
single_family,NA,1025000.0,3666.0,2.0,5.0,3.0,3.0,3.0,4.0,2006.0
single_family,NA,1700000.0,1560.0,1.0,4.0,2.0,2.0,2.0,1.0,1940.0
single_family,NA,2750000.0,2441.0,2.0,4.0,3.0,3.0,3.0,2.0,1977.0
land,NA,825000.0,0.0,0.0,0.0,0.0,0.0,0.0,0.0,0.0
single_family,NA,1334000.0,2018.0,2.0,3.0,4.0,3.0,3.0,2.0,2019.0
single_family,NA,698000.0,1806.0,2.0,3.0,2.0,2.0,2.0,0.0,1939.0
single_family,NA,949900.0,2040.0,2.0,4.0,3.0,3.0,3.0,2.0,2023.0
single_family,NA,630000.0,1032.0,1.0,3.0,2.0,1.0,1.0,2.0,1961.0
townhomes,townhouse,699990.0,1250.0,3.0,2.0,3.0,2.0,2.0,2.0,2025.0
single_family,NA,1435000.0,3238.0,3.0,5.0,3.0,3.0,3.0,7.0,1978.0
condos,condo,899000.0,1342.0,2.0,3.0,3.0,2.0,2.0,2.0,1999.0
single_family,NA,619500.0,1402.0,1.0,3.0,2.0,2.0,2.0,4.0,1978.0
single_family,NA,299900.0,675.0,1.0,1.0,1.0,1.0,1.0,0.0,1946.0
single_family,NA,1780000.0,3054.0,1.0,4.0,3.0,2.0,2.0,2.0,1963.0
single_family,NA,645000.0,1395.0,1.0,3.0,2.0,2.0,2.0,0.0,1963.0
single_family,NA,3245000.0,2015.0,1.0,4.0,2.0,2.0,2.0,0.0,1950.0
single_family,NA,2150000.0,2405.0,1.0,4.0,3.0,2.0,2.0,0.0,1960.0
single_family,NA,1450000.0,2374.0,2.0,5.0,3.0,2.0,2.0,2.0,1963.0
single_family,NA,3950000.0,3631.0,2.0,4.0,3.0,3.0,3.0,2.0,1989.0
single_family,NA,799000.0,1115.0,2.0,2.0,2.0,1.0,1.0,0.0,1907.0
condos,condo,1299900.0,1544.0,1.0,2.0,2.0,2.0,2.0,2.0,2002.0
single_family,NA,1649000.0,2213.0,1.0,4.0,3.0,3.0,3.0,3.0,1975.0
single_family,NA,1200000.0,2354.0,1.0,4.0,3.0,2.0,2.0,2.0,1974.0
condos,condo,1595000.0,2135.0,2.0,3.0,3.0,2.0,2.0,2.0,2019.0
single_family,NA,830000.0,2000.0,1.0,3.0,2.0,2.0,2.0,2.0,2004.0
single_family,NA,599000.0,1236.0,1.0,3.0,2.0,2.0,2.0,2.0,1942.0
single_family,NA,329000.0,2392.0,2.0,4.0,3.0,3.0,3.0,0.0,2003.0
single_family,NA,1150000.0,2434.0,2.0,4.0,3.0,3.0,3.0,3.0,1999.0
single_family,NA,3000000.0,2191.0,2.0,4.0,3.0,2.0,2.0,2.0,2002.0
condos,condo,1150000.0,1588.0,1.0,3.0,2.0,2.0,2.0,0.0,2023.0
single_family,NA,2299800.0,2007.0,1.0,4.0,2.0,2.0,2.0,2.0,1948.0
single_family,NA,675000.0,1709.0,1.0,3.0,2.0,2.0,2.0,2.0,1968.0
single_family,NA,1795000.0,2732.0,2.0,5.0,3.0,2.0,2.0,3.0,1983.0
single_family,NA,1199999.0,3700.0,2.0,5.0,4.0,4.0,4.0,5.0,2004.0
single_family,NA,474000.0,2000.0,1.0,4.0,2.0,2.0,2.0,0.0,1963.0
single_family,NA,3845000.0,5009.0,2.0,5.0,6.0,6.0,6.0,0.0,1960.0
condos,condo,639000.0,783.0,1.0,1.0,1.0,1.0,1.0,2.0,2003.0
single_family,NA,450000.0,1899.0,1.0,3.0,3.0,2.0,2.0,2.0,1959.0
single_family,NA,1299999.0,2248.0,2.0,4.0,3.0,3.0,3.0,2.0,1987.0
single_family,NA,849000.0,1722.0,1.0,3.0,2.0,2.0,2.0,2.0,1965.0
single_family,NA,477777.0,2192.0,1.0,4.0,2.0,2.0,2.0,0.0,1984.0
single_family,NA,1159000.0,2758.0,2.0,5.0,3.0,3.0,3.0,3.0,1994.0
single_family,NA,1399850.0,1769.0,1.0,4.0,3.0,3.0,3.0,1.0,1954.0
single_family,NA,2490000.0,3463.0,2.0,5.0,4.0,3.0,3.0,2.0,2017.0
condos,condo,589000.0,1049.0,1.0,2.0,2.0,2.0,2.0,1.0,1964.0
single_family,NA,1589000.0,1953.0,2.0,3.0,3.0,2.0,2.0,2.0,1949.0
condos,condo,605000.0,1806.0,1.0,3.0,2.0,2.0,2.0,3.0,1987.0
single_family,NA,394900.0,1900.0,2.0,4.0,2.0,1.0,2.0,2.0,1969.0
single_family,NA,1230000.0,1343.0,1.0,3.0,2.0,2.0,2.0,0.0,1957.0
single_family,NA,1185000.0,2416.0,2.0,4.0,3.0,3.0,3.0,0.0,2000.0
single_family,NA,439000.0,2207.0,1.0,3.0,3.0,2.0,2.0,0.0,1977.0
single_family,NA,370000.0,1964.0,2.0,3.0,3.0,2.0,2.0,0.0,1946.0
condos,condo,1395000.0,1389.0,2.0,1.0,2.0,1.0,1.0,0.0,1928.0
single_family,NA,2700000.0,2292.0,2.0,4.0,4.0,4.0,4.0,2.0,2005.0
single_family,NA,700000.0,1054.0,2.0,3.0,2.0,2.0,2.0,2.0,1951.0
single_family,NA,525000.0,2558.0,1.0,3.0,3.0,2.0,2.0,0.0,2004.0
single_family,NA,759000.0,1289.0,1.0,3.0,2.0,2.0,2.0,2.0,1958.0
townhomes,townhouse,999888.0,2126.0,3.0,4.0,4.0,3.0,3.0,2.0,2015.0
condos,condo,260000.0,1417.0,1.0,2.0,2.0,2.0,2.0,0.0,1968.0
single_family,NA,2139000.0,2687.0,1.0,4.0,3.0,3.0,3.0,3.0,2001.0
condos,condo,340000.0,489.0,1.0,1.0,1.0,1.0,1.0,1.0,1985.0
condos,condo,845000.0,2027.0,1.0,2.0,3.0,2.0,2.0,2.0,1996.0
single_family,NA,830000.0,2008.0,1.0,3.0,2.0,2.0,2.0,2.0,2020.0
single_family,NA,1099000.0,1986.0,2.0,3.0,3.0,2.0,2.0,3.0,1995.0
single_family,NA,3599000.0,3003.0,1.0,4.0,5.0,4.0,4.0,2.0,1951.0
single_family,NA,845000.0,1434.0,1.0,3.0,2.0,2.0,2.0,2.0,1956.0
condos,condo,600000.0,1210.0,2.0,3.0,2.0,2.0,2.0,1.0,1973.0
single_family,NA,1575000.0,1300.0,2.0,3.0,2.0,2.0,2.0,1.0,1925.0
single_family,NA,1425000.0,1767.0,1.0,4.0,2.0,2.0,2.0,0.0,1956.0
single_family,NA,729900.0,2519.0,2.0,4.0,3.0,3.0,3.0,3.0,1990.0
single_family,NA,1990000.0,1778.0,1.0,3.0,2.0,2.0,2.0,0.0,1957.0
condos,condo,528000.0,880.0,1.0,2.0,2.0,2.0,2.0,0.0,1985.0
single_family,NA,1098000.0,1084.0,1.0,3.0,2.0,2.0,2.0,1.0,1926.0
single_family,NA,699000.0,2896.0,2.0,5.0,3.0,3.0,3.0,2.0,2025.0
condos,condo,399995.0,1595.0,1.0,2.0,2.0,2.0,2.0,1.0,1981.0
single_family,NA,665000.0,2443.0,1.0,4.0,3.0,2.0,2.0,8.0,2003.0
single_family,NA,465000.0,2009.0,1.0,4.0,2.0,2.0,2.0,0.0,1988.0
single_family,NA,598000.0,2870.0,1.0,4.0,3.0,3.0,3.0,3.0,2006.0
single_family,NA,849000.0,2035.0,2.0,3.0,3.0,2.0,2.0,0.0,1979.0
single_family,NA,1295000.0,2464.0,2.0,4.0,3.0,3.0,3.0,0.0,1988.0
single_family,NA,1238000.0,1860.0,1.0,3.0,2.0,2.0,2.0,2.0,1956.0
condos,condo,1600000.0,1914.0,2.0,3.0,2.0,2.0,2.0,2.0,2018.0
single_family,NA,615000.0,2791.0,2.0,4.0,3.0,3.0,3.0,2.0,2007.0
single_family,NA,825000.0,2350.0,1.0,3.0,2.0,2.0,2.0,2.0,2023.0
single_family,NA,463500.0,1238.0,1.0,2.0,2.0,2.0,2.0,2.0,1978.0
townhomes,townhouse,1798888.0,2215.0,2.0,3.0,3.0,2.0,2.0,2.0,1987.0
single_family,NA,650000.0,2727.0,1.0,3.0,2.0,2.0,2.0,2.0,1986.0
single_family,NA,1999999.0,2726.0,2.0,4.0,3.0,2.0,2.0,3.0,1993.0
single_family,NA,2998000.0,2308.0,1.0,4.0,2.0,2.0,2.0,2.0,1968.0
single_family,NA,1595000.0,2410.0,1.0,4.0,3.0,2.0,2.0,0.0,1973.0
condos,condo,718888.0,865.0,1.0,1.0,1.0,1.0,1.0,1.0,2005.0
single_family,NA,929000.0,2318.0,1.0,3.0,3.0,2.0,2.0,3.0,1989.0
condos,condo,605000.0,1080.0,2.0,2.0,2.0,1.0,1.0,1.0,1974.0
single_family,NA,584990.0,1676.0,1.0,4.0,2.0,2.0,2.0,2.0,1979.0
townhomes,townhouse,919000.0,1342.0,2.0,3.0,3.0,2.0,2.0,1.0,1965.0
single_family,NA,1025000.0,2541.0,2.0,4.0,3.0,3.0,3.0,2.0,2024.0
single_family,NA,1000000.0,2832.0,2.0,4.0,3.0,3.0,3.0,3.0,2003.0
single_family,NA,3010000.0,3650.0,2.0,4.0,4.0,3.0,3.0,3.0,1995.0
single_family,NA,5695000.0,3856.0,2.0,4.0,6.0,4.0,4.0,2.0,2018.0
single_family,NA,2995000.0,2498.0,1.0,4.0,2.0,2.0,2.0,1.0,1965.0
single_family,NA,825000.0,1446.0,1.0,3.0,2.0,2.0,2.0,2.0,1990.0
single_family,NA,1400000.0,1490.0,1.0,3.0,2.0,1.0,1.0,1.0,1941.0
single_family,NA,699000.0,1815.0,1.0,4.0,2.0,2.0,2.0,0.0,2023.0
multi_family,NA,1300000.0,2400.0,1.0,8.0,4.0,4.0,4.0,0.0,1954.0
condos,condo,324999.0,1183.0,1.0,2.0,2.0,1.0,2.0,0.0,1980.0
single_family,NA,3198000.0,2665.0,1.0,5.0,3.0,3.0,3.0,2.0,1952.0
single_family,NA,788000.0,920.0,1.0,2.0,2.0,2.0,2.0,2.0,1941.0
single_family,NA,860000.0,1280.0,1.0,3.0,2.0,2.0,2.0,2.0,1972.0
single_family,NA,3895000.0,7313.0,2.0,7.0,9.0,8.0,8.0,0.0,2005.0
condos,condo,680000.0,1465.0,2.0,4.0,3.0,2.0,2.0,2.0,2015.0
single_family,NA,6250000.0,5868.0,1.0,5.0,6.0,5.0,5.0,4.0,2012.0
single_family,NA,1995000.0,0.0,2.0,3.0,2.0,2.0,2.0,0.0,1920.0
single_family,NA,995000.0,1115.0,1.0,2.0,1.0,1.0,1.0,1.0,1946.0
single_family,NA,575000.0,1874.0,1.0,4.0,2.0,2.0,2.0,0.0,1950.0
single_family,NA,650000.0,1541.0,1.0,2.0,2.0,1.0,2.0,0.0,1956.0
townhomes,townhouse,745000.0,1521.0,2.0,3.0,3.0,2.0,2.0,1.0,1975.0
single_family,NA,865000.0,1464.0,1.0,4.0,2.0,2.0,2.0,2.0,1973.0
single_family,NA,449900.0,1476.0,1.0,4.0,2.0,2.0,2.0,2.0,1990.0
townhomes,townhouse,925000.0,1387.0,2.0,3.0,3.0,2.0,2.0,2.0,1998.0
condos,condo,711000.0,1286.0,2.0,2.0,2.0,2.0,2.0,1.0,2022.0
single_family,NA,470000.0,1986.0,1.0,3.0,2.0,2.0,2.0,0.0,1990.0
condos,condo,619000.0,989.0,1.0,2.0,2.0,2.0,2.0,0.0,1985.0
single_family,NA,1489000.0,1731.0,1.0,3.0,2.0,2.0,2.0,2.0,1979.0
single_family,NA,1200000.0,1704.0,2.0,3.0,3.0,2.0,2.0,2.0,1965.0
single_family,NA,577000.0,2120.0,1.0,4.0,2.0,2.0,2.0,2.0,2003.0
single_family,NA,799000.0,2549.0,2.0,4.0,3.0,2.0,2.0,2.0,1978.0
land,NA,15000.0,0.0,0.0,0.0,0.0,0.0,0.0,0.0,0.0
single_family,NA,569000.0,2351.0,2.0,4.0,3.0,3.0,3.0,3.0,1990.0
single_family,NA,460000.0,2160.0,1.0,3.0,2.0,2.0,2.0,0.0,2005.0
single_family,NA,615000.0,1614.0,1.0,3.0,2.0,2.0,2.0,0.0,2020.0
single_family,NA,1099000.0,1913.0,1.0,3.0,2.0,2.0,2.0,2.0,1972.0
single_family,NA,430000.0,1043.0,1.0,2.0,2.0,2.0,2.0,0.0,1964.0
single_family,NA,405000.0,1160.0,1.0,2.0,2.0,1.0,2.0,2.0,2002.0
single_family,NA,807999.0,2689.0,2.0,4.0,4.0,3.0,3.0,2.0,2016.0
single_family,NA,355000.0,1281.0,1.0,3.0,2.0,2.0,2.0,0.0,2000.0
condos,condo,629500.0,713.0,1.0,1.0,1.0,1.0,1.0,0.0,1970.0
single_family,NA,374999.0,1746.0,1.0,3.0,2.0,2.0,2.0,2.0,1979.0
single_family,NA,525000.0,1419.0,1.0,3.0,2.0,2.0,2.0,2.0,2008.0
mobile,NA,269900.0,1296.0,1.0,2.0,2.0,2.0,2.0,1.0,1979.0
condos,condo,549000.0,1455.0,1.0,2.0,2.0,2.0,2.0,0.0,1973.0
single_family,NA,559000.0,1958.0,1.0,4.0,3.0,2.0,2.0,3.0,2021.0
condos,condo,499000.0,712.0,1.0,1.0,1.0,1.0,1.0,1.0,1992.0
single_family,NA,1179000.0,1908.0,1.0,4.0,2.0,2.0,2.0,2.0,1964.0
single_family,NA,285000.0,1281.0,1.0,3.0,2.0,2.0,2.0,0.0,1959.0
single_family,NA,1098000.0,1678.0,2.0,3.0,3.0,3.0,3.0,2.0,1986.0
single_family,NA,1288000.0,996.0,1.0,3.0,2.0,2.0,2.0,2.0,1986.0
single_family,NA,659000.0,2003.0,2.0,3.0,3.0,2.0,2.0,2.0,1992.0
single_family,NA,3249000.0,2490.0,2.0,3.0,3.0,2.0,2.0,2.0,1952.0
single_family,NA,325000.0,1493.0,1.0,4.0,3.0,3.0,3.0,0.0,1930.0
condos,condo,529900.0,912.0,1.0,2.0,2.0,2.0,2.0,0.0,1983.0
single_family,NA,2100000.0,1395.0,1.0,2.0,2.0,2.0,2.0,1.0,1958.0
townhomes,townhouse,850000.0,1461.0,2.0,4.0,3.0,3.0,3.0,2.0,1966.0
single_family,NA,579000.0,1952.0,2.0,4.0,3.0,2.0,2.0,0.0,1992.0
condos,condo,374000.0,840.0,1.0,1.0,1.0,1.0,1.0,1.0,2004.0
condos,condo,569900.0,956.0,3.0,2.0,2.0,1.0,1.0,1.0,1978.0
single_family,NA,995000.0,2062.0,1.0,3.0,2.0,2.0,2.0,0.0,1947.0
single_family,NA,4395000.0,1820.0,1.0,3.0,3.0,3.0,3.0,1.0,1954.0
condos,condo,425000.0,873.0,1.0,2.0,2.0,2.0,2.0,1.0,1983.0
single_family,NA,695000.0,830.0,1.0,2.0,1.0,1.0,1.0,2.0,1955.0
single_family,NA,369000.0,1212.0,2.0,3.0,2.0,2.0,2.0,0.0,2018.0
townhomes,townhouse,1328000.0,1788.0,3.0,3.0,4.0,3.0,3.0,2.0,2013.0
single_family,NA,389999.0,2464.0,2.0,3.0,3.0,3.0,3.0,2.0,2007.0
condos,condo,779000.0,1548.0,1.0,2.0,3.0,2.0,2.0,2.0,1983.0
multi_family,NA,379000.0,1772.0,1.0,4.0,2.0,2.0,2.0,0.0,1950.0
single_family,NA,549000.0,1852.0,1.0,3.0,2.0,2.0,2.0,2.0,1989.0
single_family,NA,799000.0,1256.0,1.0,3.0,2.0,2.0,2.0,0.0,1972.0
single_family,NA,255000.0,1188.0,1.0,3.0,2.0,2.0,2.0,0.0,1977.0
single_family,NA,1298000.0,1140.0,1.0,3.0,2.0,2.0,2.0,2.0,1959.0
single_family,NA,240000.0,1711.0,1.0,4.0,2.0,1.0,2.0,0.0,1960.0
single_family,NA,284900.0,1331.0,1.0,3.0,2.0,2.0,2.0,2.0,2005.0
single_family,NA,699000.0,1066.0,1.0,3.0,2.0,1.0,1.0,2.0,1960.0
single_family,NA,1095000.0,1858.0,2.0,3.0,3.0,2.0,2.0,2.0,1986.0
single_family,NA,305000.0,1719.0,1.0,4.0,2.0,2.0,2.0,2.0,2006.0
condo_townhome_rowhome_coop,townhouse,1495000.0,1118.0,1.0,1.0,2.0,2.0,2.0,2.0,1999.0
single_family,NA,427000.0,1780.0,1.0,3.0,2.0,2.0,2.0,0.0,1955.0
condos,condo,595000.0,1037.0,1.0,2.0,2.0,2.0,2.0,0.0,1977.0
multi_family,NA,1179000.0,2234.0,1.0,5.0,4.0,4.0,4.0,0.0,1956.0
mobile,NA,74500.0,1344.0,1.0,3.0,2.0,2.0,2.0,0.0,2013.0
condos,condo,597000.0,1071.0,1.0,2.0,2.0,2.0,2.0,1.0,1973.0
single_family,NA,430000.0,874.0,1.0,2.0,1.0,1.0,1.0,1.0,1938.0
single_family,NA,7250000.0,2724.0,2.0,4.0,3.0,3.0,3.0,2.0,1986.0
townhomes,townhouse,659900.0,1373.0,2.0,3.0,2.0,2.0,2.0,2.0,1980.0
condos,condo,640000.0,868.0,2.0,1.0,2.0,1.0,1.0,0.0,1971.0
single_family,NA,485900.0,0.0,1.0,4.0,2.0,2.0,2.0,0.0,2025.0
single_family,NA,425000.0,1351.0,1.0,3.0,2.0,2.0,2.0,2.0,1952.0
mobile,NA,160000.0,1440.0,1.0,2.0,2.0,2.0,2.0,2.0,1985.0
single_family,NA,1299000.0,3000.0,2.0,5.0,5.0,4.0,4.0,6.0,1980.0
land,NA,265000.0,0.0,0.0,0.0,0.0,0.0,0.0,0.0,0.0
condos,condo,642888.0,916.0,1.0,2.0,1.0,1.0,1.0,0.0,1973.0
single_family,NA,850000.0,1053.0,1.0,2.0,1.0,1.0,1.0,2.0,1949.0
single_family,NA,875000.0,1695.0,2.0,3.0,3.0,2.0,2.0,2.0,2016.0
single_family,NA,473900.0,1708.0,1.0,4.0,2.0,2.0,2.0,0.0,2025.0
single_family,NA,725000.0,1290.0,1.0,2.0,2.0,2.0,2.0,1.0,1964.0
multi_family,NA,1350000.0,2990.0,3.0,5.0,5.0,4.0,4.0,2.0,1950.0
land,NA,299000.0,0.0,0.0,0.0,0.0,0.0,0.0,0.0,0.0
single_family,NA,395000.0,1116.0,1.0,3.0,2.0,2.0,2.0,2.0,1954.0
single_family,NA,349900.0,1092.0,1.0,3.0,2.0,2.0,2.0,0.0,1956.0
single_family,NA,399000.0,2080.0,1.0,4.0,2.0,2.0,2.0,0.0,1975.0
single_family,NA,949000.0,1120.0,1.0,2.0,1.0,1.0,1.0,0.0,1950.0
single_family,NA,734995.0,1919.0,1.0,2.0,2.0,2.0,2.0,2.0,2025.0
single_family,NA,12800000.0,5685.0,3.0,5.0,8.0,6.0,6.0,2.0,2023.0
condos,condo,374999.0,843.0,1.0,2.0,1.0,1.0,1.0,0.0,1970.0
single_family,NA,5899000.0,10260.0,2.0,5.0,8.0,8.0,8.0,0.0,2019.0
condos,condo,1250000.0,1868.0,2.0,3.0,2.0,2.0,2.0,2.0,1968.0
single_family,NA,1399000.0,3002.0,2.0,4.0,2.0,2.0,2.0,0.0,1915.0
single_family,NA,985000.0,2088.0,2.0,5.0,3.0,2.0,2.0,2.0,1968.0
single_family,NA,430000.0,1470.0,1.0,4.0,2.0,2.0,2.0,2.0,1967.0
single_family,NA,499000.0,1821.0,1.0,4.0,2.0,2.0,2.0,2.0,1980.0
single_family,NA,260000.0,1104.0,1.0,3.0,2.0,1.0,1.0,1.0,1962.0
single_family,NA,416000.0,1642.0,1.0,3.0,2.0,2.0,2.0,2.0,2022.0
single_family,NA,669000.0,1056.0,2.0,2.0,2.0,2.0,2.0,2.0,1974.0
single_family,NA,715000.0,1653.0,2.0,4.0,2.0,2.0,2.0,1.0,1936.0
condos,condo,595000.0,900.0,1.0,2.0,2.0,2.0,2.0,0.0,1980.0
condos,condo,1439000.0,1163.0,3.0,2.0,2.0,2.0,2.0,1.0,1994.0
condos,condo,749900.0,972.0,1.0,2.0,2.0,2.0,2.0,1.0,1986.0
land,NA,500000.0,0.0,0.0,0.0,0.0,0.0,0.0,0.0,0.0
single_family,NA,2698000.0,1963.0,2.0,4.0,3.0,2.0,2.0,2.0,2013.0
land,NA,25000.0,0.0,0.0,0.0,0.0,0.0,0.0,0.0,0.0
multi_family,NA,500000.0,4260.0,2.0,10.0,5.0,5.0,5.0,0.0,1966.0
condos,condo,375000.0,955.0,1.0,2.0,2.0,2.0,2.0,1.0,1974.0
single_family,NA,510000.0,1221.0,1.0,3.0,2.0,2.0,2.0,0.0,1955.0
single_family,NA,7600000.0,4663.0,1.0,3.0,5.0,4.0,4.0,3.0,2000.0
single_family,NA,499000.0,1324.0,1.0,2.0,1.0,1.0,1.0,1.0,1934.0
single_family,NA,547990.0,2588.0,1.0,5.0,3.0,3.0,3.0,0.0,2025.0
single_family,NA,655000.0,1164.0,1.0,2.0,1.0,1.0,1.0,1.0,1925.0
land,NA,9000.0,0.0,0.0,0.0,0.0,0.0,0.0,0.0,0.0
single_family,NA,839000.0,2654.0,2.0,4.0,3.0,3.0,3.0,2.0,2025.0
land,NA,145000.0,0.0,0.0,0.0,0.0,0.0,0.0,0.0,0.0
single_family,NA,2888520.0,1610.0,1.0,4.0,2.0,2.0,2.0,2.0,1956.0
single_family,NA,725000.0,1338.0,1.0,3.0,2.0,2.0,2.0,2.0,1977.0
land,NA,25000.0,0.0,0.0,0.0,0.0,0.0,0.0,0.0,0.0
condos,condo,2995000.0,2527.0,1.0,3.0,4.0,3.0,3.0,3.0,1982.0
land,NA,240000.0,0.0,0.0,0.0,0.0,0.0,0.0,0.0,0.0
single_family,NA,850000.0,1383.0,1.0,3.0,1.0,1.0,1.0,1.0,1953.0
single_family,NA,369900.0,1661.0,1.0,4.0,2.0,2.0,2.0,0.0,1964.0
single_family,NA,3650000.0,2141.0,1.0,4.0,2.0,2.0,2.0,2.0,1955.0
single_family,NA,515000.0,2205.0,2.0,3.0,4.0,4.0,4.0,0.0,2019.0
condos,condo,888000.0,1109.0,2.0,2.0,3.0,2.0,2.0,1.0,2025.0
single_family,NA,446990.0,1892.0,2.0,4.0,3.0,2.0,2.0,0.0,2026.0
single_family,NA,525900.0,1708.0,1.0,4.0,2.0,2.0,2.0,0.0,2026.0
single_family,NA,799900.0,1949.0,2.0,4.0,3.0,3.0,3.0,2.0,2025.0
land,NA,499000.0,0.0,0.0,0.0,0.0,0.0,0.0,0.0,0.0
single_family,NA,259900.0,858.0,1.0,2.0,1.0,1.0,1.0,0.0,1950.0
condos,condo,599000.0,1240.0,2.0,2.0,2.0,1.0,1.0,0.0,1980.0
single_family,NA,229900.0,864.0,1.0,2.0,1.0,1.0,1.0,0.0,1935.0
single_family,NA,299000.0,1144.0,1.0,3.0,2.0,2.0,2.0,0.0,2000.0
single_family,NA,821287.0,2831.0,2.0,4.0,3.0,3.0,3.0,2.0,2025.0
single_family,NA,381360.0,1627.0,1.0,3.0,2.0,2.0,2.0,2.0,1989.0
single_family,NA,305000.0,1040.0,1.0,3.0,2.0,2.0,2.0,2.0,1961.0
mobile,NA,19900.0,700.0,1.0,2.0,1.0,1.0,1.0,0.0,1983.0
land,NA,25000.0,0.0,0.0,0.0,0.0,0.0,0.0,0.0,0.0
condos,condo,895000.0,1716.0,2.0,4.0,3.0,2.0,2.0,0.0,1965.0
single_family,NA,109000.0,1169.0,1.0,3.0,2.0,1.0,2.0,0.0,1942.0
single_family,NA,525000.0,1322.0,1.0,4.0,2.0,2.0,2.0,0.0,1970.0
single_family,NA,629500.0,2476.0,1.0,4.0,3.0,3.0,3.0,3.0,2005.0
condos,condo,425000.0,1033.0,2.0,2.0,3.0,2.0,2.0,0.0,1998.0
land,NA,185000.0,0.0,0.0,0.0,0.0,0.0,0.0,0.0,0.0
single_family,NA,1549888.0,1464.0,1.0,3.0,2.0,2.0,2.0,2.0,1962.0
single_family,NA,599000.0,1512.0,1.0,3.0,2.0,2.0,2.0,2.0,1960.0
single_family,NA,725000.0,1120.0,1.0,3.0,2.0,2.0,2.0,1.0,1964.0
land,NA,8400.0,0.0,0.0,0.0,0.0,0.0,0.0,0.0,0.0
single_family,NA,369000.0,1258.0,1.0,3.0,2.0,2.0,2.0,2.0,1980.0
mobile,NA,59900.0,880.0,1.0,2.0,1.0,1.0,1.0,0.0,1976.0
land,NA,1599950.0,0.0,0.0,0.0,0.0,0.0,0.0,0.0,0.0
condos,condo,300000.0,881.0,1.0,2.0,2.0,2.0,2.0,0.0,1981.0
single_family,NA,599000.0,1728.0,1.0,3.0,2.0,0.0,1.0,2.0,1953.0
single_family,NA,550000.0,1272.0,1.0,3.0,2.0,2.0,2.0,1.0,1965.0
land,NA,249900.0,0.0,0.0,0.0,0.0,0.0,0.0,0.0,0.0
mobile,NA,139000.0,1200.0,1.0,3.0,2.0,2.0,2.0,0.0,1989.0
mobile,NA,272000.0,1680.0,1.0,2.0,2.0,2.0,2.0,2.0,1990.0
single_family,NA,350000.0,814.0,1.0,3.0,1.0,1.0,1.0,0.0,1964.0
single_family,NA,1249000.0,1551.0,1.0,4.0,2.0,2.0,2.0,2.0,1977.0
condos,condo,598000.0,631.0,2.0,2.0,1.0,1.0,1.0,0.0,1956.0
single_family,NA,927900.0,3366.0,2.0,5.0,4.0,3.0,3.0,2.0,2025.0
single_family,NA,458000.0,2237.0,1.0,4.0,2.0,1.0,2.0,2.0,1984.0
single_family,NA,849000.0,2750.0,2.0,5.0,3.0,3.0,3.0,0.0,1976.0
single_family,NA,1599000.0,3179.0,1.0,4.0,5.0,3.0,3.0,3.0,2003.0
condos,condo,895000.0,1216.0,3.0,2.0,2.0,2.0,2.0,2.0,1989.0
condos,condo,668000.0,1064.0,2.0,2.0,2.0,2.0,2.0,0.0,1984.0
single_family,NA,2150000.0,3175.0,2.0,5.0,3.0,3.0,3.0,3.0,2005.0
single_family,NA,1495000.0,3166.0,1.0,4.0,3.0,2.0,2.0,3.0,2003.0
land,NA,20000.0,0.0,0.0,0.0,0.0,0.0,0.0,0.0,0.0
single_family,NA,1595000.0,3274.0,1.0,4.0,4.0,3.0,3.0,3.0,2026.0
single_family,NA,3899999.0,3538.0,1.0,4.0,5.0,4.0,4.0,3.0,2025.0
land,NA,1150000.0,0.0,0.0,0.0,0.0,0.0,0.0,0.0,0.0
single_family,NA,1375000.0,3590.0,2.0,4.0,4.0,3.0,3.0,3.0,1990.0
single_family,NA,899900.0,1637.0,1.0,4.0,2.0,2.0,2.0,2.0,1957.0
single_family,NA,485000.0,1122.0,1.0,2.0,1.0,1.0,1.0,1.0,1916.0
single_family,NA,898000.0,1300.0,1.0,4.0,2.0,2.0,2.0,2.0,1960.0
single_family,NA,699000.0,1134.0,1.0,3.0,2.0,2.0,2.0,2.0,1967.0
single_family,NA,1048000.0,1281.0,1.0,4.0,2.0,2.0,2.0,1.0,1928.0
single_family,NA,1699000.0,2195.0,2.0,5.0,3.0,2.0,2.0,2.0,1968.0
land,NA,199000.0,0.0,0.0,0.0,0.0,0.0,0.0,0.0,0.0
single_family,NA,1688000.0,1687.0,2.0,4.0,2.0,2.0,2.0,2.0,1961.0
townhomes,townhouse,256000.0,1093.0,2.0,2.0,3.0,2.0,2.0,2.0,2007.0
single_family,NA,1250000.0,1550.0,1.0,3.0,2.0,2.0,2.0,1.0,1946.0
single_family,NA,839000.0,2100.0,1.0,4.0,2.0,2.0,2.0,2.0,1980.0
land,NA,1155000.0,0.0,0.0,0.0,0.0,0.0,0.0,0.0,0.0
single_family,NA,860000.0,1888.0,1.0,3.0,2.0,2.0,2.0,2.0,1980.0
single_family,NA,1350000.0,2346.0,1.0,4.0,3.0,1.0,3.0,2.0,1951.0
single_family,NA,875000.0,2237.0,1.0,4.0,3.0,2.0,2.0,3.0,2000.0
single_family,NA,1499999.0,1704.0,2.0,3.0,3.0,2.0,2.0,2.0,1995.0
single_family,NA,2180000.0,2691.0,2.0,4.0,3.0,3.0,3.0,2.0,2014.0
single_family,NA,1279000.0,2528.0,2.0,4.0,3.0,3.0,3.0,3.0,1985.0
single_family,NA,739687.0,2012.0,1.0,4.0,2.0,2.0,2.0,2.0,2025.0
single_family,NA,669000.0,1144.0,1.0,3.0,2.0,2.0,2.0,2.0,1961.0
single_family,NA,585000.0,1810.0,1.0,4.0,3.0,2.0,2.0,2.0,2024.0
single_family,NA,1158068.0,3204.0,1.0,4.0,4.0,3.0,3.0,2.0,2024.0
townhomes,townhouse,584900.0,1104.0,2.0,2.0,3.0,2.0,2.0,2.0,1989.0
single_family,NA,565000.0,2357.0,1.0,3.0,2.0,2.0,2.0,3.0,1998.0
single_family,NA,2295000.0,4000.0,2.0,4.0,5.0,4.0,4.0,3.0,2003.0
single_family,NA,4399000.0,3167.0,2.0,4.0,3.0,2.0,2.0,2.0,1974.0
condos,condo,529995.0,1022.0,1.0,2.0,2.0,2.0,2.0,1.0,2006.0
single_family,NA,599000.0,640.0,1.0,2.0,1.0,1.0,1.0,2.0,1922.0
single_family,NA,685000.0,1187.0,1.0,3.0,2.0,2.0,2.0,1.0,1923.0
single_family,NA,550000.0,1902.0,1.0,3.0,3.0,3.0,3.0,2.0,1987.0
single_family,NA,545000.0,2420.0,2.0,4.0,3.0,2.0,2.0,2.0,2026.0
single_family,NA,454900.0,858.0,1.0,2.0,1.0,1.0,1.0,1.0,1987.0
single_family,NA,500000.0,2076.0,2.0,4.0,3.0,2.0,2.0,3.0,2007.0
single_family,NA,425000.0,2195.0,2.0,4.0,3.0,2.0,2.0,2.0,1979.0
land,NA,450000.0,0.0,0.0,0.0,0.0,0.0,0.0,0.0,0.0
single_family,NA,685000.0,1028.0,1.0,3.0,1.0,1.0,1.0,2.0,1951.0
single_family,NA,690410.0,1917.0,2.0,4.0,3.0,2.0,2.0,2.0,2025.0
single_family,NA,3100000.0,1601.0,1.0,2.0,2.0,2.0,2.0,1.0,1932.0
condos,condo,465000.0,878.0,1.0,2.0,2.0,2.0,2.0,0.0,1970.0
single_family,NA,418007.0,1213.0,1.0,3.0,2.0,2.0,2.0,2.0,2026.0
condos,condo,540000.0,808.0,1.0,1.0,1.0,1.0,1.0,1.0,1990.0
single_family,NA,357000.0,1370.0,1.0,3.0,2.0,2.0,2.0,2.0,1993.0
land,NA,49000.0,0.0,0.0,0.0,0.0,0.0,0.0,0.0,0.0
single_family,NA,1150000.0,1100.0,1.0,2.0,2.0,2.0,2.0,2.0,1983.0
single_family,NA,599000.0,3772.0,1.0,4.0,4.0,4.0,4.0,2.0,1975.0
single_family,NA,1775000.0,1298.0,1.0,3.0,2.0,2.0,2.0,2.0,1961.0
single_family,NA,12900000.0,3120.0,3.0,4.0,5.0,4.0,4.0,7.0,2020.0
single_family,NA,415000.0,1544.0,1.0,3.0,2.0,2.0,2.0,2.0,1983.0
condos,condo,1249000.0,1573.0,3.0,2.0,3.0,2.0,2.0,2.0,1999.0
condos,condo,299999.0,1066.0,1.0,2.0,2.0,2.0,2.0,1.0,1964.0
single_family,NA,635000.0,2614.0,2.0,5.0,3.0,3.0,3.0,3.0,2006.0
mobile,NA,319990.0,1344.0,1.0,3.0,2.0,2.0,2.0,0.0,1984.0
single_family,NA,698000.0,1095.0,1.0,3.0,2.0,1.0,1.0,2.0,1948.0
single_family,NA,479000.0,906.0,1.0,3.0,2.0,2.0,2.0,1.0,1987.0
single_family,NA,2100000.0,2468.0,3.0,3.0,4.0,3.0,3.0,2.0,2025.0
single_family,NA,584900.0,1369.0,1.0,4.0,2.0,2.0,2.0,2.0,1957.0
single_family,NA,929000.0,2264.0,1.0,4.0,3.0,3.0,3.0,3.0,2019.0
single_family,NA,665000.0,2068.0,2.0,4.0,2.0,2.0,2.0,2.0,1988.0
single_family,NA,439000.0,2439.0,1.0,3.0,3.0,3.0,3.0,2.0,1979.0
single_family,NA,1755000.0,2060.0,1.0,5.0,2.0,2.0,2.0,1.0,1964.0
single_family,NA,1831000.0,2566.0,2.0,4.0,3.0,3.0,3.0,3.0,2003.0
condos,condo,749000.0,1274.0,1.0,2.0,2.0,2.0,2.0,2.0,2005.0
single_family,NA,748000.0,1759.0,1.0,4.0,2.0,2.0,2.0,2.0,1961.0
townhomes,townhouse,559999.0,1685.0,2.0,3.0,3.0,2.0,2.0,2.0,2019.0
single_family,NA,474900.0,2594.0,2.0,5.0,3.0,2.0,2.0,2.0,2004.0
single_family,NA,295000.0,820.0,1.0,1.0,1.0,1.0,1.0,0.0,2016.0
single_family,NA,390000.0,1012.0,1.0,3.0,2.0,1.0,2.0,0.0,1902.0
single_family,NA,848000.0,2549.0,2.0,4.0,3.0,3.0,3.0,2.0,2001.0
single_family,NA,929000.0,1503.0,1.0,3.0,2.0,2.0,2.0,2.0,1984.0
single_family,NA,620000.0,2035.0,1.0,4.0,2.0,2.0,2.0,2.0,1998.0
single_family,NA,470500.0,1086.0,1.0,3.0,2.0,2.0,2.0,2.0,1986.0
townhomes,townhouse,1230000.0,1850.0,3.0,3.0,3.0,3.0,3.0,2.0,2000.0
single_family,NA,349500.0,1328.0,1.0,2.0,2.0,2.0,2.0,2.0,1977.0
single_family,NA,430000.0,1377.0,1.0,3.0,2.0,2.0,2.0,2.0,1978.0
single_family,NA,1699000.0,2620.0,1.0,4.0,3.0,3.0,3.0,3.0,2010.0
land,NA,15000.0,0.0,0.0,0.0,0.0,0.0,0.0,0.0,0.0
condos,condo,379000.0,655.0,1.0,1.0,1.0,1.0,1.0,1.0,1981.0
townhomes,townhouse,4495000.0,2975.0,3.0,4.0,5.0,4.0,4.0,2.0,2016.0
single_family,NA,1148888.0,3634.0,2.0,5.0,3.0,3.0,3.0,2.0,2003.0
single_family,NA,1449000.0,3950.0,1.0,5.0,3.0,4.0,4.0,3.0,2002.0
single_family,NA,950000.0,4856.0,2.0,5.0,3.0,3.0,3.0,3.0,2005.0
single_family,NA,4199000.0,4524.0,2.0,5.0,5.0,4.0,4.0,3.0,2005.0
land,NA,49000.0,0.0,0.0,0.0,0.0,0.0,0.0,0.0,0.0
single_family,NA,474990.0,1688.0,1.0,3.0,2.0,2.0,2.0,2.0,2024.0
single_family,NA,899900.0,1209.0,1.0,3.0,2.0,2.0,2.0,2.0,1964.0
condos,condo,669999.0,1368.0,2.0,3.0,2.0,2.0,2.0,2.0,1982.0
land,NA,14000.0,0.0,0.0,0.0,0.0,0.0,0.0,0.0,0.0
single_family,NA,479000.0,2230.0,1.0,2.0,3.0,2.0,2.0,2.0,2011.0
townhomes,townhouse,1650000.0,1357.0,1.0,2.0,2.0,2.0,2.0,2.0,1989.0
condos,condo,649000.0,1268.0,2.0,2.0,2.0,1.0,1.0,1.0,1975.0
condos,condo,479000.0,884.0,2.0,2.0,1.0,0.0,1.0,1.0,1993.0
single_family,NA,719000.0,1380.0,2.0,3.0,3.0,2.0,2.0,2.0,2018.0
mobile,NA,485000.0,1296.0,1.0,2.0,3.0,3.0,3.0,2.0,1981.0
single_family,NA,2200000.0,1530.0,2.0,3.0,3.0,2.0,2.0,2.0,1956.0
single_family,NA,1850000.0,1657.0,1.0,4.0,2.0,1.0,2.0,2.0,1963.0
condos,condo,499000.0,670.0,1.0,1.0,2.0,1.0,1.0,1.0,1956.0
condos,condo,269000.0,900.0,1.0,2.0,2.0,2.0,2.0,2.0,1975.0
single_family,NA,3100000.0,4766.0,3.0,4.0,6.0,2.0,5.0,3.0,1972.0
single_family,NA,510000.0,1236.0,1.0,3.0,2.0,2.0,2.0,2.0,1956.0
single_family,NA,999000.0,2432.0,1.0,3.0,3.0,2.0,2.0,3.0,2000.0
single_family,NA,415000.0,1477.0,1.0,3.0,2.0,2.0,2.0,3.0,1987.0
land,NA,24900.0,0.0,0.0,0.0,0.0,0.0,0.0,0.0,0.0
single_family,NA,449000.0,2107.0,1.0,3.0,2.0,2.0,2.0,2.0,1978.0
condos,condo,325000.0,1174.0,2.0,2.0,2.0,2.0,2.0,2.0,1974.0
single_family,NA,499000.0,2479.0,2.0,5.0,3.0,2.0,2.0,6.0,1984.0
single_family,NA,425000.0,929.0,1.0,2.0,2.0,1.0,1.0,0.0,1927.0
townhomes,townhouse,1298000.0,1180.0,2.0,2.0,3.0,2.0,2.0,1.0,1985.0
single_family,NA,1375000.0,1700.0,1.0,4.0,2.0,2.0,2.0,2.0,1964.0
single_family,NA,649999.0,1803.0,1.0,4.0,2.0,2.0,2.0,2.0,2001.0
single_family,NA,1100000.0,4253.0,2.0,5.0,5.0,4.0,4.0,3.0,2016.0
land,NA,165000.0,0.0,0.0,0.0,0.0,0.0,0.0,0.0,0.0
condos,condo,1214990.0,1931.0,3.0,3.0,4.0,2.0,2.0,2.0,2026.0
single_family,NA,1020000.0,1724.0,1.0,3.0,2.0,2.0,2.0,2.0,1982.0
single_family,NA,699999.0,2161.0,2.0,3.0,3.0,2.0,2.0,2.0,2015.0
townhomes,townhouse,850000.0,1416.0,2.0,3.0,3.0,2.0,2.0,2.0,1986.0
single_family,NA,2499000.0,4820.0,2.0,5.0,6.0,5.0,5.0,4.0,2004.0
single_family,NA,497000.0,600.0,1.0,3.0,2.0,2.0,2.0,0.0,1958.0
single_family,NA,1589000.0,1916.0,1.0,4.0,2.0,2.0,2.0,2.0,1972.0
land,NA,16000.0,0.0,0.0,0.0,0.0,0.0,0.0,0.0,0.0
single_family,NA,539000.0,1876.0,2.0,3.0,3.0,2.0,2.0,2.0,2003.0
single_family,NA,744230.0,3202.0,2.0,5.0,3.0,3.0,3.0,0.0,2025.0
single_family,NA,4500000.0,4364.0,2.0,5.0,6.0,5.0,5.0,2.0,1951.0
single_family,NA,620000.0,1454.0,2.0,3.0,2.0,2.0,2.0,2.0,1993.0
single_family,NA,369000.0,1095.0,1.0,3.0,1.0,1.0,1.0,0.0,1936.0
single_family,NA,879950.0,1600.0,1.0,3.0,3.0,2.0,2.0,2.0,1957.0
condos,condo,249000.0,754.0,1.0,1.0,1.0,1.0,1.0,1.0,1980.0
condos,condo,1100000.0,1461.0,1.0,1.0,2.0,2.0,2.0,0.0,2002.0
single_family,NA,1695000.0,1543.0,1.0,3.0,2.0,2.0,2.0,2.0,1977.0
single_family,NA,469000.0,1390.0,1.0,4.0,2.0,2.0,2.0,2.0,1959.0
single_family,NA,840000.0,3266.0,2.0,4.0,4.0,4.0,4.0,3.0,2001.0
single_family,NA,1750000.0,3786.0,1.0,4.0,5.0,3.0,3.0,4.0,2009.0
single_family,NA,679000.0,1066.0,1.0,3.0,2.0,2.0,2.0,2.0,1973.0
townhomes,townhouse,1065990.0,1875.0,3.0,4.0,4.0,3.0,3.0,2.0,2025.0
single_family,NA,1399000.0,2800.0,2.0,4.0,4.0,3.0,3.0,2.0,1979.0
single_family,NA,1149000.0,1812.0,3.0,3.0,3.0,2.0,2.0,2.0,2022.0
condos,condo,1195000.0,1620.0,2.0,2.0,2.0,2.0,2.0,0.0,2011.0
mobile,NA,74990.0,672.0,1.0,2.0,1.0,1.0,1.0,0.0,1981.0
single_family,NA,510000.0,2013.0,2.0,4.0,3.0,3.0,3.0,2.0,2021.0
single_family,NA,1200000.0,3264.0,2.0,4.0,3.0,2.0,2.0,2.0,1960.0
single_family,NA,800000.0,1564.0,1.0,3.0,2.0,2.0,2.0,2.0,1952.0
condos,condo,270000.0,1339.0,2.0,3.0,2.0,2.0,2.0,1.0,1982.0
single_family,NA,779000.0,2517.0,2.0,4.0,3.0,2.0,2.0,3.0,1986.0
single_family,NA,600000.0,1287.0,1.0,3.0,2.0,2.0,2.0,2.0,1982.0
single_family,NA,1150000.0,1478.0,1.0,3.0,2.0,2.0,2.0,2.0,1970.0
single_family,NA,420000.0,1255.0,1.0,3.0,2.0,2.0,2.0,2.0,1990.0
condos,condo,270000.0,1163.0,1.0,2.0,2.0,2.0,2.0,2.0,1982.0
townhomes,townhouse,399900.0,1400.0,2.0,3.0,3.0,3.0,3.0,2.0,1990.0
land,NA,549000.0,0.0,0.0,0.0,0.0,0.0,0.0,0.0,0.0
condos,condo,699900.0,1490.0,1.0,1.0,2.0,2.0,2.0,0.0,2009.0
single_family,NA,2349999.0,5157.0,2.0,5.0,7.0,6.0,6.0,3.0,2022.0
single_family,NA,575000.0,2052.0,1.0,4.0,2.0,1.0,2.0,2.0,2003.0
single_family,NA,949000.0,775.0,1.0,2.0,2.0,2.0,2.0,0.0,1940.0
single_family,NA,1125000.0,2200.0,1.0,4.0,3.0,3.0,3.0,2.0,1950.0
townhomes,townhouse,645000.0,1317.0,3.0,3.0,3.0,2.0,2.0,2.0,1992.0
single_family,NA,529900.0,1110.0,1.0,3.0,2.0,2.0,2.0,2.0,1981.0
condos,condo,1499000.0,1996.0,2.0,2.0,3.0,2.0,2.0,2.0,1980.0
land,NA,37000.0,0.0,0.0,0.0,0.0,0.0,0.0,0.0,0.0
single_family,NA,465000.0,1329.0,1.0,3.0,2.0,2.0,2.0,2.0,1989.0
single_family,NA,1699000.0,1494.0,1.0,3.0,2.0,2.0,2.0,2.0,1970.0
single_family,NA,765000.0,1776.0,2.0,4.0,3.0,3.0,3.0,3.0,1996.0
single_family,NA,450000.0,1472.0,1.0,3.0,2.0,2.0,2.0,2.0,1962.0
condos,condo,1299000.0,1994.0,1.0,3.0,2.0,2.0,2.0,2.0,2006.0
single_family,NA,8995000.0,6748.0,1.0,6.0,7.0,5.0,5.0,3.0,1938.0
condos,condo,1299000.0,1813.0,3.0,3.0,4.0,3.0,3.0,2.0,2016.0
single_family,NA,579500.0,1122.0,1.0,2.0,2.0,2.0,2.0,2.0,1986.0
townhomes,townhouse,522000.0,1133.0,2.0,2.0,3.0,2.0,2.0,2.0,1979.0
single_family,NA,660000.0,3525.0,2.0,5.0,3.0,3.0,3.0,3.0,2013.0
single_family,NA,825000.0,1263.0,1.0,3.0,2.0,2.0,2.0,2.0,1957.0
mobile,NA,219000.0,1344.0,1.0,2.0,2.0,2.0,2.0,0.0,2019.0
mobile,NA,330300.0,1440.0,1.0,3.0,2.0,2.0,2.0,0.0,1988.0
single_family,NA,399000.0,1790.0,2.0,3.0,3.0,2.0,2.0,2.0,1979.0
single_family,NA,913000.0,2004.0,1.0,3.0,2.0,2.0,2.0,3.0,1994.0
single_family,NA,1250000.0,1450.0,1.0,3.0,2.0,2.0,2.0,2.0,1986.0
land,NA,699000.0,0.0,0.0,0.0,0.0,0.0,0.0,0.0,0.0
single_family,NA,580000.0,2149.0,1.0,3.0,3.0,3.0,3.0,2.0,1978.0
single_family,NA,839000.0,1985.0,1.0,3.0,2.0,2.0,2.0,0.0,2001.0
condos,condo,499900.0,1136.0,2.0,3.0,2.0,1.0,1.0,1.0,1978.0
single_family,NA,1999900.0,3451.0,2.0,5.0,4.0,3.0,3.0,3.0,1971.0
single_family,NA,1049000.0,1199.0,1.0,2.0,2.0,1.0,1.0,1.0,1931.0
single_family,NA,650000.0,1489.0,1.0,4.0,2.0,2.0,2.0,2.0,1971.0
condos,condo,415000.0,1900.0,2.0,3.0,3.0,2.0,2.0,2.0,1982.0
single_family,NA,1799000.0,2978.0,1.0,5.0,3.0,3.0,3.0,2.0,1986.0
single_family,NA,650000.0,3292.0,2.0,4.0,4.0,2.0,2.0,2.0,1972.0
single_family,NA,399000.0,1008.0,1.0,2.0,1.0,1.0,1.0,1.0,1964.0
single_family,NA,540000.0,1330.0,1.0,3.0,2.0,2.0,2.0,6.0,1980.0
single_family,NA,500000.0,922.0,1.0,3.0,1.0,1.0,1.0,2.0,1949.0
single_family,NA,850000.0,1410.0,3.0,3.0,3.0,3.0,3.0,2.0,1990.0
multi_family,NA,659000.0,1673.0,2.0,2.0,2.0,2.0,2.0,0.0,1938.0
condos,condo,889000.0,989.0,1.0,2.0,2.0,2.0,2.0,0.0,1970.0
single_family,NA,549900.0,1650.0,1.0,4.0,3.0,3.0,3.0,2.0,2006.0
townhomes,townhouse,575000.0,1002.0,2.0,2.0,2.0,2.0,2.0,1.0,1991.0
single_family,NA,1489500.0,2851.0,2.0,5.0,3.0,3.0,3.0,2.0,2006.0
condos,condo,699990.0,1390.0,2.0,3.0,3.0,2.0,2.0,2.0,1996.0
single_family,NA,1630000.0,1762.0,1.0,3.0,2.0,2.0,2.0,3.0,1986.0
single_family,NA,675000.0,2184.0,2.0,4.0,3.0,3.0,3.0,2.0,2022.0
single_family,NA,1048000.0,850.0,1.0,2.0,1.0,1.0,1.0,1.0,1949.0
single_family,NA,315000.0,1200.0,1.0,2.0,1.0,1.0,1.0,0.0,1960.0
single_family,NA,899900.0,3434.0,1.0,5.0,3.0,3.0,3.0,2.0,1978.0
multi_family,NA,1995000.0,1930.0,1.0,4.0,3.0,3.0,3.0,0.0,1923.0
single_family,NA,789500.0,2287.0,1.0,3.0,3.0,2.0,2.0,2.0,1998.0
condos,condo,798000.0,884.0,1.0,2.0,1.0,1.0,1.0,1.0,1974.0
single_family,NA,1075000.0,1220.0,1.0,4.0,2.0,2.0,2.0,2.0,1978.0
townhomes,townhouse,1950000.0,1504.0,2.0,3.0,3.0,2.0,2.0,2.0,1980.0
single_family,NA,650000.0,2497.0,2.0,5.0,3.0,3.0,3.0,2.0,2010.0
single_family,NA,1400000.0,4689.0,2.0,6.0,4.0,4.0,4.0,10.0,1991.0
single_family,NA,1300000.0,2216.0,1.0,4.0,3.0,3.0,3.0,3.0,2002.0
townhomes,townhouse,1199000.0,1265.0,2.0,3.0,2.0,1.0,1.0,0.0,1971.0
single_family,NA,960000.0,2145.0,1.0,4.0,2.0,2.0,2.0,3.0,1977.0
single_family,NA,1199999.0,1564.0,1.0,3.0,2.0,2.0,2.0,2.0,1960.0
single_family,NA,635000.0,1992.0,1.0,3.0,2.0,2.0,2.0,3.0,2009.0
single_family,NA,329000.0,1161.0,1.0,3.0,1.0,1.0,1.0,2.0,1955.0
single_family,NA,719000.0,1604.0,1.0,3.0,2.0,2.0,2.0,2.0,1996.0
condos,condo,2240000.0,1567.0,1.0,3.0,3.0,2.0,2.0,2.0,1989.0
single_family,NA,318000.0,1492.0,1.0,2.0,2.0,2.0,2.0,2.0,2019.0
land,NA,268000.0,0.0,0.0,0.0,0.0,0.0,0.0,0.0,0.0
single_family,NA,970000.0,2794.0,1.0,3.0,4.0,3.0,3.0,3.0,2022.0
single_family,NA,325000.0,569.0,1.0,1.0,1.0,1.0,1.0,1.0,1939.0
multi_family,NA,785000.0,1008.0,1.0,7.0,3.0,3.0,3.0,0.0,1958.0
single_family,NA,1150000.0,2178.0,1.0,3.0,2.0,2.0,2.0,0.0,1951.0
single_family,NA,750000.0,2522.0,2.0,4.0,3.0,3.0,3.0,3.0,1988.0
single_family,NA,1100000.0,2844.0,2.0,4.0,3.0,3.0,3.0,2.0,2000.0
single_family,NA,1250000.0,3149.0,2.0,4.0,3.0,3.0,3.0,3.0,2003.0
single_family,NA,2050000.0,2314.0,2.0,4.0,2.0,2.0,2.0,2.0,1976.0
single_family,NA,1250000.0,1800.0,2.0,3.0,3.0,2.0,2.0,2.0,2001.0
single_family,NA,1678000.0,2337.0,2.0,4.0,3.0,2.0,2.0,2.0,1999.0
single_family,NA,790000.0,1376.0,1.0,3.0,2.0,1.0,2.0,2.0,1961.0
single_family,NA,2095000.0,2040.0,1.0,4.0,4.0,2.0,4.0,0.0,1926.0
single_family,NA,955000.0,1768.0,2.0,4.0,3.0,3.0,3.0,2.0,1989.0
single_family,NA,1075000.0,1435.0,2.0,2.0,3.0,2.0,2.0,2.0,1984.0
single_family,NA,865000.0,1538.0,1.0,3.0,2.0,2.0,2.0,2.0,1998.0
single_family,NA,1050000.0,1234.0,1.0,3.0,2.0,2.0,2.0,2.0,1953.0
single_family,NA,539999.0,2209.0,2.0,4.0,3.0,2.0,2.0,2.0,2010.0
single_family,NA,1298000.0,2354.0,3.0,4.0,3.0,3.0,3.0,2.0,1966.0
single_family,NA,525000.0,1757.0,1.0,3.0,2.0,2.0,2.0,2.0,2002.0
condos,condo,648000.0,925.0,1.0,2.0,1.0,1.0,1.0,0.0,1981.0
single_family,NA,399000.0,1300.0,1.0,3.0,2.0,2.0,2.0,3.0,2005.0
single_family,NA,2950000.0,2010.0,1.0,4.0,3.0,3.0,3.0,2.0,1962.0
land,NA,225000.0,0.0,0.0,0.0,0.0,0.0,0.0,0.0,0.0
single_family,NA,799000.0,2345.0,1.0,4.0,3.0,3.0,3.0,2.0,1979.0
land,NA,465000.0,0.0,0.0,0.0,0.0,0.0,0.0,0.0,0.0
single_family,NA,825000.0,1669.0,2.0,3.0,3.0,2.0,2.0,2.0,1988.0
land,NA,50000.0,0.0,0.0,0.0,0.0,0.0,0.0,0.0,0.0
single_family,NA,1095000.0,1570.0,1.0,3.0,2.0,2.0,2.0,2.0,1958.0
single_family,NA,485000.0,1263.0,1.0,3.0,2.0,2.0,2.0,2.0,1998.0
single_family,NA,849999.0,3259.0,2.0,5.0,3.0,3.0,3.0,3.0,1991.0
single_family,NA,3000000.0,3548.0,2.0,5.0,5.0,4.0,4.0,2.0,2018.0
single_family,NA,1579990.0,2535.0,3.0,4.0,4.0,3.0,3.0,2.0,2025.0
single_family,NA,445000.0,1293.0,1.0,2.0,2.0,2.0,2.0,2.0,2003.0
single_family,NA,2250000.0,1898.0,1.0,3.0,2.0,2.0,2.0,2.0,1979.0
single_family,NA,1250000.0,2477.0,1.0,4.0,3.0,3.0,3.0,2.0,1956.0
mobile,NA,109000.0,1000.0,1.0,3.0,2.0,2.0,2.0,0.0,1968.0
single_family,NA,546000.0,1236.0,2.0,3.0,2.0,1.0,1.0,0.0,1961.0
condos,condo,499990.0,916.0,1.0,2.0,2.0,2.0,2.0,1.0,1983.0
single_family,NA,295000.0,1192.0,1.0,2.0,2.0,2.0,2.0,0.0,2005.0
single_family,NA,347000.0,1312.0,1.0,3.0,2.0,1.0,2.0,2.0,1987.0
single_family,NA,819000.0,1600.0,1.0,3.0,2.0,2.0,2.0,2.0,1955.0
condos,condo,599999.0,1549.0,2.0,3.0,3.0,2.0,2.0,2.0,2004.0
land,NA,21000.0,0.0,0.0,0.0,0.0,0.0,0.0,0.0,0.0
single_family,NA,949000.0,1631.0,1.0,3.0,2.0,1.0,2.0,2.0,1953.0
single_family,NA,1750000.0,4042.0,1.0,4.0,5.0,4.0,4.0,3.0,2026.0
single_family,NA,215000.0,715.0,1.0,2.0,1.0,1.0,1.0,0.0,1933.0
single_family,NA,1144990.0,3198.0,2.0,4.0,4.0,3.0,3.0,3.0,2025.0
single_family,NA,739000.0,1832.0,2.0,3.0,3.0,2.0,2.0,2.0,1989.0
condos,condo,715000.0,731.0,1.0,1.0,1.0,1.0,1.0,1.0,1972.0
single_family,NA,1072000.0,1546.0,2.0,3.0,3.0,2.0,2.0,2.0,1989.0
single_family,NA,575000.0,1284.0,1.0,3.0,2.0,2.0,2.0,2.0,1958.0
single_family,NA,575000.0,1752.0,2.0,3.0,3.0,2.0,2.0,3.0,1991.0
condos,condo,445000.0,1368.0,1.0,2.0,2.0,1.0,2.0,2.0,1987.0
mobile,NA,165000.0,1248.0,1.0,2.0,2.0,2.0,2.0,0.0,1975.0
condos,condo,315000.0,1235.0,1.0,3.0,2.0,2.0,2.0,1.0,1959.0
condos,condo,500000.0,890.0,2.0,2.0,2.0,2.0,2.0,1.0,1987.0
single_family,NA,385000.0,1694.0,1.0,3.0,2.0,2.0,2.0,2.0,1998.0
single_family,NA,559950.0,2639.0,2.0,5.0,3.0,3.0,3.0,0.0,2024.0
single_family,NA,3995000.0,4800.0,2.0,6.0,7.0,6.0,6.0,2.0,2026.0
condos,condo,1795000.0,1704.0,1.0,2.0,2.0,2.0,2.0,2.0,2007.0
single_family,NA,775000.0,1855.0,1.0,3.0,2.0,2.0,2.0,0.0,1975.0
condos,condo,649900.0,1612.0,2.0,3.0,3.0,2.0,2.0,2.0,2021.0
condos,condo,5750000.0,2920.0,1.0,3.0,4.0,3.0,3.0,0.0,2025.0
mobile,NA,72500.0,840.0,1.0,2.0,2.0,2.0,2.0,2.0,1989.0
single_family,NA,455000.0,1502.0,1.0,3.0,2.0,2.0,2.0,2.0,1925.0
multi_family,NA,799000.0,1428.0,1.0,4.0,4.0,4.0,4.0,4.0,1978.0
single_family,NA,779900.0,1388.0,1.0,4.0,2.0,2.0,2.0,2.0,1962.0
condos,condo,569000.0,1027.0,1.0,2.0,2.0,2.0,2.0,2.0,1987.0
condos,condo,575000.0,780.0,1.0,2.0,1.0,1.0,1.0,1.0,1985.0
land,NA,1700000.0,0.0,0.0,0.0,0.0,0.0,0.0,0.0,0.0
single_family,NA,1595000.0,1735.0,2.0,4.0,2.0,2.0,2.0,0.0,1948.0
single_family,NA,405000.0,1300.0,1.0,3.0,2.0,2.0,2.0,2.0,1989.0
single_family,NA,1375000.0,1773.0,2.0,3.0,3.0,2.0,2.0,2.0,1991.0
single_family,NA,425000.0,1401.0,1.0,3.0,2.0,2.0,2.0,2.0,1992.0
single_family,NA,499900.0,1508.0,1.0,3.0,2.0,2.0,2.0,2.0,2001.0
mobile,NA,284000.0,1716.0,1.0,2.0,2.0,2.0,2.0,2.0,1978.0
mobile,NA,525000.0,1056.0,1.0,2.0,2.0,2.0,2.0,0.0,2021.0
single_family,NA,630000.0,1734.0,3.0,4.0,4.0,2.0,2.0,0.0,1970.0
single_family,NA,380000.0,1393.0,1.0,2.0,2.0,2.0,2.0,2.0,1973.0
land,NA,110000.0,0.0,0.0,0.0,0.0,0.0,0.0,0.0,0.0
single_family,NA,879000.0,1432.0,1.0,4.0,2.0,2.0,2.0,0.0,1958.0
single_family,NA,1498000.0,2888.0,2.0,4.0,3.0,2.0,2.0,2.0,1977.0
single_family,NA,1295000.0,3206.0,2.0,4.0,3.0,3.0,3.0,3.0,1970.0
single_family,NA,599999.0,2973.0,2.0,4.0,3.0,3.0,3.0,4.0,2006.0
single_family,NA,659990.0,1984.0,2.0,4.0,3.0,3.0,3.0,2.0,2020.0
single_family,NA,900000.0,1574.0,1.0,3.0,2.0,2.0,2.0,2.0,1959.0
single_family,NA,412000.0,1780.0,1.0,2.0,2.0,2.0,2.0,0.0,1983.0
multi_family,NA,535000.0,2080.0,1.0,4.0,4.0,4.0,4.0,3.0,1964.0
single_family,NA,450000.0,1983.0,1.0,3.0,2.0,2.0,2.0,2.0,2014.0
land,NA,65000.0,0.0,0.0,0.0,0.0,0.0,0.0,0.0,0.0
single_family,NA,808000.0,1244.0,1.0,4.0,2.0,2.0,2.0,2.0,1959.0
condos,condo,614999.0,1401.0,2.0,3.0,3.0,2.0,2.0,2.0,1987.0
single_family,NA,507000.0,1382.0,1.0,3.0,2.0,2.0,2.0,3.0,2004.0
land,NA,155000.0,0.0,0.0,0.0,0.0,0.0,0.0,0.0,0.0
single_family,NA,1598000.0,2478.0,3.0,4.0,4.0,3.0,3.0,2.0,2020.0
single_family,NA,884900.0,2184.0,2.0,3.0,3.0,2.0,2.0,1.0,2015.0
single_family,NA,519000.0,1500.0,1.0,3.0,2.0,2.0,2.0,2.0,1979.0
single_family,NA,390000.0,1674.0,1.0,3.0,2.0,2.0,2.0,1.0,2024.0
condos,condo,650000.0,1263.0,1.0,2.0,2.0,0.0,2.0,2.0,1976.0
single_family,NA,995000.0,2500.0,2.0,5.0,3.0,3.0,3.0,3.0,1990.0
single_family,NA,1450000.0,1864.0,1.0,4.0,2.0,2.0,2.0,2.0,1959.0
townhomes,townhouse,415000.0,981.0,2.0,2.0,3.0,1.0,2.0,2.0,1979.0
land,NA,3600000.0,0.0,0.0,0.0,0.0,0.0,0.0,0.0,0.0
condos,condo,1025000.0,1405.0,1.0,2.0,2.0,2.0,2.0,2.0,1964.0
single_family,NA,710000.0,1612.0,1.0,3.0,2.0,2.0,2.0,2.0,1975.0
single_family,NA,625000.0,2218.0,1.0,4.0,2.0,2.0,2.0,3.0,2020.0
single_family,NA,899000.0,1848.0,1.0,4.0,2.0,2.0,2.0,2.0,1949.0
single_family,NA,549000.0,1294.0,1.0,3.0,2.0,1.0,2.0,2.0,1956.0
land,NA,475000.0,0.0,0.0,0.0,0.0,0.0,0.0,0.0,0.0
mobile,NA,119000.0,1456.0,1.0,3.0,2.0,2.0,2.0,2.0,1990.0
single_family,NA,215000.0,1662.0,1.0,3.0,2.0,2.0,2.0,1.0,2000.0
mobile,NA,49900.0,1040.0,1.0,2.0,2.0,2.0,2.0,0.0,1973.0
single_family,NA,499900.0,1407.0,2.0,3.0,3.0,2.0,2.0,2.0,2026.0
single_family,NA,472700.0,1452.0,1.0,3.0,2.0,2.0,2.0,2.0,1983.0
single_family,NA,849900.0,2489.0,1.0,4.0,3.0,3.0,3.0,2.0,1926.0
single_family,NA,515000.0,1731.0,1.0,3.0,2.0,2.0,2.0,2.0,1984.0
land,NA,25000.0,0.0,0.0,0.0,0.0,0.0,0.0,0.0,0.0
single_family,NA,918800.0,1080.0,1.0,3.0,2.0,1.0,2.0,2.0,1956.0
single_family,NA,649000.0,2410.0,2.0,4.0,3.0,3.0,3.0,2.0,2021.0
mobile,NA,55000.0,1040.0,1.0,2.0,2.0,2.0,2.0,0.0,1977.0
single_family,NA,2299990.0,4225.0,2.0,4.0,5.0,3.0,3.0,8.0,2020.0
condos,condo,650000.0,1091.0,2.0,2.0,3.0,2.0,2.0,1.0,1990.0
single_family,NA,289000.0,960.0,1.0,2.0,2.0,2.0,2.0,1.0,2026.0
single_family,NA,459900.0,1750.0,2.0,3.0,3.0,2.0,2.0,2.0,2019.0
single_family,NA,472800.0,1800.0,1.0,4.0,2.0,2.0,2.0,0.0,2025.0
mobile,NA,78000.0,0.0,1.0,2.0,2.0,1.0,2.0,0.0,1973.0
townhomes,townhouse,899700.0,1700.0,2.0,3.0,3.0,2.0,2.0,2.0,2002.0
single_family,NA,700000.0,1540.0,1.0,4.0,2.0,2.0,2.0,2.0,1956.0
single_family,NA,1050000.0,2303.0,1.0,4.0,2.0,2.0,2.0,2.0,1958.0
single_family,NA,340000.0,1464.0,1.0,2.0,2.0,2.0,2.0,2.0,1984.0
single_family,NA,995000.0,1592.0,1.0,2.0,2.0,2.0,2.0,2.0,1954.0
single_family,NA,399990.0,1058.0,1.0,3.0,2.0,2.0,2.0,2.0,1976.0
condos,condo,435000.0,1198.0,1.0,2.0,2.0,2.0,2.0,0.0,1985.0
single_family,NA,1699000.0,1798.0,1.0,4.0,3.0,3.0,3.0,2.0,1955.0
condos,condo,625000.0,1280.0,2.0,2.0,2.0,2.0,2.0,1.0,1973.0
single_family,NA,1400000.0,1786.0,2.0,4.0,3.0,2.0,2.0,2.0,1969.0
single_family,NA,949900.0,1537.0,1.0,4.0,3.0,3.0,3.0,2.0,1960.0
single_family,NA,355000.0,808.0,1.0,2.0,1.0,1.0,1.0,1.0,1944.0
single_family,NA,899000.0,2853.0,1.0,3.0,3.0,3.0,3.0,3.0,2007.0
single_family,NA,669900.0,2191.0,1.0,3.0,3.0,3.0,3.0,3.0,2013.0
land,NA,90000.0,0.0,0.0,0.0,0.0,0.0,0.0,0.0,0.0
single_family,NA,434000.0,1812.0,1.0,3.0,2.0,2.0,2.0,1.0,1964.0
condos,condo,220000.0,760.0,1.0,1.0,1.0,1.0,1.0,0.0,1974.0
single_family,NA,699000.0,2401.0,2.0,4.0,3.0,3.0,3.0,2.0,2015.0
single_family,NA,900000.0,1907.0,2.0,5.0,2.0,2.0,2.0,2.0,1966.0
single_family,NA,579900.0,1965.0,1.0,3.0,2.0,2.0,2.0,3.0,1998.0
single_family,NA,549500.0,2096.0,1.0,3.0,2.0,2.0,2.0,2.0,1997.0
single_family,NA,3295000.0,6021.0,2.0,5.0,6.0,5.0,5.0,3.0,2007.0
condos,condo,315000.0,1035.0,1.0,3.0,2.0,2.0,2.0,0.0,2005.0
single_family,NA,800000.0,2885.0,2.0,5.0,3.0,3.0,3.0,3.0,1998.0
single_family,NA,385000.0,1367.0,1.0,3.0,2.0,2.0,2.0,2.0,1979.0
condos,condo,750000.0,1400.0,2.0,3.0,2.0,2.0,2.0,0.0,1988.0
single_family,NA,1480000.0,2492.0,2.0,4.0,3.0,2.0,2.0,2.0,1998.0
single_family,NA,1599000.0,2598.0,1.0,4.0,3.0,3.0,3.0,4.0,2000.0
single_family,NA,424000.0,1410.0,1.0,2.0,2.0,2.0,2.0,2.0,1967.0
single_family,NA,1549000.0,1740.0,1.0,3.0,2.0,1.0,2.0,0.0,1933.0
single_family,NA,699990.0,862.0,1.0,2.0,1.0,1.0,1.0,1.0,1941.0
single_family,NA,1499500.0,3147.0,2.0,5.0,3.0,3.0,3.0,3.0,1996.0
single_family,NA,785000.0,1463.0,1.0,3.0,2.0,2.0,2.0,2.0,1954.0
single_family,NA,1199000.0,2536.0,2.0,4.0,4.0,4.0,4.0,4.0,1977.0
townhomes,townhouse,289990.0,1404.0,2.0,2.0,3.0,2.0,2.0,0.0,1974.0
single_family,NA,2499000.0,4392.0,2.0,4.0,5.0,5.0,5.0,2.0,1905.0
townhomes,townhouse,1688888.0,1914.0,1.0,4.0,4.0,3.0,3.0,2.0,2016.0
single_family,NA,699000.0,1866.0,1.0,3.0,2.0,2.0,2.0,0.0,2005.0
single_family,NA,1150000.0,1434.0,1.0,3.0,2.0,2.0,2.0,2.0,1965.0
single_family,NA,849000.0,1817.0,1.0,2.0,1.0,1.0,1.0,0.0,1948.0
single_family,NA,1725000.0,2203.0,2.0,3.0,2.0,2.0,2.0,2.0,1960.0
single_family,NA,519900.0,1646.0,1.0,3.0,3.0,2.0,2.0,2.0,1985.0
single_family,NA,760000.0,1254.0,2.0,3.0,2.0,1.0,1.0,0.0,1964.0
single_family,NA,599000.0,1104.0,1.0,3.0,1.0,1.0,1.0,2.0,1955.0
single_family,NA,2099000.0,3221.0,2.0,5.0,4.0,3.0,3.0,3.0,1990.0
single_family,NA,769000.0,1799.0,2.0,4.0,3.0,3.0,3.0,2.0,2001.0
single_family,NA,989000.0,1924.0,1.0,3.0,2.0,2.0,2.0,2.0,1979.0
mobile,NA,224900.0,1088.0,1.0,4.0,2.0,2.0,2.0,1.0,1972.0
single_family,NA,3995000.0,3223.0,2.0,3.0,4.0,3.0,3.0,2.0,1931.0
land,NA,15000.0,0.0,0.0,0.0,0.0,0.0,0.0,0.0,0.0
single_family,NA,570000.0,1724.0,1.0,3.0,2.0,2.0,2.0,2.0,1954.0
single_family,NA,4195000.0,2469.0,3.0,4.0,3.0,3.0,3.0,2.0,1969.0
single_family,NA,2295000.0,2327.0,2.0,4.0,3.0,3.0,3.0,0.0,1935.0
single_family,NA,409500.0,1508.0,1.0,4.0,2.0,2.0,2.0,2.0,1975.0
single_family,NA,835000.0,1651.0,1.0,3.0,2.0,2.0,2.0,2.0,1951.0
condos,condo,1240000.0,1686.0,5.0,3.0,3.0,3.0,3.0,2.0,2014.0
condos,condo,719000.0,1092.0,1.0,2.0,2.0,2.0,2.0,1.0,1983.0
single_family,NA,725000.0,2369.0,4.0,3.0,3.0,2.0,2.0,2.0,1995.0
single_family,NA,1998000.0,1678.0,1.0,4.0,3.0,2.0,2.0,2.0,1961.0
single_family,NA,2475000.0,3599.0,2.0,4.0,4.0,2.0,3.0,2.0,1944.0
single_family,NA,679000.0,2996.0,1.0,5.0,4.0,4.0,4.0,3.0,2006.0
single_family,NA,1975000.0,4049.0,2.0,5.0,4.0,3.0,3.0,5.0,2020.0
single_family,NA,895000.0,1837.0,1.0,3.0,2.0,2.0,2.0,2.0,1966.0
single_family,NA,915000.0,1970.0,1.0,5.0,3.0,3.0,3.0,2.0,1947.0
condos,condo,550000.0,817.0,2.0,1.0,1.0,1.0,1.0,1.0,1986.0
single_family,NA,1485000.0,1735.0,2.0,3.0,3.0,3.0,3.0,2.0,1987.0
single_family,NA,495000.0,1474.0,1.0,3.0,1.0,1.0,1.0,2.0,1945.0
mobile,NA,189000.0,1248.0,1.0,2.0,2.0,2.0,2.0,0.0,1978.0
single_family,NA,900000.0,1101.0,1.0,2.0,1.0,1.0,1.0,0.0,1920.0
single_family,NA,529999.0,1377.0,1.0,3.0,2.0,2.0,2.0,2.0,1987.0
single_family,NA,2895000.0,2667.0,1.0,5.0,4.0,4.0,4.0,0.0,1938.0
land,NA,199888.0,0.0,0.0,0.0,0.0,0.0,0.0,0.0,0.0
single_family,NA,535000.0,1658.0,1.0,3.0,2.0,2.0,2.0,2.0,1976.0
single_family,NA,1699000.0,2426.0,2.0,4.0,2.0,2.0,2.0,3.0,1975.0
land,NA,65000.0,0.0,0.0,0.0,0.0,0.0,0.0,0.0,0.0
condos,condo,465000.0,1375.0,2.0,3.0,3.0,2.0,2.0,2.0,2022.0
single_family,NA,999000.0,1772.0,1.0,3.0,2.0,2.0,2.0,2.0,1961.0
single_family,NA,815000.0,2188.0,2.0,3.0,3.0,2.0,2.0,2.0,2004.0
single_family,NA,1395000.0,2080.0,1.0,3.0,3.0,2.0,2.0,2.0,1959.0
single_family,NA,1735000.0,1787.0,1.0,3.0,2.0,2.0,2.0,2.0,1929.0
single_family,NA,875000.0,1370.0,1.0,3.0,3.0,2.0,2.0,0.0,1947.0
single_family,NA,640000.0,2522.0,1.0,4.0,2.0,2.0,2.0,3.0,2005.0
single_family,NA,1000000.0,3122.0,2.0,4.0,3.0,3.0,3.0,3.0,1987.0
single_family,NA,859000.0,1499.0,1.0,3.0,2.0,2.0,2.0,2.0,1956.0
condos,condo,450000.0,1068.0,2.0,2.0,2.0,2.0,2.0,1.0,1991.0
single_family,NA,1300000.0,1699.0,1.0,3.0,2.0,2.0,2.0,2.0,1958.0
single_family,NA,620000.0,2604.0,2.0,4.0,3.0,2.0,3.0,2.0,2021.0
land,NA,10000.0,0.0,0.0,0.0,0.0,0.0,0.0,0.0,0.0
single_family,NA,379000.0,1427.0,1.0,3.0,1.0,1.0,1.0,1.0,1967.0
condos,condo,550000.0,1071.0,1.0,2.0,2.0,2.0,2.0,0.0,1984.0
single_family,NA,439900.0,1912.0,1.0,3.0,2.0,2.0,2.0,2.0,2008.0
single_family,NA,998000.0,1361.0,1.0,4.0,2.0,2.0,2.0,2.0,1955.0
land,NA,400000.0,0.0,0.0,0.0,0.0,0.0,0.0,0.0,0.0
single_family,NA,605000.0,1622.0,1.0,3.0,3.0,2.0,2.0,2.0,1985.0
condos,condo,420000.0,1223.0,2.0,2.0,2.0,1.0,1.0,2.0,1975.0
single_family,NA,7998000.0,3954.0,1.0,5.0,6.0,5.0,5.0,3.0,1948.0
single_family,NA,1765000.0,2140.0,2.0,2.0,2.0,2.0,2.0,0.0,1927.0
townhomes,townhouse,795000.0,1679.0,2.0,3.0,3.0,3.0,3.0,2.0,1980.0
single_family,NA,796000.0,1679.0,1.0,2.0,2.0,2.0,2.0,2.0,2025.0
single_family,NA,1499000.0,1773.0,1.0,3.0,3.0,2.0,2.0,2.0,1940.0
condos,condo,1095000.0,1671.0,1.0,3.0,2.0,2.0,2.0,0.0,1963.0
single_family,NA,729000.0,2015.0,1.0,3.0,2.0,2.0,2.0,0.0,2023.0
single_family,NA,395000.0,1651.0,1.0,3.0,2.0,2.0,2.0,2.0,1989.0
single_family,NA,359000.0,1388.0,1.0,4.0,2.0,2.0,2.0,2.0,2021.0
single_family,NA,453000.0,1734.0,1.0,3.0,2.0,2.0,2.0,2.0,1987.0
single_family,NA,460000.0,768.0,1.0,2.0,1.0,1.0,1.0,2.0,1958.0
condos,condo,15995000.0,5600.0,1.0,3.0,5.0,4.0,4.0,0.0,2010.0
condos,condo,375000.0,1551.0,2.0,4.0,3.0,2.0,2.0,0.0,1972.0
townhomes,townhouse,319900.0,1428.0,2.0,2.0,3.0,2.0,2.0,2.0,1982.0
mobile,NA,89997.0,1440.0,1.0,2.0,2.0,2.0,2.0,0.0,1974.0
single_family,NA,1459000.0,2130.0,1.0,4.0,3.0,3.0,3.0,2.0,1954.0
single_family,NA,1099000.0,1266.0,1.0,2.0,2.0,2.0,2.0,2.0,1950.0
condos,condo,250000.0,490.0,1.0,0.0,1.0,1.0,1.0,0.0,1923.0
single_family,NA,719000.0,1272.0,1.0,2.0,1.0,1.0,1.0,0.0,1947.0
townhomes,townhouse,749000.0,1338.0,2.0,2.0,3.0,1.0,2.0,2.0,1979.0
single_family,NA,1360000.0,2468.0,1.0,5.0,2.0,2.0,2.0,2.0,1965.0
condos,condo,579900.0,822.0,1.0,2.0,1.0,1.0,1.0,1.0,2004.0
single_family,NA,1299000.0,1185.0,1.0,3.0,2.0,2.0,2.0,2.0,1958.0
single_family,NA,959000.0,1651.0,1.0,3.0,2.0,1.0,2.0,2.0,1952.0
condos,condo,549000.0,1523.0,2.0,3.0,3.0,2.0,2.0,2.0,1976.0
condos,condo,429888.0,879.0,2.0,1.0,1.0,1.0,1.0,1.0,1987.0
mobile,NA,261250.0,1504.0,1.0,2.0,2.0,2.0,2.0,2.0,1989.0
land,NA,4995000.0,0.0,0.0,0.0,0.0,0.0,0.0,0.0,0.0
single_family,NA,715000.0,2136.0,1.0,3.0,2.0,2.0,2.0,2.0,2001.0
single_family,NA,1550000.0,2002.0,1.0,3.0,2.0,2.0,2.0,1.0,1957.0
single_family,NA,2699000.0,2269.0,2.0,3.0,3.0,1.0,3.0,2.0,1962.0
single_family,NA,919900.0,932.0,1.0,3.0,2.0,2.0,2.0,1.0,1923.0
single_family,NA,2680000.0,3020.0,2.0,4.0,3.0,3.0,3.0,2.0,1964.0
single_family,NA,1550000.0,3751.0,2.0,6.0,5.0,5.0,5.0,2.0,1954.0
single_family,NA,739000.0,1770.0,1.0,2.0,2.0,1.0,2.0,2.0,2023.0
single_family,NA,599000.0,3230.0,2.0,5.0,3.0,2.0,2.0,2.0,2006.0
single_family,NA,199900.0,1008.0,1.0,2.0,1.0,1.0,1.0,0.0,1957.0
single_family,NA,694999.0,1151.0,1.0,3.0,2.0,1.0,1.0,2.0,1964.0
single_family,NA,309900.0,1344.0,1.0,3.0,2.0,2.0,2.0,1.0,1962.0
single_family,NA,1310000.0,2365.0,2.0,4.0,3.0,3.0,3.0,2.0,2018.0
single_family,NA,1050000.0,1768.0,2.0,3.0,3.0,2.0,2.0,2.0,1965.0
single_family,NA,819000.0,2379.0,2.0,5.0,3.0,3.0,3.0,3.0,1998.0
single_family,NA,899900.0,1820.0,1.0,3.0,2.0,2.0,2.0,3.0,1989.0
condos,condo,399999.0,949.0,2.0,2.0,2.0,2.0,2.0,2.0,1984.0
single_family,NA,599900.0,1522.0,2.0,3.0,2.0,1.0,1.0,2.0,1972.0
single_family,NA,375000.0,2000.0,1.0,4.0,2.0,2.0,2.0,1.0,1920.0
land,NA,8500.0,0.0,0.0,0.0,0.0,0.0,0.0,0.0,0.0
single_family,NA,1495000.0,2291.0,2.0,4.0,3.0,2.0,2.0,2.0,2003.0
single_family,NA,435000.0,1857.0,1.0,4.0,2.0,2.0,2.0,2.0,1991.0
townhomes,townhouse,1599900.0,1366.0,2.0,3.0,3.0,2.0,2.0,2.0,1971.0
townhomes,townhouse,585000.0,1149.0,2.0,3.0,3.0,3.0,3.0,2.0,1988.0
single_family,NA,409900.0,1013.0,1.0,3.0,1.0,1.0,1.0,1.0,1960.0
single_family,NA,1250000.0,1038.0,1.0,3.0,2.0,2.0,2.0,0.0,2024.0
single_family,NA,1399888.0,2547.0,1.0,4.0,3.0,2.0,2.0,3.0,1968.0
single_family,NA,539999.0,1068.0,1.0,3.0,1.0,1.0,1.0,1.0,1956.0
single_family,NA,520000.0,2590.0,2.0,5.0,3.0,3.0,3.0,3.0,1998.0
single_family,NA,590000.0,1130.0,1.0,3.0,1.0,1.0,1.0,0.0,1906.0
single_family,NA,395000.0,1196.0,1.0,3.0,2.0,2.0,2.0,2.0,1980.0
single_family,NA,8240000.0,2660.0,1.0,3.0,3.0,3.0,3.0,2.0,1983.0
single_family,NA,699900.0,784.0,1.0,2.0,1.0,1.0,1.0,2.0,1941.0
mobile,NA,140000.0,1040.0,1.0,3.0,2.0,2.0,2.0,0.0,1965.0
single_family,NA,4798000.0,4060.0,1.0,5.0,5.0,4.0,4.0,2.0,1961.0
single_family,NA,1100000.0,1901.0,1.0,3.0,3.0,3.0,3.0,1.0,1958.0
single_family,NA,699999.0,1071.0,1.0,3.0,2.0,2.0,2.0,2.0,1961.0
single_family,NA,449500.0,1615.0,1.0,3.0,2.0,2.0,2.0,2.0,2008.0
single_family,NA,949900.0,2300.0,2.0,5.0,3.0,3.0,3.0,2.0,2005.0
single_family,NA,2398000.0,1587.0,1.0,3.0,2.0,2.0,2.0,2.0,1955.0
single_family,NA,499900.0,1958.0,1.0,4.0,2.0,2.0,2.0,3.0,1972.0
single_family,NA,275000.0,1528.0,1.0,3.0,2.0,2.0,2.0,2.0,1967.0
single_family,NA,899000.0,2116.0,2.0,4.0,3.0,3.0,3.0,3.0,1999.0
single_family,NA,724900.0,1050.0,1.0,3.0,2.0,2.0,2.0,0.0,1955.0
single_family,NA,699999.0,1014.0,1.0,2.0,1.0,1.0,1.0,1.0,1950.0
single_family,NA,2388000.0,1500.0,2.0,3.0,3.0,2.0,2.0,2.0,1984.0
single_family,NA,2495000.0,4037.0,2.0,6.0,4.0,4.0,4.0,4.0,2001.0
land,NA,1400000.0,0.0,0.0,0.0,0.0,0.0,0.0,0.0,0.0
single_family,NA,2995000.0,1797.0,1.0,3.0,2.0,2.0,2.0,2.0,1950.0
single_family,NA,1095000.0,1354.0,1.0,2.0,2.0,2.0,2.0,1.0,1982.0
single_family,NA,980000.0,2694.0,1.0,4.0,3.0,2.0,2.0,2.0,1966.0
single_family,NA,6295000.0,3250.0,2.0,4.0,5.0,4.0,4.0,2.0,2015.0
single_family,NA,720000.0,1526.0,1.0,2.0,2.0,2.0,2.0,2.0,2022.0
single_family,NA,800000.0,1659.0,1.0,3.0,2.0,2.0,2.0,0.0,1951.0
single_family,NA,1488000.0,2410.0,3.0,4.0,4.0,3.0,3.0,2.0,2018.0
single_family,NA,850000.0,3545.0,2.0,4.0,3.0,3.0,3.0,3.0,2004.0
single_family,NA,2965000.0,3196.0,2.0,3.0,4.0,3.0,3.0,2.0,1999.0
single_family,NA,887000.0,1545.0,1.0,4.0,2.0,2.0,2.0,2.0,1965.0
single_family,NA,899000.0,2862.0,2.0,5.0,3.0,3.0,3.0,2.0,2016.0
single_family,NA,350000.0,1536.0,1.0,3.0,2.0,2.0,2.0,0.0,1957.0
single_family,NA,1495000.0,1851.0,1.0,5.0,3.0,3.0,3.0,0.0,1960.0
single_family,NA,1288888.0,1071.0,1.0,3.0,2.0,2.0,2.0,2.0,1975.0
single_family,NA,2400000.0,1898.0,1.0,2.0,2.0,2.0,2.0,2.0,1980.0
single_family,NA,699900.0,1941.0,1.0,4.0,2.0,2.0,2.0,2.0,1983.0
single_family,NA,2600000.0,2560.0,3.0,4.0,3.0,3.0,3.0,2.0,1988.0
single_family,NA,698000.0,1178.0,1.0,3.0,1.0,1.0,1.0,0.0,1947.0
single_family,NA,420000.0,1397.0,1.0,3.0,2.0,2.0,2.0,2.0,1990.0
single_family,NA,700000.0,1930.0,2.0,4.0,3.0,3.0,3.0,2.0,2018.0
single_family,NA,599950.0,2872.0,2.0,5.0,3.0,3.0,3.0,2.0,2025.0
single_family,NA,1030000.0,1589.0,1.0,3.0,2.0,2.0,2.0,2.0,1973.0
land,NA,6999.0,0.0,0.0,0.0,0.0,0.0,0.0,0.0,0.0
single_family,NA,2799000.0,3246.0,1.0,5.0,4.0,4.0,4.0,4.0,2002.0
single_family,NA,529500.0,1850.0,1.0,3.0,2.0,2.0,2.0,0.0,2015.0
single_family,NA,2195000.0,3735.0,2.0,4.0,4.0,3.0,3.0,5.0,1994.0
townhomes,townhouse,1099000.0,1543.0,2.0,2.0,3.0,2.0,2.0,1.0,1993.0
single_family,NA,1549000.0,2402.0,2.0,3.0,2.0,2.0,2.0,0.0,1964.0
single_family,NA,799000.0,2189.0,2.0,4.0,3.0,3.0,3.0,0.0,2023.0
single_family,NA,2298000.0,3486.0,2.0,4.0,5.0,4.0,4.0,3.0,2006.0
single_family,NA,3600000.0,2027.0,1.0,4.0,3.0,3.0,3.0,2.0,1957.0
single_family,NA,1385000.0,2000.0,1.0,3.0,3.0,3.0,3.0,2.0,1979.0
single_family,NA,749000.0,2145.0,1.0,3.0,2.0,2.0,2.0,4.0,1978.0
single_family,NA,2690000.0,2753.0,1.0,5.0,3.0,3.0,3.0,2.0,1968.0
single_family,NA,1349999.0,2052.0,1.0,3.0,2.0,2.0,2.0,2.0,2023.0
single_family,NA,2495000.0,3953.0,1.0,3.0,4.0,3.0,3.0,5.0,2004.0
condos,condo,899000.0,1838.0,2.0,3.0,3.0,2.0,2.0,0.0,1979.0
condos,condo,1225000.0,1181.0,1.0,2.0,2.0,2.0,2.0,0.0,1975.0
single_family,NA,499000.0,789.0,1.0,2.0,1.0,1.0,1.0,0.0,1916.0
single_family,NA,1685000.0,2626.0,2.0,3.0,4.0,3.0,3.0,0.0,1925.0
condos,condo,519900.0,1010.0,2.0,2.0,2.0,2.0,2.0,2.0,1985.0
single_family,NA,437500.0,1432.0,1.0,2.0,2.0,1.0,2.0,2.0,2011.0
single_family,NA,725000.0,2241.0,1.0,4.0,2.0,2.0,2.0,3.0,2004.0
single_family,NA,1138000.0,3229.0,1.0,4.0,3.0,3.0,3.0,0.0,2015.0
single_family,NA,2449000.0,4141.0,2.0,6.0,5.0,5.0,5.0,1.0,1938.0
single_family,NA,3999999.0,4185.0,1.0,5.0,4.0,3.0,3.0,3.0,2009.0
single_family,NA,1350000.0,2705.0,2.0,4.0,3.0,2.0,2.0,0.0,1984.0
single_family,NA,550000.0,3182.0,2.0,5.0,4.0,3.0,3.0,0.0,1927.0
single_family,NA,675000.0,2885.0,1.0,3.0,3.0,2.0,2.0,0.0,2004.0
single_family,NA,2090000.0,3024.0,2.0,4.0,3.0,2.0,2.0,3.0,1988.0
townhomes,townhouse,699000.0,1195.0,2.0,2.0,2.0,2.0,2.0,2.0,1974.0
single_family,NA,549000.0,1890.0,1.0,3.0,2.0,2.0,2.0,0.0,1978.0
single_family,NA,499000.0,1506.0,1.0,4.0,2.0,2.0,2.0,2.0,1977.0
single_family,NA,319000.0,1492.0,1.0,2.0,2.0,2.0,2.0,2.0,2018.0
single_family,NA,1009000.0,2415.0,1.0,3.0,3.0,3.0,3.0,3.0,2002.0
single_family,NA,615000.0,2564.0,1.0,4.0,2.0,2.0,2.0,0.0,1999.0
single_family,NA,949000.0,2371.0,2.0,3.0,3.0,3.0,3.0,0.0,1988.0
single_family,NA,1397000.0,5238.0,2.0,4.0,5.0,1.0,4.0,3.0,1998.0
single_family,NA,1990000.0,3818.0,2.0,4.0,3.0,3.0,3.0,4.0,2020.0
single_family,NA,700000.0,1552.0,1.0,2.0,2.0,2.0,2.0,0.0,1989.0
single_family,NA,799950.0,2754.0,1.0,4.0,3.0,2.0,3.0,5.0,1997.0
single_family,NA,2700000.0,2307.0,3.0,3.0,3.0,2.0,2.0,0.0,1917.0
condos,condo,399888.0,907.0,1.0,2.0,2.0,2.0,2.0,1.0,1990.0
condos,condo,749000.0,1463.0,2.0,3.0,3.0,2.0,2.0,2.0,1974.0
single_family,NA,1095000.0,1295.0,1.0,2.0,2.0,2.0,2.0,0.0,1912.0
single_family,NA,669000.0,2088.0,1.0,3.0,4.0,3.0,3.0,3.0,2005.0
single_family,NA,1599000.0,2725.0,2.0,4.0,3.0,2.0,2.0,0.0,2009.0
single_family,NA,1450000.0,2900.0,1.0,5.0,4.0,3.0,3.0,8.0,1960.0
single_family,NA,700000.0,1300.0,1.0,4.0,2.0,2.0,2.0,0.0,1967.0
mobile,NA,543000.0,1656.0,1.0,3.0,2.0,2.0,2.0,0.0,2018.0
condos,condo,1200000.0,1510.0,1.0,2.0,3.0,2.0,2.0,2.0,2022.0
single_family,NA,650000.0,1992.0,2.0,3.0,3.0,3.0,3.0,2.0,1990.0
condos,condo,792000.0,2148.0,1.0,3.0,3.0,3.0,3.0,2.0,1988.0
single_family,NA,995000.0,3169.0,1.0,4.0,3.0,3.0,3.0,0.0,2000.0
single_family,NA,644950.0,1700.0,1.0,4.0,2.0,2.0,2.0,0.0,1976.0
single_family,NA,1275000.0,3848.0,2.0,3.0,4.0,3.0,3.0,2.0,2006.0
multi_family,NA,995000.0,3104.0,2.0,8.0,4.0,4.0,4.0,0.0,1963.0
single_family,NA,3288000.0,1792.0,1.0,3.0,2.0,2.0,2.0,2.0,1954.0
single_family,NA,2488000.0,1732.0,2.0,4.0,3.0,3.0,3.0,2.0,1954.0
single_family,NA,1598888.0,2132.0,2.0,5.0,3.0,2.0,2.0,2.0,1967.0
single_family,NA,1225000.0,2079.0,1.0,5.0,3.0,3.0,3.0,2.0,1956.0
single_family,NA,998000.0,988.0,1.0,3.0,1.0,1.0,1.0,2.0,1971.0
single_family,NA,1149999.0,2207.0,2.0,3.0,3.0,2.0,2.0,3.0,2003.0
single_family,NA,881950.0,3960.0,2.0,5.0,5.0,4.0,4.0,3.0,2025.0
single_family,NA,580000.0,1811.0,1.0,3.0,2.0,2.0,2.0,2.0,2005.0
single_family,NA,700000.0,1242.0,1.0,3.0,2.0,2.0,2.0,2.0,1972.0
single_family,NA,1050000.0,2650.0,2.0,4.0,3.0,3.0,3.0,0.0,1994.0
single_family,NA,1149000.0,2546.0,2.0,6.0,5.0,5.0,5.0,2.0,1990.0
single_family,NA,989000.0,1753.0,1.0,3.0,2.0,2.0,2.0,2.0,1964.0
single_family,NA,449900.0,1102.0,1.0,2.0,2.0,2.0,2.0,0.0,1981.0
single_family,NA,799000.0,1962.0,2.0,3.0,2.0,2.0,2.0,2.0,1954.0
single_family,NA,925000.0,2960.0,1.0,3.0,3.0,2.0,2.0,2.0,2001.0
single_family,NA,819000.0,2811.0,3.0,3.0,3.0,3.0,3.0,2.0,1989.0
single_family,NA,2995000.0,4603.0,2.0,5.0,5.0,5.0,5.0,3.0,1985.0
single_family,NA,780000.0,1365.0,2.0,2.0,1.0,1.0,1.0,2.0,1938.0
single_family,NA,935000.0,2075.0,2.0,3.0,3.0,3.0,3.0,2.0,2015.0
single_family,NA,1565000.0,1574.0,2.0,3.0,3.0,3.0,3.0,2.0,1950.0
single_family,NA,1350000.0,2387.0,2.0,4.0,3.0,2.0,2.0,2.0,1991.0
single_family,NA,1050000.0,2649.0,2.0,4.0,3.0,2.0,2.0,3.0,2019.0
single_family,NA,2999999.0,4243.0,1.0,4.0,5.0,1.0,4.0,2.0,2003.0
single_family,NA,3995000.0,4420.0,2.0,4.0,5.0,4.0,4.0,3.0,2025.0
single_family,NA,5488000.0,4392.0,1.0,5.0,5.0,4.0,4.0,2.0,1968.0
single_family,NA,1399000.0,1743.0,1.0,3.0,2.0,2.0,2.0,2.0,1969.0
single_family,NA,969000.0,2131.0,1.0,3.0,3.0,3.0,3.0,2.0,1973.0
single_family,NA,1395000.0,1615.0,1.0,3.0,2.0,2.0,2.0,0.0,1935.0
single_family,NA,1698000.0,2844.0,1.0,4.0,3.0,2.0,2.0,0.0,2019.0
single_family,NA,475000.0,2011.0,1.0,3.0,3.0,2.0,2.0,4.0,1971.0
single_family,NA,425000.0,900.0,1.0,3.0,2.0,2.0,2.0,2.0,1951.0
single_family,NA,585000.0,2570.0,2.0,4.0,3.0,3.0,3.0,2.0,2011.0
single_family,NA,1700000.0,3513.0,2.0,4.0,3.0,3.0,3.0,2.0,1979.0
single_family,NA,800000.0,3389.0,2.0,5.0,3.0,3.0,3.0,3.0,2002.0
single_family,NA,1998000.0,1751.0,1.0,3.0,3.0,2.0,2.0,2.0,1958.0
condos,condo,1050000.0,1461.0,1.0,2.0,2.0,2.0,2.0,2.0,1975.0
single_family,NA,325000.0,1624.0,1.0,3.0,2.0,1.0,1.0,3.0,1960.0
townhomes,townhouse,898000.0,1037.0,2.0,2.0,2.0,2.0,2.0,1.0,2000.0
single_family,NA,649999.0,2232.0,1.0,3.0,2.0,2.0,2.0,3.0,2022.0
single_family,NA,848900.0,1805.0,1.0,4.0,2.0,2.0,2.0,1.0,1955.0
single_family,NA,875000.0,1400.0,1.0,3.0,2.0,2.0,2.0,0.0,1973.0
single_family,NA,675000.0,1304.0,1.0,3.0,2.0,2.0,2.0,2.0,1975.0
single_family,NA,689900.0,2433.0,1.0,4.0,3.0,2.0,2.0,3.0,2006.0
single_family,NA,1698000.0,1788.0,1.0,4.0,2.0,2.0,2.0,2.0,1977.0
single_family,NA,1699000.0,2050.0,1.0,4.0,2.0,2.0,2.0,0.0,1971.0
single_family,NA,1649000.0,3528.0,2.0,4.0,4.0,3.0,3.0,3.0,2011.0
multi_family,NA,1295000.0,850.0,1.0,14.0,14.0,7.0,7.0,0.0,1963.0
condos,condo,649000.0,1253.0,1.0,2.0,2.0,2.0,2.0,1.0,1985.0
single_family,NA,599950.0,2639.0,2.0,5.0,3.0,3.0,3.0,0.0,2025.0
condos,condo,715000.0,1320.0,2.0,3.0,3.0,2.0,2.0,2.0,2007.0
single_family,NA,930000.0,1402.0,1.0,2.0,2.0,2.0,2.0,2.0,1965.0
single_family,NA,399000.0,1191.0,1.0,2.0,2.0,2.0,2.0,0.0,1955.0
single_family,NA,529900.0,1600.0,1.0,4.0,2.0,2.0,2.0,0.0,2025.0
single_family,NA,1050000.0,3355.0,1.0,4.0,3.0,2.0,3.0,3.0,2017.0
land,NA,82900.0,0.0,0.0,0.0,0.0,0.0,0.0,0.0,0.0
condos,condo,595000.0,1015.0,1.0,2.0,2.0,1.0,1.0,1.0,1974.0
condo_townhome_rowhome_coop,townhouse,474000.0,736.0,2.0,1.0,1.0,1.0,1.0,0.0,1973.0
single_family,NA,749900.0,1344.0,2.0,3.0,3.0,2.0,2.0,2.0,2004.0
single_family,NA,1110000.0,2097.0,2.0,4.0,3.0,3.0,3.0,2.0,1982.0
mobile,NA,269900.0,1776.0,1.0,2.0,2.0,2.0,2.0,0.0,1977.0
condos,condo,219000.0,589.0,2.0,1.0,1.0,1.0,1.0,0.0,1981.0
single_family,NA,989000.0,1622.0,1.0,3.0,2.0,2.0,2.0,0.0,1962.0
single_family,NA,1099000.0,1929.0,3.0,4.0,4.0,3.0,3.0,2.0,2024.0
condos,condo,425000.0,960.0,2.0,2.0,2.0,1.0,1.0,2.0,1980.0
single_family,NA,1749000.0,1586.0,1.0,3.0,2.0,2.0,2.0,2.0,1950.0
single_family,NA,3688000.0,5177.0,2.0,6.0,6.0,5.0,5.0,4.0,2006.0
single_family,NA,635000.0,1089.0,1.0,3.0,1.0,1.0,1.0,2.0,1950.0
single_family,NA,2388000.0,2167.0,1.0,4.0,2.0,2.0,2.0,2.0,1975.0
single_family,NA,404000.0,1827.0,1.0,3.0,2.0,1.0,2.0,2.0,1973.0
single_family,NA,397000.0,1410.0,1.0,3.0,2.0,2.0,2.0,0.0,1986.0
single_family,NA,794999.0,1205.0,1.0,3.0,2.0,2.0,2.0,2.0,1968.0
single_family,NA,511950.0,1757.0,1.0,4.0,2.0,2.0,2.0,0.0,2025.0
single_family,NA,2488000.0,1729.0,1.0,4.0,2.0,2.0,2.0,2.0,1956.0
single_family,NA,1750000.0,1843.0,1.0,4.0,2.0,2.0,2.0,2.0,1971.0
single_family,NA,559999.0,1336.0,1.0,4.0,2.0,2.0,2.0,0.0,1987.0
condos,condo,425000.0,798.0,1.0,1.0,1.0,1.0,1.0,0.0,1980.0
townhomes,townhouse,625000.0,1568.0,2.0,3.0,3.0,2.0,2.0,2.0,1981.0
single_family,NA,924000.0,1974.0,1.0,4.0,3.0,2.0,2.0,3.0,1990.0
single_family,NA,480000.0,2209.0,2.0,5.0,3.0,3.0,3.0,2.0,2010.0
single_family,NA,988000.0,1204.0,1.0,3.0,2.0,2.0,2.0,2.0,1961.0
townhomes,townhouse,1098000.0,1652.0,3.0,3.0,3.0,3.0,3.0,2.0,2019.0
single_family,NA,1048000.0,1204.0,1.0,3.0,2.0,2.0,2.0,2.0,1964.0
single_family,NA,1888888.0,1552.0,1.0,4.0,3.0,3.0,3.0,2.0,1952.0
single_family,NA,985000.0,1630.0,1.0,3.0,2.0,2.0,2.0,2.0,1986.0
single_family,NA,575000.0,881.0,1.0,2.0,1.0,1.0,1.0,1.0,1972.0
single_family,NA,707700.0,930.0,1.0,2.0,1.0,1.0,1.0,0.0,1948.0
single_family,NA,539209.0,2260.0,2.0,4.0,3.0,3.0,3.0,2.0,2025.0
single_family,NA,1299000.0,1540.0,1.0,3.0,2.0,2.0,2.0,2.0,1955.0
single_family,NA,978000.0,1523.0,2.0,3.0,3.0,2.0,2.0,2.0,2018.0
condos,condo,400000.0,1114.0,1.0,2.0,2.0,2.0,2.0,0.0,1972.0
condos,condo,499999.0,1089.0,1.0,3.0,2.0,2.0,2.0,0.0,1981.0
single_family,NA,579999.0,1690.0,2.0,3.0,3.0,2.0,2.0,0.0,1990.0
condos,condo,778000.0,1019.0,1.0,2.0,2.0,2.0,2.0,1.0,1991.0
single_family,NA,1050000.0,1537.0,1.0,3.0,2.0,2.0,2.0,2.0,1973.0
single_family,NA,298000.0,1074.0,1.0,2.0,1.0,1.0,1.0,2.0,1981.0
single_family,NA,829999.0,1788.0,1.0,3.0,2.0,2.0,2.0,2.0,1977.0
condos,condo,589000.0,1025.0,1.0,2.0,2.0,2.0,2.0,1.0,1992.0
single_family,NA,550000.0,1925.0,1.0,3.0,2.0,2.0,2.0,2.0,1956.0
single_family,NA,599999.0,2024.0,2.0,4.0,3.0,2.0,2.0,0.0,1988.0
townhomes,townhouse,575000.0,949.0,2.0,2.0,2.0,1.0,1.0,0.0,1970.0
condos,condo,465000.0,749.0,1.0,1.0,1.0,1.0,1.0,0.0,1982.0
single_family,NA,365000.0,2136.0,1.0,3.0,2.0,2.0,2.0,2.0,2005.0
single_family,NA,1100000.0,2045.0,1.0,3.0,3.0,1.0,3.0,2.0,1975.0
single_family,NA,414900.0,1542.0,2.0,3.0,3.0,3.0,3.0,0.0,2018.0
single_family,NA,1149000.0,1340.0,1.0,3.0,2.0,2.0,2.0,2.0,1949.0
single_family,NA,429999.0,2089.0,1.0,4.0,2.0,2.0,2.0,0.0,1982.0
single_family,NA,1750000.0,2968.0,2.0,5.0,3.0,2.0,2.0,2.0,2023.0
single_family,NA,392000.0,1440.0,1.0,3.0,2.0,2.0,2.0,2.0,2007.0
single_family,NA,350000.0,1176.0,1.0,2.0,2.0,2.0,2.0,2.0,1993.0
single_family,NA,635000.0,1272.0,1.0,3.0,2.0,2.0,2.0,2.0,1990.0
single_family,NA,399000.0,1749.0,1.0,3.0,2.0,1.0,2.0,0.0,1964.0
condos,condo,405000.0,932.0,2.0,2.0,2.0,1.0,1.0,0.0,1980.0
condos,condo,749900.0,1826.0,3.0,4.0,4.0,3.0,3.0,2.0,2026.0
single_family,NA,875000.0,1402.0,3.0,3.0,2.0,2.0,2.0,0.0,2025.0
single_family,NA,599000.0,2283.0,2.0,4.0,3.0,2.0,3.0,2.0,2004.0
single_family,NA,259900.0,884.0,1.0,2.0,2.0,2.0,2.0,2.0,1946.0
single_family,NA,309900.0,1044.0,1.0,3.0,2.0,1.0,2.0,0.0,1980.0
single_family,NA,324900.0,1289.0,1.0,3.0,2.0,2.0,2.0,0.0,1982.0
single_family,NA,1130000.0,1204.0,1.0,3.0,2.0,2.0,2.0,2.0,1962.0
land,NA,499000.0,0.0,0.0,0.0,0.0,0.0,0.0,0.0,0.0
land,NA,650000.0,0.0,0.0,0.0,0.0,0.0,0.0,0.0,0.0
single_family,NA,372500.0,1428.0,1.0,3.0,2.0,2.0,2.0,2.0,1962.0
single_family,NA,1495000.0,1543.0,1.0,4.0,2.0,2.0,2.0,2.0,1972.0
single_family,NA,2450000.0,804.0,1.0,2.0,1.0,1.0,1.0,1.0,1948.0
land,NA,15000.0,0.0,0.0,0.0,0.0,0.0,0.0,0.0,0.0
condos,condo,595000.0,1331.0,1.0,3.0,2.0,2.0,2.0,2.0,1981.0
condos,condo,679000.0,845.0,1.0,2.0,1.0,1.0,1.0,1.0,1980.0
single_family,NA,1050000.0,2357.0,1.0,4.0,2.0,2.0,2.0,2.0,1974.0
condos,condo,779000.0,1379.0,3.0,2.0,3.0,2.0,2.0,2.0,2013.0
condos,condo,549999.0,1233.0,1.0,2.0,2.0,2.0,2.0,0.0,1985.0
condos,condo,1599000.0,2210.0,2.0,3.0,3.0,3.0,3.0,2.0,1993.0
single_family,NA,1325000.0,2015.0,2.0,3.0,3.0,2.0,2.0,2.0,1998.0
single_family,NA,1485000.0,4289.0,2.0,5.0,5.0,5.0,5.0,0.0,2019.0
single_family,NA,499999.0,2000.0,2.0,4.0,3.0,3.0,3.0,2.0,2021.0
single_family,NA,539000.0,2142.0,1.0,2.0,2.0,2.0,2.0,3.0,1999.0
single_family,NA,475000.0,1671.0,2.0,3.0,3.0,2.0,2.0,2.0,1997.0
single_family,NA,1498888.0,1232.0,1.0,3.0,2.0,2.0,2.0,2.0,1964.0
single_family,NA,590000.0,1749.0,1.0,4.0,2.0,2.0,2.0,2.0,2023.0
single_family,NA,1699000.0,2452.0,2.0,4.0,3.0,1.0,3.0,2.0,1962.0
mobile,NA,475000.0,1536.0,1.0,2.0,2.0,2.0,2.0,0.0,1976.0
single_family,NA,549999.0,1290.0,1.0,3.0,2.0,2.0,2.0,0.0,1968.0
townhomes,townhouse,535000.0,952.0,2.0,2.0,1.0,1.0,1.0,0.0,1985.0
single_family,NA,649950.0,2920.0,2.0,5.0,3.0,3.0,3.0,3.0,2017.0
farm,NA,1575000.0,1542.0,1.0,3.0,2.0,2.0,2.0,0.0,1996.0
condos,condo,647000.0,1476.0,2.0,3.0,3.0,2.0,2.0,2.0,1981.0
condos,condo,550000.0,1627.0,1.0,3.0,2.0,2.0,2.0,2.0,1989.0
single_family,NA,729990.0,2513.0,1.0,4.0,3.0,3.0,3.0,3.0,2026.0
single_family,NA,439990.0,1509.0,1.0,4.0,2.0,2.0,2.0,0.0,2025.0
land,NA,1500000.0,0.0,0.0,0.0,0.0,0.0,0.0,0.0,0.0
condos,condo,699900.0,1500.0,2.0,3.0,3.0,2.0,2.0,2.0,2004.0
single_family,NA,349000.0,1277.0,1.0,3.0,2.0,2.0,2.0,0.0,1939.0
single_family,NA,1430000.0,2351.0,2.0,4.0,4.0,4.0,4.0,0.0,1979.0
condos,condo,359000.0,1024.0,2.0,2.0,2.0,1.0,1.0,1.0,1972.0
single_family,NA,419500.0,1651.0,1.0,4.0,2.0,2.0,2.0,3.0,2001.0
single_family,NA,965000.0,2508.0,2.0,3.0,4.0,3.0,3.0,2.0,1972.0
single_family,NA,734990.0,1987.0,2.0,2.0,3.0,3.0,3.0,2.0,2021.0
single_family,NA,944000.0,1092.0,1.0,3.0,2.0,2.0,2.0,2.0,1948.0
single_family,NA,450000.0,3260.0,2.0,5.0,3.0,3.0,3.0,2.0,2006.0
single_family,NA,1850000.0,2790.0,2.0,4.0,3.0,2.0,2.0,2.0,1999.0
land,NA,12000.0,0.0,0.0,0.0,0.0,0.0,0.0,0.0,0.0
land,NA,15000.0,0.0,0.0,0.0,0.0,0.0,0.0,0.0,0.0
single_family,NA,398000.0,1133.0,1.0,3.0,2.0,2.0,2.0,2.0,1992.0
single_family,NA,439000.0,1772.0,1.0,3.0,2.0,2.0,2.0,2.0,1987.0
multi_family,NA,1050000.0,1260.0,1.0,2.0,2.0,2.0,2.0,2.0,1947.0
single_family,NA,729990.0,3015.0,2.0,5.0,3.0,3.0,3.0,3.0,2026.0
mobile,NA,289000.0,1344.0,1.0,2.0,2.0,2.0,2.0,0.0,1978.0
condos,condo,518800.0,951.0,1.0,2.0,2.0,2.0,2.0,1.0,1980.0
single_family,NA,784000.0,2949.0,1.0,4.0,4.0,4.0,4.0,2.0,1959.0
single_family,NA,595000.0,1172.0,1.0,3.0,2.0,1.0,1.0,2.0,1963.0
condos,condo,649900.0,827.0,1.0,2.0,1.0,1.0,1.0,1.0,1975.0
condos,condo,649000.0,954.0,1.0,2.0,2.0,2.0,2.0,0.0,2005.0
single_family,NA,599000.0,1398.0,1.0,3.0,2.0,2.0,2.0,0.0,1946.0
single_family,NA,185000.0,1814.0,1.0,3.0,2.0,2.0,2.0,0.0,1943.0
condos,condo,488000.0,864.0,1.0,2.0,1.0,1.0,1.0,0.0,1973.0
single_family,NA,27500000.0,7749.0,3.0,6.0,8.0,6.0,6.0,5.0,1928.0
condos,condo,499990.0,1900.0,2.0,4.0,3.0,3.0,3.0,2.0,2025.0
single_family,NA,650000.0,1266.0,1.0,3.0,1.0,0.0,1.0,2.0,1954.0
single_family,NA,1998000.0,1110.0,1.0,3.0,2.0,2.0,2.0,0.0,1949.0
mobile,NA,275000.0,1296.0,1.0,3.0,2.0,2.0,2.0,2.0,2005.0
condos,condo,558000.0,1115.0,3.0,2.0,3.0,2.0,2.0,2.0,1986.0
single_family,NA,639000.0,2692.0,1.0,3.0,3.0,3.0,3.0,2.0,2018.0
single_family,NA,749000.0,943.0,1.0,3.0,1.0,1.0,1.0,0.0,1940.0
single_family,NA,6995000.0,6571.0,3.0,5.0,8.0,1.0,6.0,4.0,2021.0
single_family,NA,997200.0,1993.0,1.0,4.0,2.0,2.0,2.0,2.0,1998.0
single_family,NA,479995.0,2070.0,1.0,4.0,2.0,2.0,2.0,2.0,1981.0
single_family,NA,675000.0,1516.0,1.0,3.0,2.0,2.0,2.0,2.0,2007.0
single_family,NA,950000.0,1512.0,2.0,3.0,2.0,2.0,2.0,1.0,1949.0
condos,condo,330000.0,758.0,1.0,1.0,1.0,1.0,1.0,0.0,1974.0
single_family,NA,530000.0,2988.0,2.0,5.0,4.0,3.0,3.0,0.0,2024.0
single_family,NA,695000.0,2879.0,2.0,4.0,4.0,3.0,3.0,2.0,2023.0
single_family,NA,499900.0,798.0,1.0,2.0,1.0,1.0,1.0,1.0,1920.0
single_family,NA,698000.0,827.0,1.0,2.0,1.0,1.0,1.0,1.0,1949.0
single_family,NA,472900.0,1686.0,1.0,2.0,2.0,2.0,2.0,0.0,2024.0
condos,condo,765000.0,1454.0,2.0,2.0,2.0,2.0,2.0,2.0,2003.0
condos,condo,499000.0,903.0,2.0,2.0,1.0,1.0,1.0,1.0,1971.0
land,NA,150000.0,0.0,0.0,0.0,0.0,0.0,0.0,0.0,0.0
single_family,NA,1100000.0,1946.0,1.0,3.0,2.0,2.0,2.0,3.0,1998.0
condos,condo,1295000.0,2093.0,2.0,4.0,3.0,3.0,3.0,2.0,1980.0
single_family,NA,619000.0,1282.0,1.0,3.0,2.0,2.0,2.0,2.0,1956.0
single_family,NA,269000.0,1092.0,1.0,3.0,2.0,1.0,2.0,1.0,1994.0
single_family,NA,460000.0,1120.0,2.0,2.0,1.0,1.0,1.0,1.0,1988.0
single_family,NA,3098000.0,2645.0,2.0,5.0,4.0,3.0,3.0,2.0,2003.0
single_family,NA,579000.0,628.0,1.0,2.0,1.0,1.0,1.0,1.0,1941.0
single_family,NA,475000.0,1744.0,1.0,3.0,2.0,2.0,2.0,1.0,2006.0
single_family,NA,449900.0,1631.0,1.0,4.0,2.0,1.0,2.0,2.0,1957.0
single_family,NA,699999.0,2183.0,2.0,4.0,3.0,3.0,3.0,2.0,2024.0
land,NA,12000.0,0.0,0.0,0.0,0.0,0.0,0.0,0.0,0.0
single_family,NA,899000.0,3450.0,2.0,4.0,5.0,4.0,4.0,3.0,2007.0
land,NA,1095000.0,0.0,0.0,0.0,0.0,0.0,0.0,0.0,0.0
single_family,NA,2150000.0,2181.0,2.0,3.0,3.0,3.0,3.0,2.0,1966.0
condos,condo,4750000.0,3245.0,1.0,3.0,4.0,3.0,3.0,2.0,1991.0
single_family,NA,699999.0,1719.0,2.0,4.0,3.0,3.0,3.0,2.0,1986.0
townhomes,townhouse,550000.0,1182.0,3.0,3.0,3.0,2.0,2.0,2.0,1986.0
single_family,NA,299000.0,1188.0,1.0,2.0,2.0,2.0,2.0,2.0,1950.0
single_family,NA,449000.0,1924.0,1.0,3.0,2.0,2.0,2.0,2.0,1992.0
townhomes,townhouse,527000.0,1314.0,2.0,3.0,3.0,2.0,2.0,2.0,2026.0
single_family,NA,525000.0,1554.0,2.0,3.0,3.0,2.0,2.0,2.0,1983.0
single_family,NA,1599990.0,4562.0,1.0,5.0,4.0,3.0,3.0,3.0,2006.0
single_family,NA,1026000.0,1672.0,2.0,4.0,3.0,3.0,3.0,2.0,1976.0
condos,condo,475000.0,1036.0,1.0,2.0,2.0,2.0,2.0,1.0,1970.0
single_family,NA,395000.0,1518.0,2.0,3.0,2.0,1.0,2.0,0.0,1996.0
mobile,NA,478900.0,1200.0,1.0,2.0,2.0,0.0,2.0,0.0,1968.0
condos,condo,1250000.0,1168.0,1.0,1.0,2.0,1.0,1.0,2.0,2014.0
condos,condo,990000.0,1761.0,3.0,3.0,4.0,2.0,2.0,2.0,2020.0
single_family,NA,1849000.0,2172.0,1.0,4.0,2.0,2.0,2.0,2.0,1970.0
single_family,NA,1495000.0,2446.0,2.0,3.0,3.0,3.0,3.0,2.0,1997.0
single_family,NA,799999.0,2500.0,1.0,6.0,4.0,4.0,4.0,0.0,2007.0
single_family,NA,4200000.0,9025.0,1.0,6.0,7.0,6.0,6.0,4.0,1993.0
condos,condo,460000.0,1787.0,1.0,3.0,2.0,1.0,2.0,2.0,1997.0
single_family,NA,195000.0,754.0,1.0,1.0,1.0,1.0,1.0,1.0,1954.0
single_family,NA,650000.0,942.0,1.0,3.0,1.0,1.0,1.0,1.0,1959.0
land,NA,100000.0,0.0,0.0,0.0,0.0,0.0,0.0,0.0,0.0
condo_townhome_rowhome_coop,townhouse,379000.0,644.0,2.0,1.0,1.0,1.0,1.0,1.0,1975.0
single_family,NA,1449888.0,1809.0,2.0,3.0,3.0,2.0,2.0,2.0,2017.0
condos,condo,869555.0,1493.0,2.0,3.0,2.0,2.0,2.0,2.0,2025.0
land,NA,119999.0,0.0,0.0,0.0,0.0,0.0,0.0,0.0,0.0
single_family,NA,1295000.0,924.0,1.0,3.0,2.0,2.0,2.0,0.0,1940.0
land,NA,185000.0,0.0,0.0,0.0,0.0,0.0,0.0,0.0,0.0
land,NA,4000.0,0.0,0.0,0.0,0.0,0.0,0.0,0.0,0.0
condos,condo,1495000.0,2050.0,1.0,3.0,2.0,2.0,2.0,1.0,1982.0
single_family,NA,1770848.0,2612.0,2.0,4.0,3.0,3.0,3.0,2.0,2025.0
mobile,NA,125000.0,1368.0,1.0,2.0,2.0,0.0,2.0,0.0,1978.0
single_family,NA,1199000.0,1699.0,1.0,3.0,2.0,2.0,2.0,2.0,1971.0
land,NA,99000.0,0.0,0.0,0.0,0.0,0.0,0.0,0.0,0.0
single_family,NA,839900.0,1675.0,1.0,3.0,2.0,2.0,2.0,2.0,2025.0
townhomes,townhouse,929888.0,1429.0,2.0,3.0,3.0,2.0,2.0,2.0,1999.0
single_family,NA,629900.0,2375.0,2.0,3.0,3.0,2.0,2.0,2.0,2004.0
single_family,NA,529000.0,2012.0,2.0,4.0,3.0,3.0,3.0,2.0,2024.0
single_family,NA,2395000.0,1960.0,1.0,3.0,2.0,2.0,2.0,2.0,1951.0
single_family,NA,2999888.0,4686.0,2.0,5.0,6.0,6.0,6.0,3.0,2024.0
single_family,NA,537500.0,1932.0,2.0,4.0,3.0,3.0,3.0,2.0,2023.0
condos,condo,169900.0,903.0,2.0,2.0,1.0,1.0,1.0,1.0,1969.0
condos,condo,940000.0,1089.0,1.0,2.0,2.0,2.0,2.0,1.0,2004.0
condos,condo,475000.0,1207.0,1.0,2.0,2.0,1.0,2.0,2.0,1965.0
land,NA,2990.0,0.0,0.0,0.0,0.0,0.0,0.0,0.0,0.0
condos,condo,799000.0,1439.0,2.0,2.0,3.0,3.0,3.0,0.0,1989.0
mobile,NA,99900.0,1248.0,1.0,3.0,2.0,2.0,2.0,0.0,1990.0
single_family,NA,567000.0,848.0,1.0,2.0,1.0,1.0,1.0,2.0,1950.0
single_family,NA,450000.0,1000.0,1.0,3.0,1.0,1.0,1.0,2.0,1955.0
single_family,NA,1099900.0,1921.0,2.0,4.0,3.0,2.0,2.0,2.0,1985.0
single_family,NA,3000000.0,1668.0,1.0,3.0,2.0,2.0,2.0,2.0,1947.0
single_family,NA,1695000.0,2804.0,3.0,3.0,3.0,2.0,2.0,1.0,1919.0
single_family,NA,480000.0,1955.0,2.0,3.0,3.0,2.0,2.0,2.0,2019.0
condos,condo,475000.0,675.0,1.0,1.0,1.0,1.0,1.0,0.0,1972.0
single_family,NA,1279000.0,1490.0,1.0,3.0,3.0,1.0,2.0,2.0,1953.0
single_family,NA,2749000.0,3670.0,2.0,6.0,4.0,3.0,3.0,2.0,1973.0
land,NA,15000.0,0.0,0.0,0.0,0.0,0.0,0.0,0.0,0.0
single_family,NA,475000.0,1300.0,1.0,3.0,1.0,1.0,1.0,0.0,1917.0
single_family,NA,363390.0,1623.0,2.0,3.0,3.0,2.0,2.0,2.0,2026.0
single_family,NA,475000.0,1314.0,1.0,3.0,2.0,2.0,2.0,1.0,1989.0
condos,condo,609000.0,1256.0,2.0,3.0,3.0,2.0,2.0,1.0,1980.0
single_family,NA,1375000.0,1630.0,2.0,3.0,2.0,1.0,2.0,1.0,1920.0
mobile,NA,407000.0,1272.0,1.0,2.0,2.0,2.0,2.0,2.0,1990.0
single_family,NA,500000.0,1381.0,2.0,3.0,3.0,2.0,2.0,2.0,1984.0
condos,condo,799900.0,1200.0,1.0,2.0,2.0,2.0,2.0,2.0,2015.0
single_family,NA,469990.0,1296.0,2.0,3.0,2.0,2.0,2.0,2.0,2023.0
single_family,NA,649988.0,1395.0,1.0,4.0,2.0,2.0,2.0,2.0,1950.0
townhomes,townhouse,689000.0,1120.0,1.0,3.0,2.0,2.0,2.0,1.0,1973.0
condos,condo,459000.0,841.0,1.0,2.0,1.0,1.0,1.0,2.0,1983.0
multi_family,NA,1285000.0,796.0,1.0,0.0,3.0,3.0,3.0,0.0,1926.0
single_family,NA,554000.0,1374.0,1.0,3.0,2.0,2.0,2.0,0.0,1975.0
single_family,NA,1598000.0,1651.0,2.0,4.0,3.0,2.0,2.0,2.0,1988.0
single_family,NA,725000.0,2264.0,1.0,4.0,2.0,2.0,2.0,2.0,1955.0
single_family,NA,2295000.0,3399.0,2.0,4.0,3.0,3.0,3.0,0.0,1965.0
condos,condo,465000.0,994.0,1.0,2.0,1.0,1.0,1.0,2.0,1978.0
mobile,NA,138000.0,1440.0,1.0,3.0,2.0,2.0,2.0,0.0,1980.0
single_family,NA,899900.0,2050.0,2.0,4.0,3.0,2.0,2.0,3.0,1988.0
single_family,NA,855000.0,1654.0,1.0,4.0,2.0,2.0,2.0,2.0,1980.0
single_family,NA,479900.0,1277.0,1.0,4.0,2.0,2.0,2.0,0.0,2001.0
single_family,NA,2085000.0,3114.0,2.0,5.0,3.0,3.0,3.0,3.0,2002.0
condos,condo,1950000.0,2246.0,2.0,4.0,3.0,3.0,3.0,2.0,2018.0
mobile,NA,115000.0,480.0,1.0,1.0,1.0,1.0,1.0,0.0,1979.0
single_family,NA,425000.0,955.0,1.0,2.0,2.0,2.0,2.0,1.0,1988.0
single_family,NA,345000.0,1632.0,1.0,3.0,2.0,2.0,2.0,2.0,2006.0
single_family,NA,4785900.0,3804.0,1.0,3.0,3.0,3.0,3.0,3.0,1990.0
single_family,NA,796888.0,2652.0,3.0,4.0,3.0,3.0,3.0,3.0,1989.0
single_family,NA,879000.0,1358.0,1.0,3.0,2.0,2.0,2.0,2.0,1957.0
single_family,NA,838900.0,1855.0,1.0,2.0,2.0,0.0,2.0,2.0,2021.0
single_family,NA,425000.0,1154.0,1.0,3.0,2.0,2.0,2.0,2.0,1990.0
single_family,NA,899990.0,1668.0,1.0,3.0,2.0,1.0,2.0,2.0,1982.0
single_family,NA,1365000.0,2168.0,2.0,3.0,3.0,2.0,3.0,2.0,1909.0
single_family,NA,1149000.0,1272.0,1.0,3.0,2.0,2.0,2.0,2.0,1963.0
single_family,NA,1599000.0,2031.0,1.0,3.0,3.0,2.0,2.0,3.0,1990.0
single_family,NA,919500.0,1565.0,1.0,3.0,2.0,2.0,2.0,2.0,1924.0
townhomes,townhouse,620000.0,1750.0,2.0,3.0,3.0,2.0,2.0,2.0,1992.0
land,NA,25000.0,0.0,0.0,0.0,0.0,0.0,0.0,0.0,0.0
single_family,NA,549500.0,1996.0,1.0,3.0,2.0,2.0,2.0,2.0,2021.0
single_family,NA,365000.0,1191.0,1.0,3.0,2.0,2.0,2.0,0.0,2006.0
single_family,NA,1125000.0,2910.0,2.0,4.0,3.0,2.0,3.0,2.0,1980.0
single_family,NA,995000.0,3108.0,2.0,4.0,4.0,3.0,3.0,3.0,2020.0
single_family,NA,725000.0,1359.0,1.0,2.0,2.0,1.0,2.0,0.0,1941.0
condos,condo,399000.0,1030.0,2.0,2.0,2.0,2.0,2.0,2.0,1982.0
single_family,NA,450000.0,1410.0,1.0,3.0,1.0,1.0,1.0,2.0,1956.0
single_family,NA,949000.0,1012.0,1.0,2.0,2.0,2.0,2.0,0.0,1990.0
land,NA,6000.0,0.0,0.0,0.0,0.0,0.0,0.0,0.0,0.0
mobile,NA,257500.0,1536.0,1.0,2.0,2.0,1.0,2.0,3.0,1973.0
single_family,NA,2498000.0,1344.0,1.0,3.0,2.0,2.0,2.0,2.0,1958.0
mobile,NA,190000.0,1000.0,1.0,2.0,2.0,2.0,2.0,0.0,1964.0
single_family,NA,1200000.0,1651.0,1.0,3.0,2.0,2.0,2.0,2.0,1977.0
single_family,NA,1199000.0,1200.0,1.0,4.0,2.0,2.0,2.0,2.0,1971.0
single_family,NA,469000.0,1277.0,1.0,3.0,2.0,2.0,2.0,2.0,1956.0
single_family,NA,1190000.0,3694.0,3.0,4.0,4.0,4.0,4.0,3.0,2005.0
single_family,NA,479000.0,1405.0,1.0,2.0,2.0,2.0,2.0,2.0,1959.0
single_family,NA,1099000.0,1279.0,1.0,2.0,2.0,1.0,2.0,2.0,1991.0
single_family,NA,839000.0,1153.0,1.0,3.0,2.0,2.0,2.0,2.0,1953.0
townhomes,townhouse,784990.0,1794.0,3.0,3.0,4.0,3.0,3.0,2.0,2026.0
condos,condo,1276000.0,1541.0,2.0,3.0,3.0,3.0,3.0,2.0,2016.0
single_family,NA,559990.0,1501.0,1.0,3.0,2.0,2.0,2.0,2.0,2025.0
single_family,NA,1299000.0,2103.0,2.0,3.0,3.0,2.0,2.0,2.0,1977.0
single_family,NA,2985000.0,4711.0,2.0,6.0,4.0,3.0,3.0,2.0,1913.0
single_family,NA,519000.0,2297.0,1.0,3.0,3.0,2.0,2.0,3.0,2007.0
townhomes,townhouse,799000.0,1850.0,2.0,3.0,3.0,3.0,3.0,2.0,1988.0
single_family,NA,450000.0,1240.0,1.0,3.0,3.0,3.0,3.0,2.0,1951.0
single_family,NA,1499900.0,2316.0,2.0,4.0,3.0,2.0,3.0,3.0,1996.0
townhomes,townhouse,699000.0,1204.0,2.0,2.0,3.0,2.0,2.0,2.0,1986.0
multi_family,NA,1399000.0,2139.0,1.0,4.0,3.0,3.0,3.0,1.0,1953.0
mobile,NA,230000.0,1160.0,1.0,3.0,2.0,2.0,2.0,3.0,2003.0
single_family,NA,995000.0,950.0,1.0,2.0,1.0,1.0,1.0,0.0,1922.0
single_family,NA,145000.0,1231.0,1.0,3.0,1.0,1.0,1.0,1.0,1942.0
single_family,NA,499000.0,2016.0,1.0,3.0,2.0,2.0,2.0,2.0,1975.0
land,NA,15000.0,0.0,0.0,0.0,0.0,0.0,0.0,0.0,0.0
mobile,NA,289000.0,1593.0,1.0,3.0,2.0,2.0,2.0,0.0,2006.0
single_family,NA,860000.0,1702.0,1.0,3.0,2.0,2.0,2.0,2.0,1966.0
single_family,NA,669999.0,1737.0,2.0,3.0,3.0,2.0,2.0,2.0,2011.0
land,NA,2000000.0,0.0,0.0,0.0,0.0,0.0,0.0,0.0,0.0
single_family,NA,2361960.0,3536.0,2.0,4.0,4.0,3.0,3.0,3.0,2025.0
land,NA,74900.0,0.0,0.0,0.0,0.0,0.0,0.0,0.0,0.0
single_family,NA,899000.0,1374.0,1.0,3.0,3.0,3.0,3.0,1.0,1950.0
single_family,NA,9995000.0,5177.0,2.0,5.0,6.0,6.0,6.0,3.0,1969.0
single_family,NA,839000.0,1153.0,1.0,3.0,2.0,2.0,2.0,2.0,1953.0
single_family,NA,4995000.0,6518.0,2.0,5.0,6.0,5.0,5.0,3.0,2025.0
single_family,NA,700000.0,1262.0,1.0,3.0,2.0,2.0,2.0,2.0,1953.0
single_family,NA,829000.0,1475.0,2.0,3.0,3.0,2.0,2.0,2.0,1987.0
single_family,NA,599000.0,1539.0,2.0,3.0,3.0,2.0,2.0,2.0,1988.0
condos,condo,588000.0,915.0,1.0,2.0,1.0,1.0,1.0,2.0,1983.0
mobile,NA,250000.0,900.0,1.0,3.0,2.0,2.0,2.0,0.0,2020.0
condos,condo,540000.0,1555.0,3.0,3.0,4.0,3.0,3.0,2.0,2018.0
condos,condo,570000.0,942.0,2.0,2.0,2.0,2.0,2.0,0.0,1977.0
single_family,NA,1999900.0,2286.0,2.0,4.0,3.0,2.0,2.0,2.0,1984.0
single_family,NA,110000.0,1505.0,1.0,2.0,2.0,2.0,2.0,2.0,1968.0
single_family,NA,675000.0,1400.0,1.0,3.0,2.0,1.0,1.0,2.0,1954.0
condos,condo,726000.0,1894.0,3.0,3.0,3.0,2.0,2.0,2.0,2021.0
single_family,NA,3395000.0,1911.0,1.0,3.0,2.0,2.0,2.0,2.0,1978.0
single_family,NA,1449900.0,2402.0,2.0,4.0,3.0,2.0,2.0,2.0,1989.0
single_family,NA,1095000.0,3873.0,3.0,4.0,4.0,4.0,4.0,3.0,2008.0
single_family,NA,1800000.0,1050.0,1.0,3.0,1.0,1.0,1.0,1.0,1950.0
single_family,NA,1300000.0,2026.0,1.0,3.0,3.0,3.0,3.0,3.0,1984.0
multi_family,NA,1249000.0,3106.0,1.0,7.0,5.0,5.0,5.0,0.0,1922.0
single_family,NA,919999.0,2253.0,2.0,4.0,3.0,3.0,3.0,3.0,1976.0
townhomes,townhouse,810000.0,1431.0,2.0,2.0,3.0,2.0,2.0,1.0,1981.0
single_family,NA,2399999.0,3153.0,2.0,5.0,3.0,3.0,3.0,3.0,1999.0
single_family,NA,649900.0,1491.0,1.0,3.0,2.0,2.0,2.0,2.0,1994.0
single_family,NA,7150000.0,3629.0,2.0,5.0,6.0,4.0,4.0,1.0,2014.0
mobile,NA,655000.0,1368.0,1.0,2.0,2.0,2.0,2.0,0.0,1971.0
single_family,NA,715000.0,1447.0,1.0,3.0,2.0,2.0,2.0,2.0,1951.0
single_family,NA,3295000.0,3412.0,2.0,4.0,4.0,1.0,3.0,2.0,1952.0
single_family,NA,599950.0,1900.0,1.0,4.0,2.0,2.0,2.0,2.0,1980.0
condos,condo,915000.0,1088.0,2.0,2.0,3.0,2.0,2.0,2.0,1993.0
single_family,NA,925000.0,1600.0,1.0,4.0,2.0,2.0,2.0,2.0,1988.0
land,NA,8988.0,0.0,0.0,0.0,0.0,0.0,0.0,0.0,0.0
multi_family,NA,9745000.0,8992.0,3.0,13.0,13.0,13.0,13.0,0.0,1969.0
single_family,NA,3925000.0,4052.0,2.0,5.0,6.0,5.0,5.0,2.0,2015.0
single_family,NA,1625000.0,2245.0,1.0,4.0,4.0,4.0,4.0,2.0,1965.0
condos,condo,1888880.0,2734.0,2.0,5.0,4.0,4.0,4.0,2.0,2025.0
multi_family,NA,799000.0,2458.0,2.0,4.0,4.0,4.0,4.0,0.0,1977.0
single_family,NA,979000.0,2396.0,2.0,3.0,3.0,2.0,2.0,5.0,2002.0
single_family,NA,587000.0,1914.0,1.0,2.0,2.0,2.0,2.0,2.0,1992.0
single_family,NA,525000.0,1395.0,1.0,3.0,2.0,1.0,1.0,2.0,1939.0
single_family,NA,819700.0,2298.0,1.0,3.0,2.0,2.0,2.0,2.0,1986.0
single_family,NA,999000.0,1464.0,2.0,4.0,2.0,2.0,2.0,2.0,1947.0
single_family,NA,635000.0,3060.0,2.0,4.0,3.0,2.0,2.0,3.0,2005.0
single_family,NA,1249000.0,3639.0,2.0,4.0,3.0,2.0,2.0,3.0,1991.0
single_family,NA,1935000.0,3746.0,2.0,5.0,4.0,4.0,4.0,3.0,2008.0
single_family,NA,1375000.0,2536.0,2.0,5.0,3.0,2.0,2.0,3.0,1974.0
single_family,NA,888000.0,1973.0,2.0,2.0,2.0,2.0,2.0,1.0,2003.0
single_family,NA,676990.0,1650.0,2.0,3.0,3.0,2.0,2.0,2.0,2025.0
single_family,NA,1299000.0,1300.0,1.0,3.0,2.0,2.0,2.0,2.0,1961.0
single_family,NA,499000.0,1227.0,1.0,2.0,2.0,2.0,2.0,2.0,2019.0
single_family,NA,635000.0,2421.0,2.0,4.0,3.0,3.0,3.0,2.0,2024.0
single_family,NA,620000.0,1521.0,1.0,3.0,2.0,2.0,2.0,2.0,1976.0
single_family,NA,579000.0,2358.0,1.0,4.0,3.0,3.0,3.0,3.0,2007.0
single_family,NA,3198000.0,1884.0,3.0,3.0,4.0,2.0,3.0,2.0,2004.0
land,NA,260000.0,0.0,0.0,0.0,0.0,0.0,0.0,0.0,0.0
single_family,NA,639000.0,1966.0,1.0,3.0,3.0,2.0,2.0,2.0,2021.0
single_family,NA,1069000.0,1517.0,2.0,3.0,3.0,2.0,2.0,2.0,1975.0
single_family,NA,2595000.0,2444.0,2.0,4.0,4.0,3.0,3.0,3.0,1968.0
single_family,NA,664000.0,1050.0,1.0,3.0,2.0,2.0,2.0,2.0,1962.0
single_family,NA,624460.0,2328.0,2.0,5.0,5.0,3.0,4.0,2.0,2025.0
single_family,NA,735000.0,1058.0,1.0,3.0,1.0,1.0,1.0,1.0,1953.0
single_family,NA,750000.0,2229.0,2.0,4.0,3.0,3.0,3.0,3.0,1995.0
condos,condo,525000.0,800.0,1.0,2.0,1.0,1.0,1.0,0.0,1977.0
single_family,NA,549000.0,1314.0,2.0,2.0,1.0,1.0,1.0,0.0,1945.0
townhomes,townhouse,1149000.0,1300.0,2.0,2.0,3.0,2.0,2.0,1.0,1974.0
land,NA,90000.0,0.0,0.0,0.0,0.0,0.0,0.0,0.0,0.0
single_family,NA,519000.0,1778.0,1.0,3.0,3.0,2.0,2.0,2.0,2022.0
single_family,NA,2375000.0,2000.0,2.0,3.0,2.0,2.0,2.0,1.0,1940.0
single_family,NA,1079990.0,3421.0,2.0,4.0,4.0,3.0,3.0,2.0,2026.0
single_family,NA,2199000.0,2026.0,2.0,3.0,3.0,2.0,2.0,2.0,1981.0
single_family,NA,535000.0,1281.0,1.0,3.0,2.0,2.0,2.0,2.0,1920.0
land,NA,28500.0,0.0,0.0,0.0,0.0,0.0,0.0,0.0,0.0
single_family,NA,969000.0,1597.0,1.0,3.0,2.0,2.0,2.0,2.0,1988.0
single_family,NA,1429990.0,2378.0,2.0,2.0,4.0,3.0,3.0,2.0,2026.0
single_family,NA,2100000.0,3177.0,2.0,4.0,3.0,3.0,3.0,3.0,1986.0
townhomes,townhouse,810000.0,1357.0,1.0,3.0,2.0,2.0,2.0,1.0,1980.0
townhomes,townhouse,545000.0,1321.0,2.0,2.0,3.0,2.0,2.0,1.0,1986.0
single_family,NA,675000.0,1200.0,1.0,4.0,2.0,2.0,2.0,1.0,1957.0
single_family,NA,749990.0,2946.0,2.0,5.0,4.0,4.0,4.0,2.0,2026.0
single_family,NA,450000.0,1592.0,1.0,3.0,2.0,2.0,2.0,0.0,1991.0
single_family,NA,265000.0,1743.0,1.0,3.0,2.0,2.0,2.0,0.0,1959.0
single_family,NA,895950.0,1494.0,1.0,3.0,2.0,1.0,2.0,2.0,1988.0
single_family,NA,699000.0,1438.0,2.0,3.0,4.0,3.0,3.0,0.0,1923.0
townhomes,townhouse,1649000.0,1873.0,3.0,4.0,4.0,3.0,3.0,2.0,2010.0
single_family,NA,10995000.0,4196.0,2.0,3.0,6.0,4.0,4.0,2.0,1970.0
mobile,NA,245000.0,1056.0,1.0,2.0,2.0,2.0,2.0,0.0,1975.0
mobile,NA,149000.0,1456.0,1.0,3.0,2.0,2.0,2.0,0.0,2001.0
single_family,NA,789000.0,1510.0,1.0,3.0,2.0,2.0,2.0,1.0,1989.0
townhomes,townhouse,349500.0,949.0,2.0,2.0,2.0,2.0,2.0,2.0,1984.0
single_family,NA,223000.0,728.0,2.0,2.0,1.0,1.0,1.0,0.0,1940.0
single_family,NA,1100000.0,3609.0,3.0,5.0,5.0,4.0,4.0,3.0,2005.0
single_family,NA,319999.0,959.0,1.0,2.0,1.0,1.0,1.0,0.0,1998.0
single_family,NA,1150000.0,3537.0,2.0,4.0,3.0,3.0,3.0,3.0,2007.0
townhomes,townhouse,999995.0,1571.0,3.0,3.0,3.0,2.0,2.0,2.0,2019.0
single_family,NA,593000.0,2251.0,2.0,3.0,2.0,2.0,2.0,2.0,1936.0
single_family,NA,929000.0,2469.0,2.0,4.0,3.0,3.0,3.0,3.0,2000.0
single_family,NA,660000.0,2256.0,1.0,3.0,2.0,2.0,2.0,3.0,1979.0
single_family,NA,750000.0,3031.0,1.0,4.0,3.0,3.0,3.0,3.0,2019.0
single_family,NA,325000.0,1787.0,2.0,4.0,3.0,2.0,2.0,2.0,1968.0
single_family,NA,1950000.0,2763.0,2.0,4.0,3.0,3.0,3.0,3.0,1996.0
single_family,NA,480000.0,1352.0,1.0,3.0,2.0,2.0,2.0,0.0,1959.0
single_family,NA,357880.0,1526.0,1.0,4.0,2.0,2.0,2.0,2.0,1994.0
single_family,NA,1798000.0,1346.0,1.0,3.0,2.0,2.0,2.0,2.0,1956.0
single_family,NA,675000.0,2366.0,2.0,5.0,3.0,3.0,3.0,2.0,1997.0
single_family,NA,499900.0,1288.0,1.0,3.0,2.0,2.0,2.0,2.0,1958.0
single_family,NA,649990.0,2307.0,2.0,4.0,3.0,3.0,3.0,2.0,2021.0
single_family,NA,529000.0,1279.0,1.0,3.0,2.0,2.0,2.0,2.0,2000.0
single_family,NA,899900.0,1548.0,1.0,3.0,2.0,2.0,2.0,2.0,1959.0
single_family,NA,620950.0,2018.0,2.0,4.0,3.0,3.0,3.0,2.0,2021.0
single_family,NA,3250000.0,3596.0,2.0,5.0,5.0,4.0,4.0,2.0,2018.0
single_family,NA,899000.0,2161.0,1.0,4.0,2.0,1.0,2.0,2.0,1978.0
single_family,NA,1800000.0,1579.0,1.0,3.0,2.0,2.0,2.0,2.0,1967.0
mobile,NA,319000.0,1000.0,1.0,2.0,2.0,1.0,2.0,0.0,2019.0
single_family,NA,550000.0,1902.0,2.0,5.0,3.0,3.0,3.0,2.0,1984.0
condos,condo,730000.0,1446.0,2.0,3.0,3.0,2.0,2.0,2.0,1978.0
single_family,NA,1475000.0,4026.0,3.0,4.0,4.0,3.0,3.0,3.0,1999.0
single_family,NA,775000.0,1089.0,1.0,3.0,2.0,2.0,2.0,1.0,1949.0
single_family,NA,374900.0,1261.0,1.0,3.0,2.0,2.0,2.0,0.0,1975.0
single_family,NA,425000.0,1196.0,1.0,3.0,2.0,1.0,2.0,2.0,1958.0
single_family,NA,699000.0,1208.0,1.0,3.0,2.0,2.0,2.0,2.0,1978.0
single_family,NA,1675000.0,2788.0,2.0,4.0,3.0,3.0,3.0,3.0,1989.0
townhomes,townhouse,949999.0,1775.0,3.0,4.0,4.0,4.0,4.0,2.0,2020.0
single_family,NA,999000.0,1794.0,1.0,4.0,2.0,2.0,2.0,2.0,1963.0
single_family,NA,1999999.0,2818.0,2.0,4.0,3.0,3.0,3.0,3.0,1996.0
single_family,NA,699000.0,1196.0,1.0,3.0,2.0,2.0,2.0,2.0,1964.0
single_family,NA,480000.0,1659.0,1.0,4.0,2.0,2.0,2.0,1.0,1943.0
single_family,NA,4875000.0,5330.0,3.0,5.0,4.0,4.0,4.0,2.0,1940.0
single_family,NA,410000.0,1731.0,1.0,4.0,4.0,4.0,4.0,0.0,1979.0
single_family,NA,2099000.0,2602.0,1.0,4.0,3.0,3.0,3.0,2.0,1946.0
single_family,NA,4080000.0,4209.0,3.0,5.0,6.0,6.0,6.0,2.0,2009.0
single_family,NA,445000.0,1440.0,2.0,3.0,2.0,1.0,1.0,2.0,1977.0
single_family,NA,599000.0,1056.0,1.0,3.0,2.0,2.0,2.0,2.0,1972.0
single_family,NA,299000.0,2704.0,2.0,4.0,3.0,3.0,3.0,0.0,1980.0
single_family,NA,701990.0,2296.0,2.0,4.0,3.0,3.0,3.0,2.0,2026.0
single_family,NA,779990.0,3152.0,2.0,4.0,4.0,3.0,3.0,2.0,2025.0
single_family,NA,799000.0,1114.0,1.0,3.0,2.0,2.0,2.0,0.0,1954.0
condos,condo,565000.0,768.0,1.0,1.0,2.0,2.0,2.0,2.0,1972.0
townhomes,townhouse,849000.0,1236.0,2.0,2.0,3.0,2.0,2.0,2.0,1980.0
single_family,NA,699000.0,3150.0,1.0,4.0,4.0,3.0,3.0,2.0,1995.0
single_family,NA,1548888.0,2039.0,2.0,3.0,3.0,2.0,2.0,2.0,1979.0
single_family,NA,690000.0,2822.0,2.0,4.0,3.0,3.0,3.0,3.0,2005.0
single_family,NA,3198000.0,1280.0,1.0,3.0,2.0,2.0,2.0,2.0,1954.0
single_family,NA,849000.0,1025.0,1.0,2.0,1.0,1.0,1.0,2.0,1957.0
condos,condo,299000.0,1331.0,2.0,3.0,3.0,2.0,2.0,2.0,1980.0
single_family,NA,4525000.0,4916.0,1.0,4.0,5.0,4.0,4.0,3.0,2004.0
single_family,NA,499999.0,2661.0,2.0,5.0,4.0,3.0,3.0,2.0,2007.0
multi_family,NA,1650000.0,3100.0,2.0,8.0,4.0,4.0,4.0,0.0,1951.0
condos,condo,314999.0,1182.0,1.0,3.0,2.0,2.0,2.0,2.0,1974.0
single_family,NA,780000.0,834.0,1.0,2.0,1.0,1.0,1.0,0.0,1936.0
single_family,NA,909000.0,3439.0,2.0,6.0,5.0,4.0,4.0,3.0,2015.0
multi_family,NA,3450000.0,13018.0,2.0,24.0,24.0,2.0,2.0,0.0,1989.0
single_family,NA,619000.0,1623.0,2.0,3.0,3.0,2.0,2.0,2.0,1998.0
single_family,NA,899000.0,1563.0,1.0,3.0,2.0,1.0,2.0,2.0,1953.0
single_family,NA,749000.0,1148.0,1.0,4.0,2.0,2.0,2.0,0.0,1954.0
condos,condo,325000.0,731.0,3.0,1.0,1.0,1.0,1.0,1.0,1974.0
single_family,NA,459999.0,957.0,1.0,2.0,2.0,2.0,2.0,1.0,1986.0
single_family,NA,659000.0,829.0,1.0,2.0,1.0,1.0,1.0,2.0,1939.0
townhomes,townhouse,1498000.0,1618.0,2.0,3.0,3.0,2.0,2.0,2.0,1978.0
townhomes,townhouse,949800.0,1059.0,3.0,2.0,3.0,2.0,2.0,2.0,1997.0
single_family,NA,349900.0,1107.0,1.0,3.0,2.0,2.0,2.0,2.0,1957.0
mobile,NA,292000.0,1344.0,1.0,2.0,2.0,2.0,2.0,2.0,1981.0
condos,condo,600000.0,1200.0,2.0,3.0,3.0,2.0,2.0,1.0,1972.0
multi_family,NA,999999.0,2160.0,1.0,5.0,5.0,5.0,5.0,0.0,1923.0
single_family,NA,620000.0,2213.0,2.0,4.0,3.0,3.0,3.0,2.0,2020.0
single_family,NA,10590000.0,7950.0,3.0,7.0,10.0,8.0,8.0,2.0,2025.0
single_family,NA,1350000.0,2543.0,2.0,4.0,3.0,3.0,3.0,1.0,1966.0
condos,condo,424900.0,824.0,1.0,2.0,2.0,2.0,2.0,0.0,1986.0
condos,condo,775000.0,1420.0,3.0,2.0,3.0,2.0,2.0,2.0,2020.0
single_family,NA,570000.0,2726.0,2.0,4.0,3.0,3.0,3.0,3.0,1989.0
single_family,NA,749900.0,1714.0,1.0,5.0,3.0,2.0,2.0,2.0,1964.0
single_family,NA,2379999.0,3640.0,2.0,5.0,5.0,5.0,5.0,2.0,2006.0
single_family,NA,680000.0,1814.0,2.0,4.0,2.0,2.0,2.0,2.0,1979.0
single_family,NA,625000.0,2241.0,2.0,4.0,3.0,2.0,2.0,2.0,1997.0
single_family,NA,550000.0,2388.0,2.0,3.0,2.0,2.0,2.0,2.0,1922.0
single_family,NA,1295000.0,2067.0,1.0,3.0,3.0,3.0,3.0,2.0,2019.0
single_family,NA,899000.0,1660.0,1.0,4.0,2.0,2.0,2.0,2.0,1948.0
single_family,NA,1199800.0,3714.0,2.0,5.0,4.0,4.0,4.0,3.0,2005.0
single_family,NA,735000.0,2662.0,2.0,5.0,3.0,3.0,3.0,3.0,2001.0
single_family,NA,899000.0,1724.0,1.0,4.0,2.0,2.0,2.0,0.0,1951.0
single_family,NA,998000.0,3714.0,2.0,6.0,5.0,4.0,4.0,4.0,2004.0
multi_family,NA,389000.0,1200.0,1.0,2.0,2.0,2.0,2.0,0.0,1960.0
single_family,NA,465000.0,2040.0,1.0,3.0,2.0,2.0,2.0,2.0,1984.0
land,NA,799000.0,0.0,0.0,0.0,0.0,0.0,0.0,0.0,0.0
land,NA,99000.0,0.0,0.0,0.0,0.0,0.0,0.0,0.0,0.0
single_family,NA,849000.0,1570.0,1.0,3.0,2.0,1.0,2.0,2.0,1959.0
single_family,NA,322770.0,1218.0,1.0,3.0,2.0,1.0,2.0,2.0,1983.0
single_family,NA,1199990.0,1711.0,1.0,2.0,3.0,2.0,2.0,2.0,2026.0
condos,condo,488000.0,1129.0,2.0,3.0,3.0,2.0,2.0,2.0,1989.0
condos,condo,395000.0,468.0,1.0,1.0,1.0,1.0,1.0,1.0,1984.0
single_family,NA,775000.0,2531.0,2.0,4.0,3.0,2.0,2.0,2.0,2001.0
single_family,NA,525000.0,1546.0,2.0,3.0,3.0,2.0,2.0,3.0,2003.0
single_family,NA,1999000.0,3080.0,2.0,3.0,4.0,3.0,4.0,15.0,1989.0
land,NA,3000000.0,0.0,0.0,0.0,0.0,0.0,0.0,0.0,0.0
single_family,NA,799999.0,2460.0,2.0,4.0,3.0,3.0,3.0,3.0,2004.0
single_family,NA,2949000.0,2778.0,2.0,4.0,4.0,4.0,4.0,2.0,1987.0
single_family,NA,789900.0,1513.0,1.0,3.0,2.0,2.0,2.0,2.0,1964.0
single_family,NA,1125000.0,954.0,1.0,3.0,2.0,1.0,2.0,0.0,1946.0
single_family,NA,350000.0,1450.0,1.0,3.0,2.0,2.0,2.0,0.0,1956.0
single_family,NA,430000.0,1120.0,1.0,3.0,2.0,2.0,2.0,0.0,1977.0
single_family,NA,1040000.0,1208.0,1.0,3.0,2.0,2.0,2.0,0.0,1963.0
land,NA,65000.0,0.0,0.0,0.0,0.0,0.0,0.0,0.0,0.0
single_family,NA,1649900.0,2750.0,2.0,4.0,3.0,2.0,2.0,2.0,1937.0
single_family,NA,484900.0,2230.0,1.0,3.0,3.0,2.0,2.0,2.0,2007.0
land,NA,11599.0,0.0,0.0,0.0,0.0,0.0,0.0,0.0,0.0
single_family,NA,655000.0,2168.0,2.0,4.0,4.0,3.0,3.0,2.0,2014.0
single_family,NA,600000.0,2253.0,2.0,4.0,3.0,3.0,3.0,3.0,1998.0
single_family,NA,2474000.0,5116.0,2.0,5.0,6.0,5.0,5.0,3.0,2025.0
single_family,NA,789000.0,1456.0,1.0,3.0,2.0,2.0,2.0,2.0,1946.0
single_family,NA,3995000.0,2550.0,2.0,1.0,4.0,1.0,2.0,4.0,1980.0
single_family,NA,489000.0,1296.0,1.0,3.0,2.0,2.0,2.0,2.0,1994.0
condos,condo,769000.0,1282.0,1.0,2.0,2.0,2.0,2.0,2.0,1985.0
townhomes,townhouse,740000.0,1247.0,3.0,2.0,3.0,1.0,2.0,2.0,2020.0
single_family,NA,1399000.0,2544.0,1.0,3.0,3.0,2.0,2.0,2.0,2001.0
single_family,NA,900000.0,1507.0,1.0,2.0,2.0,2.0,2.0,2.0,1977.0
single_family,NA,795000.0,1863.0,1.0,3.0,3.0,2.0,2.0,3.0,1982.0
condos,condo,779000.0,1294.0,2.0,2.0,2.0,2.0,2.0,2.0,2004.0
single_family,NA,575000.0,1404.0,1.0,4.0,2.0,2.0,2.0,2.0,1976.0
mobile,NA,795000.0,1416.0,1.0,3.0,2.0,2.0,2.0,2.0,1986.0
single_family,NA,635000.0,2100.0,1.0,3.0,2.0,2.0,2.0,2.0,2002.0
single_family,NA,500000.0,2293.0,1.0,4.0,3.0,2.0,2.0,2.0,1963.0
single_family,NA,4395000.0,4001.0,2.0,4.0,3.0,3.0,3.0,2.0,1965.0
single_family,NA,960000.0,1754.0,1.0,3.0,2.0,2.0,2.0,2.0,1987.0
single_family,NA,848000.0,1111.0,1.0,3.0,2.0,1.0,2.0,2.0,1955.0
single_family,NA,800000.0,1356.0,1.0,3.0,2.0,2.0,2.0,2.0,1950.0
single_family,NA,489000.0,1622.0,2.0,3.0,3.0,1.0,2.0,0.0,1976.0
single_family,NA,1985000.0,916.0,1.0,2.0,1.0,1.0,1.0,1.0,1946.0
condos,condo,485000.0,1084.0,3.0,2.0,2.0,2.0,2.0,1.0,1983.0
single_family,NA,970000.0,2721.0,2.0,6.0,4.0,4.0,4.0,2.0,1978.0
single_family,NA,717500.0,2263.0,2.0,4.0,3.0,3.0,3.0,3.0,1990.0
single_family,NA,1795000.0,1742.0,1.0,3.0,3.0,3.0,3.0,0.0,1940.0
condos,condo,499000.0,1074.0,1.0,2.0,2.0,2.0,2.0,2.0,1973.0
single_family,NA,700000.0,1386.0,2.0,4.0,2.0,1.0,1.0,2.0,1953.0
single_family,NA,620000.0,2584.0,2.0,4.0,3.0,2.0,2.0,2.0,2012.0
land,NA,25000.0,0.0,0.0,0.0,0.0,0.0,0.0,0.0,0.0
single_family,NA,699900.0,1092.0,1.0,3.0,2.0,1.0,1.0,2.0,1955.0
mobile,NA,290000.0,1540.0,1.0,3.0,2.0,2.0,2.0,0.0,2008.0
land,NA,185000.0,0.0,0.0,0.0,0.0,0.0,0.0,0.0,0.0
single_family,NA,1400000.0,1758.0,1.0,3.0,3.0,1.0,3.0,2.0,1960.0
single_family,NA,469900.0,1595.0,2.0,3.0,3.0,2.0,2.0,2.0,1990.0
single_family,NA,749999.0,2851.0,2.0,5.0,4.0,3.0,3.0,2.0,2005.0
single_family,NA,675000.0,1599.0,1.0,4.0,2.0,2.0,2.0,2.0,1988.0
single_family,NA,879000.0,1290.0,1.0,3.0,2.0,1.0,2.0,2.0,1959.0
land,NA,43000.0,0.0,0.0,0.0,0.0,0.0,0.0,0.0,0.0
single_family,NA,899999.0,3620.0,2.0,3.0,4.0,3.0,3.0,10.0,1991.0
single_family,NA,450000.0,1888.0,2.0,4.0,2.0,2.0,2.0,2.0,1976.0
townhomes,townhouse,255000.0,1344.0,2.0,3.0,2.0,2.0,2.0,0.0,1973.0
single_family,NA,1200000.0,3122.0,2.0,3.0,4.0,2.0,2.0,2.0,2022.0
single_family,NA,474900.0,2244.0,2.0,5.0,3.0,3.0,3.0,3.0,1990.0
single_family,NA,435000.0,1071.0,1.0,3.0,2.0,2.0,2.0,2.0,1957.0
condos,condo,1395000.0,1550.0,1.0,3.0,3.0,2.0,2.0,2.0,2010.0
condos,condo,580000.0,1010.0,1.0,2.0,2.0,2.0,2.0,1.0,1969.0
single_family,NA,387000.0,1133.0,1.0,2.0,2.0,2.0,2.0,1.0,1984.0
condos,condo,899900.0,1381.0,2.0,3.0,3.0,2.0,2.0,2.0,1989.0
single_family,NA,995000.0,2050.0,1.0,3.0,2.0,2.0,2.0,2.0,1954.0
single_family,NA,2200000.0,3128.0,2.0,4.0,5.0,2.0,4.0,2.0,1965.0
single_family,NA,475000.0,1421.0,1.0,3.0,2.0,2.0,2.0,2.0,1997.0
multi_family,NA,329000.0,1464.0,1.0,4.0,2.0,1.0,1.0,2.0,1953.0
single_family,NA,1125000.0,3152.0,1.0,3.0,4.0,4.0,4.0,3.0,1995.0
single_family,NA,1649000.0,2073.0,1.0,4.0,3.0,3.0,3.0,2.0,1962.0
single_family,NA,950995.0,1187.0,1.0,3.0,2.0,1.0,2.0,2.0,1958.0
single_family,NA,965000.0,3442.0,2.0,4.0,3.0,4.0,4.0,6.0,1982.0
land,NA,44000.0,0.0,0.0,0.0,0.0,0.0,0.0,0.0,0.0
single_family,NA,615000.0,2280.0,2.0,4.0,3.0,3.0,3.0,2.0,2026.0
single_family,NA,988000.0,2194.0,1.0,3.0,2.0,2.0,2.0,2.0,2012.0
single_family,NA,679990.0,2537.0,2.0,5.0,3.0,3.0,3.0,2.0,2026.0
mobile,NA,285000.0,1500.0,1.0,3.0,2.0,2.0,2.0,0.0,1972.0
single_family,NA,399000.0,1013.0,1.0,3.0,1.0,1.0,1.0,0.0,1950.0
single_family,NA,360000.0,1538.0,1.0,2.0,2.0,2.0,2.0,0.0,1976.0
single_family,NA,660000.0,1386.0,1.0,3.0,1.0,1.0,1.0,2.0,1930.0
single_family,NA,825000.0,1771.0,2.0,3.0,3.0,3.0,3.0,2.0,1989.0
single_family,NA,925000.0,1122.0,1.0,3.0,2.0,1.0,1.0,2.0,1950.0
condos,condo,640000.0,2120.0,1.0,3.0,2.0,1.0,2.0,2.0,1981.0
single_family,NA,725000.0,1602.0,2.0,3.0,3.0,2.0,2.0,2.0,1987.0
mobile,NA,125000.0,740.0,1.0,2.0,1.0,1.0,1.0,2.0,1966.0
single_family,NA,3498000.0,1766.0,1.0,4.0,3.0,2.0,2.0,2.0,1957.0
single_family,NA,899800.0,3397.0,2.0,5.0,5.0,4.0,4.0,3.0,2014.0
single_family,NA,1078000.0,3173.0,2.0,5.0,4.0,3.0,3.0,3.0,2017.0
condos,condo,465000.0,710.0,1.0,1.0,1.0,1.0,1.0,1.0,1970.0
single_family,NA,549990.0,1815.0,1.0,3.0,2.0,2.0,2.0,2.0,2025.0
single_family,NA,2588888.0,3911.0,2.0,6.0,6.0,5.0,5.0,2.0,2015.0
single_family,NA,275000.0,959.0,1.0,2.0,1.0,1.0,1.0,0.0,1945.0
single_family,NA,489000.0,1350.0,1.0,3.0,2.0,2.0,2.0,2.0,1986.0
land,NA,15000.0,0.0,0.0,0.0,0.0,0.0,0.0,0.0,0.0
single_family,NA,735000.0,3052.0,2.0,5.0,4.0,3.0,3.0,2.0,2023.0
single_family,NA,775000.0,2153.0,2.0,3.0,3.0,2.0,2.0,2.0,1988.0
single_family,NA,449000.0,1722.0,2.0,4.0,3.0,3.0,3.0,2.0,1990.0
land,NA,59900.0,0.0,0.0,0.0,0.0,0.0,0.0,0.0,0.0
land,NA,15000.0,0.0,0.0,0.0,0.0,0.0,0.0,0.0,0.0
single_family,NA,830000.0,1830.0,1.0,4.0,2.0,2.0,2.0,2.0,1960.0
single_family,NA,650000.0,2825.0,1.0,2.0,3.0,2.0,2.0,2.0,2007.0
single_family,NA,829000.0,1438.0,1.0,2.0,2.0,2.0,2.0,2.0,1950.0
single_family,NA,678000.0,1310.0,1.0,3.0,2.0,2.0,2.0,2.0,1967.0
townhomes,townhouse,899000.0,2076.0,2.0,4.0,3.0,3.0,3.0,2.0,2024.0
single_family,NA,4698000.0,3859.0,2.0,5.0,6.0,2.0,5.0,0.0,1971.0
single_family,NA,2395000.0,5788.0,2.0,6.0,7.0,6.0,6.0,3.0,2006.0
single_family,NA,2495000.0,2241.0,1.0,4.0,4.0,4.0,4.0,2.0,1935.0
condos,condo,575000.0,1504.0,2.0,3.0,2.0,2.0,2.0,2.0,1986.0
condos,condo,1475000.0,1580.0,1.0,2.0,3.0,2.0,2.0,0.0,2007.0
single_family,NA,798000.0,970.0,1.0,2.0,1.0,1.0,1.0,2.0,1946.0
single_family,NA,449500.0,1486.0,1.0,4.0,2.0,2.0,2.0,2.0,1993.0
single_family,NA,1000000.0,1674.0,1.0,3.0,2.0,2.0,2.0,2.0,1962.0
single_family,NA,490000.0,1668.0,1.0,4.0,2.0,2.0,2.0,2.0,1973.0
single_family,NA,3600000.0,2782.0,1.0,3.0,3.0,3.0,3.0,2.0,1954.0
single_family,NA,814900.0,1855.0,2.0,3.0,3.0,3.0,3.0,2.0,2001.0
condos,condo,649000.0,1660.0,3.0,3.0,3.0,2.0,2.0,2.0,1987.0
single_family,NA,940000.0,2634.0,2.0,6.0,4.0,4.0,4.0,4.0,1993.0
single_family,NA,1299050.0,1920.0,2.0,3.0,2.0,1.0,2.0,2.0,1940.0
single_family,NA,440000.0,572.0,1.0,2.0,1.0,1.0,1.0,0.0,1926.0
single_family,NA,720000.0,1244.0,1.0,3.0,2.0,2.0,2.0,0.0,1939.0
single_family,NA,899900.0,1840.0,1.0,4.0,2.0,2.0,2.0,2.0,1965.0
single_family,NA,1180000.0,1656.0,2.0,3.0,2.0,1.0,1.0,2.0,1916.0
single_family,NA,529900.0,1564.0,1.0,4.0,2.0,2.0,2.0,2.0,1973.0
single_family,NA,869000.0,1832.0,1.0,3.0,2.0,2.0,2.0,2.0,2015.0
single_family,NA,739900.0,2748.0,2.0,5.0,3.0,3.0,3.0,2.0,1999.0
single_family,NA,3995000.0,4464.0,1.0,4.0,6.0,4.0,4.0,8.0,2014.0
condos,condo,1199000.0,1484.0,3.0,2.0,3.0,3.0,3.0,2.0,1987.0
single_family,NA,260000.0,1080.0,1.0,3.0,2.0,2.0,2.0,2.0,1979.0
townhomes,townhouse,2099000.0,1812.0,2.0,3.0,3.0,2.0,3.0,2.0,2021.0
single_family,NA,575000.0,1000.0,1.0,2.0,2.0,1.0,1.0,2.0,1974.0
single_family,NA,499000.0,969.0,1.0,2.0,2.0,0.0,2.0,0.0,1977.0
single_family,NA,740000.0,1064.0,1.0,3.0,1.0,1.0,1.0,2.0,1950.0
single_family,NA,2995000.0,3445.0,2.0,4.0,4.0,3.0,3.0,2.0,1948.0
single_family,NA,1635000.0,2736.0,2.0,5.0,3.0,2.0,3.0,3.0,1983.0
land,NA,250000.0,0.0,0.0,0.0,0.0,0.0,0.0,0.0,0.0
single_family,NA,1495000.0,2633.0,1.0,3.0,3.0,2.0,2.0,3.0,1982.0
single_family,NA,570000.0,1125.0,1.0,3.0,2.0,2.0,2.0,2.0,1987.0
single_family,NA,614998.0,2778.0,2.0,4.0,3.0,3.0,3.0,2.0,2005.0
single_family,NA,549900.0,1918.0,1.0,3.0,2.0,2.0,2.0,1.0,1957.0
single_family,NA,1350000.0,2066.0,2.0,4.0,3.0,2.0,2.0,2.0,1976.0
single_family,NA,1099000.0,1448.0,1.0,3.0,3.0,2.0,2.0,2.0,1988.0
single_family,NA,540000.0,1200.0,1.0,3.0,2.0,2.0,2.0,2.0,1999.0
land,NA,99000.0,0.0,0.0,0.0,0.0,0.0,0.0,0.0,0.0
land,NA,24500.0,0.0,0.0,0.0,0.0,0.0,0.0,0.0,0.0
townhomes,townhouse,475000.0,1441.0,2.0,3.0,3.0,3.0,3.0,2.0,1978.0
single_family,NA,754000.0,1471.0,2.0,3.0,3.0,3.0,3.0,2.0,1986.0
single_family,NA,749900.0,1191.0,1.0,3.0,2.0,2.0,2.0,0.0,1955.0
single_family,NA,1149000.0,1200.0,1.0,3.0,2.0,2.0,2.0,2.0,1961.0
single_family,NA,1398000.0,4264.0,2.0,4.0,4.0,3.0,3.0,3.0,1987.0
condos,condo,649999.0,987.0,2.0,2.0,2.0,2.0,2.0,1.0,1985.0
single_family,NA,502365.0,1969.0,1.0,3.0,3.0,3.0,3.0,2.0,2026.0
land,NA,114900.0,0.0,0.0,0.0,0.0,0.0,0.0,0.0,0.0
single_family,NA,549000.0,2056.0,1.0,4.0,2.0,2.0,2.0,3.0,2003.0
single_family,NA,499999.0,1451.0,1.0,3.0,2.0,2.0,2.0,0.0,1988.0
single_family,NA,938888.0,1526.0,1.0,3.0,3.0,3.0,3.0,0.0,1951.0
single_family,NA,310000.0,912.0,1.0,2.0,1.0,1.0,1.0,0.0,1976.0
single_family,NA,1439900.0,1990.0,2.0,3.0,3.0,2.0,2.0,2.0,1990.0
single_family,NA,499900.0,1397.0,1.0,3.0,2.0,2.0,2.0,2.0,1994.0
single_family,NA,360000.0,1323.0,1.0,1.0,1.0,1.0,1.0,4.0,1913.0
single_family,NA,1250000.0,1426.0,2.0,3.0,3.0,2.0,2.0,2.0,1997.0
single_family,NA,909000.0,1962.0,2.0,4.0,3.0,2.0,2.0,2.0,2020.0
townhomes,townhouse,624900.0,1269.0,2.0,3.0,2.0,1.0,1.0,2.0,1975.0
single_family,NA,615000.0,1498.0,1.0,3.0,2.0,2.0,2.0,2.0,1941.0
single_family,NA,480000.0,2858.0,1.0,4.0,3.0,3.0,3.0,2.0,1966.0
land,NA,1700000.0,0.0,0.0,0.0,0.0,0.0,0.0,0.0,0.0
land,NA,1695000.0,0.0,0.0,0.0,0.0,0.0,0.0,0.0,0.0
single_family,NA,755990.0,3015.0,2.0,5.0,3.0,3.0,3.0,3.0,2026.0
single_family,NA,519995.0,873.0,1.0,2.0,1.0,1.0,1.0,1.0,1977.0
single_family,NA,525000.0,1754.0,1.0,3.0,2.0,2.0,2.0,2.0,1976.0
single_family,NA,605000.0,2260.0,1.0,4.0,2.0,2.0,2.0,2.0,2022.0
single_family,NA,979000.0,3340.0,2.0,5.0,4.0,3.0,3.0,3.0,2002.0
land,NA,10000.0,0.0,0.0,0.0,0.0,0.0,0.0,0.0,0.0
single_family,NA,930000.0,1495.0,2.0,3.0,3.0,2.0,2.0,2.0,1994.0
single_family,NA,1895000.0,1957.0,1.0,3.0,3.0,3.0,3.0,2.0,1953.0
land,NA,410000.0,0.0,0.0,0.0,0.0,0.0,0.0,0.0,0.0
single_family,NA,1350000.0,2412.0,2.0,4.0,4.0,3.0,3.0,2.0,1950.0
single_family,NA,739000.0,2699.0,2.0,4.0,4.0,3.0,3.0,3.0,2005.0
single_family,NA,1750000.0,1630.0,1.0,3.0,2.0,2.0,2.0,0.0,1959.0
single_family,NA,429000.0,1432.0,1.0,3.0,2.0,2.0,2.0,2.0,2001.0
single_family,NA,849900.0,2076.0,2.0,4.0,3.0,3.0,3.0,2.0,2015.0
mobile,NA,179900.0,920.0,1.0,2.0,2.0,2.0,2.0,0.0,2004.0
single_family,NA,1599900.0,3064.0,2.0,5.0,4.0,3.0,3.0,3.0,1976.0
single_family,NA,399999.0,714.0,1.0,2.0,1.0,1.0,1.0,1.0,1922.0
single_family,NA,1099000.0,2184.0,2.0,4.0,3.0,2.0,2.0,3.0,1978.0
single_family,NA,740000.0,1164.0,1.0,2.0,2.0,2.0,2.0,2.0,1987.0
condos,condo,1200000.0,1852.0,2.0,3.0,3.0,3.0,3.0,1.0,1977.0
single_family,NA,1298000.0,1274.0,1.0,2.0,2.0,1.0,1.0,2.0,1939.0
single_family,NA,685000.0,2486.0,2.0,4.0,3.0,3.0,3.0,3.0,2004.0
single_family,NA,824999.0,2617.0,1.0,4.0,3.0,2.0,2.0,3.0,2006.0
single_family,NA,479900.0,1673.0,1.0,3.0,2.0,2.0,2.0,2.0,2025.0
mobile,NA,220000.0,1620.0,1.0,3.0,2.0,2.0,2.0,0.0,2005.0
single_family,NA,284000.0,832.0,2.0,3.0,1.0,1.0,1.0,0.0,1951.0
single_family,NA,679000.0,1187.0,1.0,3.0,1.0,1.0,1.0,2.0,1947.0
multi_family,NA,1650000.0,5548.0,3.0,8.0,10.0,4.0,4.0,0.0,1987.0
single_family,NA,410000.0,1440.0,1.0,4.0,2.0,2.0,2.0,2.0,1992.0
single_family,NA,999900.0,1983.0,1.0,4.0,2.0,2.0,2.0,3.0,1983.0
single_family,NA,1499900.0,4029.0,2.0,6.0,6.0,5.0,5.0,2.0,2000.0
single_family,NA,1399000.0,2178.0,1.0,4.0,2.0,2.0,2.0,3.0,1966.0
single_family,NA,585000.0,2533.0,1.0,4.0,3.0,2.0,2.0,2.0,2012.0
condos,condo,368888.0,722.0,1.0,1.0,1.0,1.0,1.0,0.0,1970.0
single_family,NA,525000.0,1240.0,1.0,3.0,2.0,2.0,2.0,2.0,1980.0
single_family,NA,265000.0,1000.0,1.0,3.0,2.0,1.0,1.0,1.0,1939.0
single_family,NA,1650000.0,2896.0,2.0,3.0,4.0,2.0,3.0,2.0,1979.0
single_family,NA,1450000.0,1921.0,2.0,4.0,3.0,3.0,3.0,2.0,1979.0
single_family,NA,620000.0,2134.0,1.0,2.0,3.0,2.0,2.0,3.0,1994.0
single_family,NA,459000.0,1709.0,1.0,3.0,2.0,1.0,2.0,2.0,1978.0
land,NA,9500.0,0.0,0.0,0.0,0.0,0.0,0.0,0.0,0.0
single_family,NA,649900.0,2378.0,2.0,4.0,3.0,2.0,2.0,3.0,1989.0
single_family,NA,692952.0,1805.0,2.0,4.0,3.0,2.0,2.0,2.0,2025.0
single_family,NA,595000.0,3163.0,2.0,4.0,4.0,3.0,3.0,3.0,2006.0
single_family,NA,1699999.0,2112.0,1.0,4.0,4.0,4.0,4.0,0.0,1950.0
single_family,NA,600000.0,1747.0,2.0,3.0,2.0,2.0,2.0,0.0,1905.0
condos,condo,1175000.0,1811.0,1.0,3.0,2.0,2.0,2.0,2.0,1978.0
single_family,NA,2000000.0,3207.0,1.0,4.0,3.0,3.0,3.0,4.0,2004.0
single_family,NA,399000.0,1534.0,1.0,3.0,2.0,2.0,2.0,2.0,2006.0
single_family,NA,1538888.0,1943.0,2.0,4.0,3.0,3.0,3.0,2.0,1993.0
single_family,NA,684990.0,2537.0,2.0,5.0,3.0,3.0,3.0,2.0,2026.0
single_family,NA,1175000.0,3588.0,2.0,5.0,4.0,3.0,4.0,4.0,1999.0
condos,condo,600000.0,1108.0,2.0,2.0,3.0,2.0,2.0,2.0,1985.0
single_family,NA,479000.0,2478.0,2.0,5.0,3.0,2.0,2.0,2.0,1998.0
single_family,NA,1199000.0,2076.0,1.0,4.0,3.0,3.0,3.0,0.0,1923.0
single_family,NA,1695000.0,2056.0,1.0,3.0,2.0,2.0,2.0,3.0,1938.0
mobile,NA,127000.0,1488.0,1.0,2.0,2.0,2.0,2.0,1.0,1989.0
single_family,NA,1300000.0,3750.0,1.0,4.0,3.0,3.0,3.0,4.0,2004.0
single_family,NA,545000.0,1259.0,2.0,4.0,3.0,2.0,2.0,2.0,1984.0
single_family,NA,1025000.0,1129.0,1.0,4.0,2.0,2.0,2.0,2.0,1983.0
single_family,NA,2599000.0,3278.0,2.0,4.0,4.0,3.0,3.0,3.0,1992.0
single_family,NA,2248000.0,2975.0,2.0,4.0,3.0,3.0,3.0,2.0,1998.0
single_family,NA,565000.0,1861.0,1.0,3.0,2.0,2.0,2.0,2.0,2017.0
single_family,NA,1600000.0,1481.0,1.0,3.0,2.0,2.0,2.0,2.0,1985.0
single_family,NA,584999.0,2590.0,2.0,5.0,3.0,3.0,3.0,3.0,2004.0
condos,condo,424900.0,1400.0,1.0,3.0,2.0,2.0,2.0,2.0,2006.0
single_family,NA,625000.0,1463.0,1.0,2.0,2.0,2.0,2.0,2.0,1980.0
single_family,NA,415000.0,2007.0,1.0,3.0,2.0,2.0,2.0,3.0,2007.0
land,NA,15000.0,0.0,0.0,0.0,0.0,0.0,0.0,0.0,0.0
land,NA,1500.0,0.0,0.0,0.0,0.0,0.0,0.0,0.0,0.0
single_family,NA,1449000.0,4068.0,2.0,4.0,4.0,4.0,4.0,5.0,2002.0
mobile,NA,219500.0,1537.0,1.0,3.0,2.0,2.0,2.0,2.0,2004.0
mobile,NA,480000.0,2983.0,1.0,4.0,3.0,3.0,3.0,2.0,2002.0
condos,condo,889990.0,1698.0,2.0,4.0,3.0,2.0,2.0,2.0,2025.0
townhomes,townhouse,2595000.0,2068.0,3.0,2.0,3.0,2.0,2.0,3.0,2008.0
single_family,NA,949500.0,1275.0,1.0,4.0,2.0,2.0,2.0,2.0,1955.0
single_family,NA,550000.0,2755.0,1.0,4.0,3.0,3.0,3.0,2.0,2003.0
single_family,NA,1398000.0,1995.0,1.0,4.0,4.0,3.0,4.0,2.0,1940.0
mobile,NA,220000.0,1440.0,1.0,3.0,3.0,2.0,2.0,2.0,1974.0
single_family,NA,388900.0,1404.0,1.0,3.0,2.0,2.0,2.0,2.0,2000.0
single_family,NA,510000.0,1440.0,2.0,3.0,2.0,1.0,2.0,2.0,1979.0
single_family,NA,1579000.0,2400.0,2.0,4.0,3.0,2.0,3.0,2.0,1965.0
single_family,NA,1150000.0,4052.0,2.0,5.0,5.0,4.0,4.0,3.0,2017.0
land,NA,104000.0,0.0,0.0,0.0,0.0,0.0,0.0,0.0,0.0
single_family,NA,599000.0,1481.0,1.0,3.0,2.0,2.0,2.0,2.0,1999.0
single_family,NA,437500.0,1031.0,1.0,3.0,1.0,1.0,1.0,1.0,1965.0
single_family,NA,599900.0,2171.0,2.0,4.0,3.0,2.0,2.0,2.0,1997.0
single_family,NA,1348000.0,1432.0,1.0,4.0,2.0,2.0,2.0,2.0,1955.0
single_family,NA,575000.0,1053.0,2.0,3.0,3.0,1.0,2.0,2.0,1986.0
single_family,NA,485000.0,1368.0,1.0,3.0,2.0,2.0,2.0,2.0,1990.0
single_family,NA,525000.0,1334.0,1.0,2.0,2.0,2.0,2.0,2.0,1995.0
single_family,NA,2499900.0,2146.0,2.0,3.0,4.0,2.0,3.0,2.0,2026.0
land,NA,208000.0,0.0,0.0,0.0,0.0,0.0,0.0,0.0,0.0
condos,condo,599000.0,1983.0,2.0,3.0,3.0,3.0,3.0,2.0,1985.0
single_family,NA,1288000.0,1286.0,1.0,3.0,2.0,2.0,2.0,2.0,1972.0
condos,condo,3949000.0,2400.0,1.0,2.0,2.0,2.0,2.0,2.0,1965.0
single_family,NA,1099000.0,1648.0,1.0,4.0,2.0,2.0,2.0,2.0,1960.0
single_family,NA,560000.0,1666.0,2.0,4.0,3.0,3.0,3.0,2.0,1986.0
single_family,NA,1275000.0,2172.0,2.0,4.0,3.0,3.0,3.0,2.0,1956.0
single_family,NA,885000.0,1634.0,2.0,4.0,3.0,2.0,2.0,2.0,1987.0
single_family,NA,747000.0,2618.0,2.0,6.0,3.0,3.0,3.0,2.0,2000.0
condos,condo,1630000.0,1051.0,1.0,1.0,2.0,2.0,2.0,2.0,2000.0
single_family,NA,1071000.0,1665.0,1.0,4.0,2.0,2.0,2.0,2.0,1970.0
condos,condo,359900.0,900.0,1.0,2.0,2.0,2.0,2.0,0.0,1981.0
single_family,NA,880000.0,1330.0,1.0,3.0,2.0,2.0,2.0,2.0,1953.0
single_family,NA,1599000.0,1700.0,1.0,3.0,3.0,2.0,2.0,2.0,1965.0
single_family,NA,780000.0,897.0,1.0,2.0,1.0,1.0,1.0,2.0,1947.0
single_family,NA,609151.0,3110.0,2.0,4.0,3.0,3.0,3.0,2.0,2025.0
single_family,NA,599000.0,2052.0,2.0,3.0,3.0,2.0,2.0,0.0,2020.0
single_family,NA,2695000.0,1757.0,1.0,3.0,2.0,2.0,2.0,0.0,1930.0
single_family,NA,1795000.0,2078.0,2.0,3.0,3.0,2.0,2.0,2.0,1988.0
single_family,NA,2298000.0,2700.0,3.0,3.0,4.0,3.0,3.0,2.0,1990.0
single_family,NA,1500000.0,2500.0,2.0,4.0,3.0,2.0,2.0,2.0,1997.0
single_family,NA,3300000.0,1917.0,1.0,3.0,3.0,3.0,3.0,2.0,1978.0
single_family,NA,489000.0,1772.0,1.0,4.0,2.0,2.0,2.0,2.0,1964.0
single_family,NA,620000.0,2234.0,2.0,4.0,3.0,3.0,3.0,2.0,1994.0
condos,condo,275000.0,470.0,1.0,0.0,1.0,1.0,1.0,0.0,1973.0
land,NA,109000.0,0.0,0.0,0.0,0.0,0.0,0.0,0.0,0.0
single_family,NA,2095000.0,2461.0,1.0,4.0,3.0,3.0,3.0,0.0,1946.0
single_family,NA,595000.0,450.0,1.0,1.0,1.0,1.0,1.0,0.0,1940.0
condos,condo,1299800.0,1879.0,3.0,3.0,4.0,3.0,3.0,2.0,2018.0
single_family,NA,1560000.0,2363.0,1.0,3.0,2.0,2.0,2.0,0.0,2002.0
single_family,NA,2649000.0,3784.0,2.0,5.0,5.0,4.0,4.0,2.0,2012.0
single_family,NA,549000.0,1332.0,1.0,3.0,2.0,2.0,2.0,3.0,1980.0
single_family,NA,935000.0,3239.0,2.0,4.0,3.0,3.0,3.0,0.0,1991.0
mobile,NA,325000.0,623.0,1.0,1.0,1.0,1.0,1.0,0.0,2022.0
single_family,NA,1395000.0,1852.0,1.0,4.0,3.0,3.0,3.0,0.0,1962.0
single_family,NA,1599999.0,3351.0,2.0,5.0,3.0,3.0,3.0,3.0,1998.0
single_family,NA,599000.0,1308.0,1.0,3.0,2.0,2.0,2.0,2.0,1959.0
single_family,NA,2280000.0,1620.0,1.0,3.0,2.0,2.0,2.0,2.0,1964.0
single_family,NA,2850000.0,8683.0,2.0,13.0,8.0,8.0,8.0,0.0,1962.0
single_family,NA,635000.0,1935.0,1.0,3.0,2.0,1.0,2.0,0.0,1989.0
single_family,NA,1200000.0,3536.0,1.0,4.0,3.0,3.0,3.0,3.0,1980.0
single_family,NA,2295000.0,2870.0,1.0,4.0,5.0,4.0,4.0,0.0,1967.0
single_family,NA,1500000.0,1530.0,2.0,3.0,2.0,2.0,2.0,2.0,1971.0
single_family,NA,695000.0,1214.0,2.0,3.0,2.0,1.0,1.0,2.0,1973.0
single_family,NA,749950.0,1320.0,1.0,3.0,1.0,1.0,1.0,2.0,1927.0
single_family,NA,689000.0,940.0,1.0,2.0,1.0,1.0,1.0,2.0,1953.0
single_family,NA,1588000.0,1736.0,1.0,4.0,2.0,2.0,2.0,2.0,1962.0
single_family,NA,2098000.0,1957.0,2.0,4.0,3.0,2.0,2.0,2.0,2015.0
single_family,NA,650000.0,2829.0,1.0,4.0,3.0,3.0,3.0,0.0,1981.0
condos,condo,595000.0,1090.0,1.0,2.0,2.0,2.0,2.0,1.0,1974.0
single_family,NA,949999.0,0.0,1.0,2.0,2.0,2.0,2.0,0.0,1963.0
single_family,NA,555000.0,1507.0,1.0,2.0,2.0,2.0,2.0,2.0,2000.0
single_family,NA,2195000.0,1416.0,2.0,4.0,3.0,3.0,3.0,0.0,1973.0
single_family,NA,1250000.0,2296.0,2.0,4.0,4.0,3.0,3.0,0.0,2001.0
single_family,NA,1125000.0,2574.0,2.0,6.0,3.0,3.0,3.0,2.0,1965.0
single_family,NA,2485000.0,2967.0,1.0,3.0,4.0,4.0,4.0,2.0,1979.0
single_family,NA,1395000.0,2479.0,1.0,4.0,4.0,4.0,4.0,2.0,1976.0
single_family,NA,1450000.0,5027.0,2.0,6.0,5.0,5.0,5.0,0.0,1994.0
single_family,NA,675000.0,2621.0,2.0,4.0,3.0,3.0,3.0,2.0,2005.0
single_family,NA,1150000.0,2100.0,1.0,3.0,3.0,1.0,3.0,2.0,2017.0
single_family,NA,469000.0,1684.0,1.0,3.0,2.0,2.0,2.0,3.0,2004.0
single_family,NA,2495000.0,3508.0,1.0,4.0,4.0,3.0,3.0,2.0,1989.0
single_family,NA,525000.0,2159.0,1.0,2.0,2.0,2.0,2.0,0.0,2014.0
single_family,NA,364500.0,1551.0,1.0,3.0,2.0,2.0,2.0,0.0,1975.0
single_family,NA,899950.0,2288.0,2.0,4.0,3.0,3.0,3.0,2.0,1986.0
single_family,NA,3250000.0,2096.0,2.0,3.0,3.0,3.0,3.0,1.0,1945.0
single_family,NA,999000.0,2146.0,2.0,4.0,3.0,3.0,3.0,2.0,2004.0
single_family,NA,574900.0,2968.0,3.0,4.0,4.0,4.0,4.0,8.0,1984.0
single_family,NA,489800.0,1607.0,1.0,3.0,2.0,2.0,2.0,2.0,2004.0
single_family,NA,1795000.0,2118.0,2.0,3.0,3.0,2.0,2.0,0.0,1961.0
condos,condo,364900.0,1512.0,1.0,2.0,2.0,2.0,2.0,2.0,1980.0
single_family,NA,389900.0,1109.0,1.0,3.0,1.0,1.0,1.0,1.0,1925.0
single_family,NA,759000.0,1227.0,2.0,2.0,2.0,2.0,2.0,0.0,1985.0
single_family,NA,595000.0,1641.0,1.0,3.0,3.0,3.0,3.0,2.0,2006.0
condos,condo,861000.0,1121.0,2.0,2.0,3.0,2.0,2.0,1.0,1986.0
single_family,NA,925000.0,2337.0,1.0,3.0,3.0,2.0,2.0,3.0,2004.0
single_family,NA,735000.0,1220.0,1.0,2.0,2.0,2.0,2.0,0.0,1948.0
single_family,NA,899000.0,1669.0,1.0,3.0,2.0,2.0,2.0,2.0,1962.0
single_family,NA,639777.0,2004.0,2.0,4.0,3.0,2.0,3.0,3.0,1989.0
single_family,NA,1850000.0,3000.0,2.0,4.0,3.0,3.0,3.0,1.0,1980.0
single_family,NA,1999900.0,4108.0,2.0,5.0,6.0,5.0,5.0,2.0,1991.0
condos,condo,315000.0,1054.0,1.0,2.0,1.0,1.0,1.0,0.0,1964.0
single_family,NA,979000.0,1416.0,1.0,3.0,3.0,2.0,2.0,0.0,1936.0
single_family,NA,3699000.0,3817.0,2.0,5.0,4.0,4.0,4.0,2.0,1984.0
townhomes,townhouse,1420000.0,1626.0,2.0,2.0,3.0,2.0,2.0,2.0,1981.0
single_family,NA,475000.0,1930.0,2.0,3.0,2.0,2.0,2.0,0.0,1992.0
single_family,NA,129000.0,1218.0,1.0,3.0,2.0,1.0,2.0,2.0,1984.0
single_family,NA,3450000.0,3705.0,2.0,5.0,5.0,4.0,4.0,3.0,2002.0
single_family,NA,2200000.0,3612.0,1.0,4.0,5.0,4.0,4.0,3.0,2005.0
single_family,NA,1349000.0,2370.0,2.0,3.0,3.0,2.0,2.0,2.0,1985.0
single_family,NA,775000.0,2120.0,1.0,3.0,2.0,2.0,2.0,3.0,1993.0
single_family,NA,975000.0,2471.0,1.0,3.0,3.0,3.0,3.0,3.0,2003.0
single_family,NA,1795000.0,1705.0,2.0,5.0,3.0,3.0,3.0,0.0,1950.0
single_family,NA,4800000.0,3093.0,1.0,4.0,4.0,4.0,4.0,2.0,1924.0
single_family,NA,999000.0,3015.0,1.0,5.0,3.0,3.0,3.0,2.0,1974.0
condos,condo,398000.0,1360.0,1.0,2.0,2.0,2.0,2.0,2.0,1991.0
single_family,NA,2750000.0,4204.0,2.0,4.0,5.0,4.0,4.0,3.0,2012.0
condos,condo,1100000.0,1746.0,1.0,3.0,2.0,2.0,2.0,2.0,1998.0
single_family,NA,2999000.0,5239.0,2.0,5.0,6.0,4.0,4.0,5.0,1997.0
single_family,NA,1045000.0,1644.0,2.0,3.0,2.0,2.0,2.0,0.0,1908.0
single_family,NA,1690000.0,1972.0,2.0,4.0,3.0,2.0,2.0,2.0,1978.0
single_family,NA,522500.0,2558.0,2.0,4.0,3.0,3.0,3.0,0.0,2006.0
single_family,NA,4350000.0,4100.0,1.0,4.0,4.0,2.0,2.0,5.0,1992.0
single_family,NA,995000.0,1625.0,2.0,3.0,3.0,2.0,2.0,2.0,1992.0
single_family,NA,1595000.0,2814.0,1.0,4.0,2.0,2.0,2.0,0.0,1967.0
single_family,NA,1399000.0,3650.0,1.0,3.0,3.0,1.0,2.0,3.0,2001.0
single_family,NA,1148000.0,2364.0,2.0,4.0,3.0,3.0,3.0,2.0,1985.0
condos,condo,545000.0,460.0,1.0,1.0,1.0,1.0,1.0,0.0,1927.0
single_family,NA,3495000.0,2575.0,2.0,4.0,4.0,4.0,4.0,2.0,2000.0
single_family,NA,1349000.0,2681.0,1.0,4.0,3.0,3.0,3.0,2.0,1968.0
single_family,NA,798900.0,1013.0,1.0,3.0,2.0,2.0,2.0,1.0,1957.0
single_family,NA,1095000.0,1090.0,1.0,2.0,1.0,1.0,1.0,0.0,1925.0
single_family,NA,569000.0,2239.0,1.0,3.0,3.0,2.0,2.0,3.0,1992.0
townhomes,townhouse,2188000.0,2120.0,3.0,4.0,4.0,3.0,3.0,2.0,2015.0
single_family,NA,619000.0,1894.0,1.0,2.0,2.0,2.0,2.0,2.0,1997.0
single_family,NA,995000.0,2236.0,2.0,3.0,3.0,3.0,3.0,0.0,1963.0
townhomes,townhouse,699000.0,1344.0,2.0,3.0,3.0,3.0,3.0,2.0,1996.0
single_family,NA,860000.0,1664.0,1.0,3.0,2.0,2.0,2.0,2.0,1976.0
condos,condo,1080000.0,1411.0,3.0,2.0,3.0,2.0,2.0,2.0,2003.0
single_family,NA,539000.0,1800.0,1.0,3.0,2.0,2.0,3.0,0.0,1965.0
single_family,NA,1375000.0,2784.0,2.0,4.0,3.0,2.0,2.0,3.0,1977.0
single_family,NA,1395000.0,1561.0,1.0,3.0,2.0,2.0,2.0,2.0,1950.0
single_family,NA,1250000.0,1517.0,1.0,3.0,2.0,2.0,2.0,2.0,1977.0
land,NA,1900.0,0.0,0.0,0.0,0.0,0.0,0.0,0.0,0.0
single_family,NA,855000.0,1124.0,1.0,2.0,1.0,1.0,1.0,0.0,1962.0
single_family,NA,820000.0,1737.0,1.0,4.0,2.0,2.0,2.0,2.0,1976.0
single_family,NA,699999.0,2645.0,2.0,3.0,3.0,2.0,2.0,2.0,2005.0
single_family,NA,349950.0,706.0,1.0,2.0,1.0,1.0,1.0,1.0,1907.0
condos,condo,479900.0,831.0,1.0,1.0,1.0,1.0,1.0,1.0,2006.0
single_family,NA,799000.0,1606.0,1.0,3.0,2.0,2.0,2.0,2.0,1960.0
single_family,NA,595000.0,1040.0,1.0,2.0,2.0,2.0,2.0,0.0,1989.0
single_family,NA,490000.0,1075.0,1.0,3.0,2.0,2.0,2.0,0.0,1950.0
single_family,NA,749000.0,997.0,1.0,2.0,1.0,1.0,1.0,0.0,1912.0
single_family,NA,798000.0,1299.0,2.0,3.0,3.0,2.0,2.0,0.0,1996.0
single_family,NA,2995000.0,3749.0,1.0,3.0,4.0,3.0,3.0,3.0,2001.0
single_family,NA,628000.0,1053.0,1.0,3.0,1.0,1.0,1.0,2.0,1951.0
single_family,NA,899000.0,2083.0,2.0,5.0,3.0,3.0,3.0,2.0,1995.0
single_family,NA,689900.0,2264.0,2.0,4.0,3.0,2.0,2.0,0.0,2004.0
single_family,NA,1095000.0,2106.0,2.0,4.0,3.0,2.0,2.0,3.0,1986.0
single_family,NA,419900.0,1983.0,2.0,4.0,3.0,2.0,2.0,0.0,2001.0
single_family,NA,459000.0,1622.0,1.0,2.0,2.0,1.0,2.0,2.0,1999.0
condos,condo,498500.0,968.0,1.0,2.0,2.0,2.0,2.0,1.0,1989.0
single_family,NA,1180000.0,970.0,1.0,2.0,1.0,1.0,1.0,1.0,1945.0
single_family,NA,865000.0,3787.0,3.0,3.0,3.0,2.0,2.0,3.0,1998.0
single_family,NA,669000.0,2029.0,1.0,3.0,3.0,3.0,3.0,2.0,1996.0
townhomes,townhouse,878888.0,1700.0,2.0,3.0,2.0,2.0,2.0,2.0,1977.0
single_family,NA,599000.0,1102.0,2.0,2.0,1.0,1.0,1.0,1.0,1941.0
single_family,NA,799000.0,1609.0,1.0,3.0,2.0,2.0,2.0,0.0,1976.0
single_family,NA,1698000.0,2195.0,2.0,5.0,3.0,3.0,3.0,2.0,1970.0
single_family,NA,1300000.0,2521.0,2.0,5.0,3.0,3.0,3.0,2.0,1974.0
single_family,NA,615000.0,1592.0,2.0,4.0,4.0,3.0,3.0,2.0,1988.0
single_family,NA,2488888.0,1842.0,2.0,4.0,4.0,3.0,3.0,2.0,1963.0
condos,condo,379000.0,902.0,1.0,2.0,2.0,0.0,2.0,0.0,1983.0
single_family,NA,724998.0,1441.0,1.0,3.0,2.0,2.0,2.0,2.0,1967.0
single_family,NA,469000.0,1955.0,1.0,4.0,3.0,3.0,3.0,2.0,1999.0
single_family,NA,1299000.0,1950.0,2.0,4.0,2.0,2.0,2.0,2.0,1962.0
single_family,NA,490000.0,2204.0,1.0,4.0,2.0,2.0,2.0,3.0,2004.0
single_family,NA,2195000.0,2202.0,1.0,3.0,3.0,2.0,2.0,2.0,2000.0
condos,condo,545000.0,650.0,1.0,1.0,1.0,1.0,1.0,0.0,1998.0
single_family,NA,855000.0,2658.0,2.0,5.0,3.0,2.0,3.0,3.0,1989.0
single_family,NA,1325000.0,1450.0,1.0,4.0,2.0,2.0,2.0,2.0,1962.0
condos,condo,495000.0,444.0,1.0,0.0,1.0,1.0,1.0,1.0,2018.0
single_family,NA,289000.0,1097.0,1.0,3.0,2.0,1.0,2.0,0.0,1955.0
single_family,NA,1100000.0,2061.0,1.0,3.0,2.0,2.0,2.0,4.0,1973.0
condos,condo,479000.0,1171.0,1.0,2.0,2.0,2.0,2.0,0.0,1977.0
multi_family,NA,5600000.0,19013.0,2.0,48.0,32.0,2.0,2.0,2.0,1988.0
condos,condo,978888.0,1114.0,1.0,3.0,2.0,2.0,2.0,0.0,1982.0
single_family,NA,429900.0,1439.0,1.0,2.0,2.0,2.0,2.0,2.0,2013.0
single_family,NA,595000.0,1289.0,1.0,3.0,2.0,2.0,2.0,0.0,1978.0
single_family,NA,1349000.0,1596.0,1.0,4.0,2.0,2.0,2.0,2.0,1975.0
single_family,NA,1600000.0,2245.0,2.0,4.0,3.0,2.0,2.0,2.0,1999.0
condos,condo,750000.0,1501.0,2.0,3.0,3.0,2.0,2.0,2.0,2004.0
condos,condo,469000.0,950.0,1.0,2.0,1.0,1.0,1.0,1.0,1971.0
townhomes,townhouse,1368888.0,1803.0,2.0,3.0,3.0,2.0,2.0,2.0,1978.0
single_family,NA,182362.0,1246.0,1.0,2.0,2.0,2.0,2.0,0.0,1980.0
condo_townhome_rowhome_coop,townhouse,950000.0,0.0,1.0,1.0,1.0,1.0,1.0,1.0,1987.0
single_family,NA,1395000.0,2095.0,1.0,2.0,3.0,2.0,2.0,0.0,1976.0
condos,condo,320000.0,874.0,2.0,2.0,2.0,2.0,2.0,0.0,1988.0
condos,condo,535000.0,986.0,1.0,2.0,2.0,2.0,2.0,0.0,1966.0
single_family,NA,1475000.0,2372.0,2.0,4.0,3.0,3.0,3.0,2.0,1990.0
condos,condo,688888.0,995.0,1.0,2.0,2.0,2.0,2.0,1.0,1972.0
single_family,NA,1399000.0,1970.0,2.0,3.0,3.0,2.0,2.0,2.0,2002.0
single_family,NA,710000.0,2011.0,2.0,3.0,3.0,2.0,2.0,2.0,2019.0
mobile,NA,119500.0,400.0,1.0,1.0,1.0,1.0,1.0,1.0,1999.0
single_family,NA,410000.0,1805.0,1.0,4.0,2.0,2.0,2.0,0.0,1976.0
single_family,NA,639000.0,972.0,1.0,2.0,1.0,1.0,1.0,0.0,1902.0
single_family,NA,440000.0,960.0,1.0,3.0,1.0,1.0,1.0,2.0,1976.0
townhomes,townhouse,635000.0,1568.0,2.0,3.0,2.0,2.0,2.0,1.0,1980.0
single_family,NA,423000.0,1862.0,1.0,3.0,2.0,2.0,2.0,0.0,1951.0
mobile,NA,149900.0,1248.0,1.0,2.0,2.0,0.0,2.0,0.0,1986.0
single_family,NA,1180000.0,966.0,1.0,1.0,1.0,1.0,1.0,0.0,1934.0
single_family,NA,1170000.0,1380.0,1.0,4.0,1.0,1.0,1.0,1.0,1944.0
single_family,NA,359000.0,1310.0,1.0,4.0,2.0,2.0,2.0,2.0,1970.0
land,NA,20995.0,0.0,0.0,0.0,0.0,0.0,0.0,0.0,0.0
single_family,NA,295000.0,1105.0,1.0,2.0,1.0,1.0,1.0,2.0,1960.0
single_family,NA,899950.0,1148.0,1.0,3.0,2.0,2.0,2.0,2.0,1968.0
condos,condo,389000.0,1303.0,1.0,2.0,2.0,2.0,2.0,2.0,1979.0
single_family,NA,300000.0,1214.0,1.0,3.0,2.0,2.0,2.0,2.0,1971.0
single_family,NA,2899998.0,2964.0,1.0,3.0,3.0,2.0,2.0,3.0,1993.0
single_family,NA,539000.0,2548.0,1.0,3.0,3.0,3.0,3.0,2.0,1964.0
single_family,NA,715000.0,1427.0,1.0,3.0,2.0,2.0,2.0,0.0,1963.0
single_family,NA,789000.0,3052.0,1.0,5.0,4.0,2.0,4.0,3.0,2004.0
single_family,NA,2150000.0,1698.0,1.0,4.0,3.0,3.0,3.0,2.0,1956.0
single_family,NA,188888.0,2274.0,1.0,4.0,3.0,3.0,3.0,5.0,1951.0
single_family,NA,161280.0,1404.0,2.0,3.0,2.0,2.0,2.0,1.0,1981.0
single_family,NA,950000.0,930.0,1.0,2.0,2.0,2.0,2.0,2.0,1984.0
single_family,NA,1245000.0,1040.0,1.0,3.0,1.0,1.0,1.0,2.0,1954.0
single_family,NA,649950.0,1447.0,1.0,3.0,2.0,2.0,2.0,2.0,2020.0
single_family,NA,1225000.0,811.0,1.0,2.0,2.0,1.0,1.0,0.0,1938.0
single_family,NA,650000.0,2685.0,2.0,5.0,4.0,3.0,3.0,2.0,2021.0
single_family,NA,675000.0,799.0,1.0,2.0,1.0,1.0,1.0,1.0,1938.0
single_family,NA,399000.0,1573.0,1.0,3.0,2.0,2.0,2.0,0.0,2025.0
multi_family,NA,1549000.0,1554.0,1.0,4.0,2.0,2.0,2.0,0.0,1958.0
single_family,NA,235000.0,1463.0,1.0,4.0,2.0,2.0,2.0,0.0,1954.0
single_family,NA,675000.0,1028.0,1.0,3.0,1.0,1.0,1.0,2.0,1952.0
condos,condo,399000.0,756.0,1.0,2.0,2.0,2.0,2.0,1.0,1985.0
single_family,NA,499000.0,1408.0,2.0,3.0,2.0,2.0,2.0,0.0,1973.0
single_family,NA,1550000.0,1784.0,2.0,3.0,2.0,2.0,2.0,3.0,1951.0
single_family,NA,60000.0,800.0,2.0,2.0,1.0,1.0,1.0,0.0,1980.0
single_family,NA,241500.0,1110.0,1.0,2.0,2.0,2.0,2.0,0.0,1980.0
single_family,NA,440000.0,964.0,1.0,3.0,1.0,1.0,1.0,1.0,1951.0
single_family,NA,459000.0,1078.0,1.0,2.0,1.0,1.0,1.0,0.0,1941.0
land,NA,425000.0,0.0,0.0,0.0,0.0,0.0,0.0,0.0,0.0
single_family,NA,1725000.0,1644.0,1.0,3.0,2.0,2.0,2.0,2.0,1956.0
condos,condo,589000.0,1079.0,1.0,2.0,2.0,2.0,2.0,1.0,1997.0
single_family,NA,198000.0,1104.0,1.0,2.0,2.0,2.0,2.0,0.0,1926.0
single_family,NA,299990.0,1548.0,1.0,4.0,2.0,2.0,2.0,2.0,1994.0
condos,condo,699900.0,878.0,1.0,1.0,1.0,1.0,1.0,2.0,2007.0
townhomes,townhouse,329900.0,997.0,1.0,2.0,2.0,1.0,2.0,2.0,1984.0
condos,condo,595000.0,924.0,1.0,2.0,2.0,2.0,2.0,1.0,1982.0
single_family,NA,500000.0,1191.0,1.0,3.0,2.0,2.0,2.0,0.0,2000.0
single_family,NA,1099000.0,1654.0,1.0,3.0,2.0,2.0,2.0,0.0,1960.0
condos,condo,450000.0,900.0,1.0,2.0,2.0,2.0,2.0,0.0,1982.0
single_family,NA,650000.0,1850.0,1.0,3.0,2.0,2.0,2.0,2.0,1986.0
land,NA,149000.0,0.0,0.0,0.0,0.0,0.0,0.0,0.0,0.0
single_family,NA,1250000.0,2768.0,1.0,3.0,3.0,2.0,2.0,3.0,2004.0
single_family,NA,1695000.0,2005.0,1.0,4.0,2.0,2.0,2.0,2.0,1971.0
single_family,NA,687000.0,1852.0,1.0,3.0,2.0,2.0,2.0,2.0,1994.0
mobile,NA,215500.0,1374.0,1.0,3.0,2.0,1.0,2.0,2.0,1990.0
single_family,NA,465000.0,2090.0,2.0,4.0,3.0,3.0,3.0,0.0,1998.0
condos,condo,659000.0,912.0,1.0,2.0,1.0,1.0,1.0,2.0,1986.0
condos,condo,375000.0,547.0,1.0,1.0,1.0,1.0,1.0,1.0,1969.0
single_family,NA,420000.0,1568.0,2.0,3.0,3.0,2.0,2.0,0.0,1986.0
townhomes,townhouse,599000.0,1106.0,1.0,2.0,2.0,2.0,2.0,2.0,1974.0
condos,condo,585000.0,1562.0,1.0,2.0,2.0,2.0,2.0,2.0,1990.0
single_family,NA,1399000.0,2322.0,2.0,4.0,3.0,3.0,3.0,2.0,1990.0
single_family,NA,1300000.0,1819.0,2.0,3.0,3.0,2.0,2.0,2.0,1972.0
single_family,NA,650000.0,1008.0,1.0,2.0,1.0,1.0,1.0,0.0,1968.0
single_family,NA,495000.0,1320.0,2.0,4.0,2.0,2.0,2.0,0.0,1920.0
single_family,NA,1295000.0,1585.0,1.0,3.0,3.0,2.0,2.0,2.0,1947.0
single_family,NA,680000.0,1220.0,1.0,3.0,2.0,2.0,2.0,0.0,1958.0
single_family,NA,3700000.0,1615.0,2.0,3.0,2.0,2.0,2.0,1.0,1938.0
single_family,NA,899000.0,962.0,1.0,3.0,1.0,1.0,1.0,2.0,1944.0
single_family,NA,988888.0,1059.0,1.0,3.0,2.0,2.0,2.0,1.0,1941.0
single_family,NA,368900.0,1324.0,1.0,3.0,2.0,2.0,2.0,0.0,1974.0
single_family,NA,599000.0,760.0,1.0,2.0,1.0,1.0,1.0,0.0,1944.0
condos,condo,549000.0,1037.0,2.0,2.0,2.0,2.0,2.0,1.0,2003.0
single_family,NA,758000.0,1156.0,1.0,3.0,2.0,1.0,1.0,2.0,1951.0
single_family,NA,299000.0,1200.0,2.0,2.0,1.0,1.0,1.0,0.0,1962.0
single_family,NA,465000.0,2081.0,1.0,4.0,2.0,2.0,2.0,0.0,2000.0
single_family,NA,549000.0,1183.0,1.0,3.0,2.0,2.0,2.0,0.0,1951.0
land,NA,25000.0,0.0,0.0,0.0,0.0,0.0,0.0,0.0,0.0
single_family,NA,2798000.0,1231.0,2.0,1.0,2.0,2.0,2.0,0.0,1915.0
land,NA,320000.0,0.0,0.0,0.0,0.0,0.0,0.0,0.0,0.0
single_family,NA,325000.0,1161.0,1.0,3.0,2.0,2.0,2.0,2.0,1997.0
single_family,NA,279900.0,1444.0,1.0,4.0,2.0,2.0,2.0,0.0,1954.0
condos,condo,175000.0,522.0,2.0,1.0,1.0,1.0,1.0,0.0,1974.0
land,NA,1800000.0,0.0,0.0,0.0,0.0,0.0,0.0,0.0,0.0
land,NA,50000.0,0.0,0.0,0.0,0.0,0.0,0.0,0.0,0.0
condos,condo,399900.0,1576.0,1.0,2.0,3.0,2.0,2.0,2.0,1991.0
single_family,NA,420000.0,2371.0,2.0,4.0,3.0,2.0,2.0,0.0,1990.0
single_family,NA,470000.0,1426.0,1.0,3.0,2.0,2.0,2.0,3.0,2018.0
single_family,NA,1795000.0,2600.0,3.0,6.0,2.0,2.0,2.0,2.0,1900.0
condos,condo,649000.0,903.0,2.0,2.0,1.0,1.0,1.0,0.0,1968.0
single_family,NA,175000.0,911.0,1.0,3.0,2.0,1.0,1.0,1.0,1960.0
single_family,NA,490000.0,792.0,1.0,3.0,1.0,1.0,1.0,0.0,1920.0
single_family,NA,995000.0,1570.0,2.0,3.0,2.0,2.0,2.0,0.0,1962.0
condos,condo,750000.0,1160.0,2.0,3.0,2.0,1.0,1.0,0.0,1972.0
land,NA,19999.0,0.0,0.0,0.0,0.0,0.0,0.0,0.0,0.0
land,NA,6000.0,0.0,0.0,0.0,0.0,0.0,0.0,0.0,0.0
single_family,NA,815000.0,1515.0,1.0,4.0,2.0,2.0,2.0,2.0,1974.0
single_family,NA,368000.0,956.0,1.0,3.0,1.0,1.0,1.0,0.0,1953.0
single_family,NA,165900.0,1064.0,1.0,2.0,1.0,1.0,1.0,0.0,1990.0
single_family,NA,270000.0,0.0,1.0,1.0,2.0,2.0,2.0,0.0,1903.0
mobile,NA,278999.0,840.0,1.0,2.0,1.0,1.0,1.0,0.0,1983.0
land,NA,19999.0,0.0,0.0,0.0,0.0,0.0,0.0,0.0,0.0
condos,condo,379999.0,803.0,1.0,2.0,1.0,1.0,1.0,1.0,1976.0
single_family,NA,675000.0,1557.0,1.0,4.0,2.0,2.0,2.0,4.0,1976.0
single_family,NA,700000.0,2167.0,2.0,4.0,2.0,2.0,2.0,0.0,1972.0
land,NA,160000.0,0.0,0.0,0.0,0.0,0.0,0.0,0.0,0.0
land,NA,120000.0,0.0,0.0,0.0,0.0,0.0,0.0,0.0,0.0
single_family,NA,728500.0,1512.0,1.0,3.0,2.0,2.0,2.0,2.0,1962.0
land,NA,19900.0,0.0,0.0,0.0,0.0,0.0,0.0,0.0,0.0
single_family,NA,1378000.0,1773.0,2.0,3.0,3.0,2.0,2.0,2.0,1984.0
single_family,NA,690000.0,2200.0,2.0,3.0,2.0,2.0,2.0,0.0,1980.0
single_family,NA,1950000.0,980.0,1.0,2.0,2.0,1.0,1.0,0.0,1939.0
single_family,NA,1079900.0,1480.0,1.0,4.0,2.0,2.0,2.0,0.0,1962.0
single_family,NA,290000.0,944.0,1.0,2.0,1.0,1.0,1.0,1.0,1951.0
land,NA,54900.0,0.0,0.0,0.0,0.0,0.0,0.0,0.0,0.0
single_family,NA,376990.0,0.0,1.0,3.0,2.0,2.0,2.0,0.0,2025.0
single_family,NA,529000.0,1646.0,2.0,4.0,3.0,2.0,2.0,2.0,2019.0
single_family,NA,1649000.0,4556.0,3.0,5.0,6.0,5.0,5.0,3.0,1987.0
single_family,NA,7750000.0,5022.0,1.0,3.0,5.0,4.0,4.0,3.0,1988.0
single_family,NA,3900000.0,3571.0,2.0,4.0,5.0,4.0,4.0,2.0,1994.0
single_family,NA,446990.0,1509.0,1.0,4.0,2.0,2.0,2.0,2.0,2025.0
townhomes,townhouse,615000.0,1328.0,3.0,2.0,3.0,1.0,2.0,2.0,2018.0
multi_family,NA,425000.0,1150.0,1.0,2.0,1.0,1.0,1.0,0.0,1962.0
land,NA,240000.0,0.0,0.0,0.0,0.0,0.0,0.0,0.0,0.0
condos,condo,949999.0,1402.0,2.0,3.0,3.0,2.0,2.0,2.0,1998.0
single_family,NA,810000.0,1263.0,1.0,3.0,2.0,2.0,2.0,2.0,1928.0
single_family,NA,21800000.0,13962.0,2.0,7.0,12.0,12.0,12.0,3.0,1985.0
single_family,NA,700000.0,1519.0,1.0,3.0,2.0,2.0,2.0,2.0,1931.0
mobile,NA,129950.0,800.0,1.0,2.0,1.0,1.0,1.0,0.0,1965.0
single_family,NA,5795000.0,3989.0,2.0,4.0,5.0,3.0,3.0,2.0,1997.0
single_family,NA,733900.0,1144.0,1.0,4.0,2.0,1.0,2.0,2.0,1962.0
single_family,NA,699000.0,1080.0,1.0,3.0,2.0,2.0,2.0,2.0,1961.0
single_family,NA,1600000.0,1917.0,1.0,4.0,2.0,1.0,2.0,2.0,1969.0
townhomes,townhouse,875000.0,1388.0,2.0,3.0,3.0,2.0,2.0,2.0,2000.0
mobile,NA,149000.0,720.0,1.0,2.0,1.0,1.0,1.0,0.0,1973.0
single_family,NA,1050000.0,2590.0,2.0,2.0,3.0,2.0,2.0,4.0,2018.0
townhomes,townhouse,729999.0,1176.0,2.0,3.0,2.0,2.0,2.0,2.0,1975.0
single_family,NA,2395000.0,2042.0,1.0,4.0,3.0,2.0,2.0,2.0,1925.0
condos,condo,617000.0,1339.0,2.0,2.0,2.0,2.0,2.0,2.0,1979.0
single_family,NA,2350000.0,2715.0,2.0,4.0,3.0,2.0,2.0,2.0,1999.0
single_family,NA,925000.0,1353.0,1.0,3.0,2.0,1.0,2.0,2.0,1962.0
single_family,NA,579000.0,887.0,1.0,2.0,2.0,2.0,2.0,1.0,1976.0
single_family,NA,995000.0,1965.0,2.0,3.0,2.0,2.0,2.0,0.0,1928.0
land,NA,60000.0,0.0,0.0,0.0,0.0,0.0,0.0,0.0,0.0
land,NA,195000.0,0.0,0.0,0.0,0.0,0.0,0.0,0.0,0.0
single_family,NA,1785000.0,2072.0,2.0,5.0,3.0,2.0,2.0,2.0,1977.0
single_family,NA,488000.0,2128.0,1.0,3.0,2.0,2.0,2.0,2.0,1966.0
single_family,NA,925000.0,1595.0,1.0,3.0,2.0,2.0,2.0,2.0,1968.0
single_family,NA,320000.0,1116.0,1.0,2.0,2.0,2.0,2.0,1.0,1947.0
condos,condo,874000.0,1620.0,1.0,2.0,2.0,2.0,2.0,0.0,1967.0
land,NA,29000.0,0.0,0.0,0.0,0.0,0.0,0.0,0.0,0.0
multi_family,NA,9995000.0,5084.0,3.0,7.0,6.0,5.0,5.0,3.0,1968.0
condos,condo,558000.0,1303.0,2.0,3.0,2.0,1.0,1.0,2.0,1977.0
condos,condo,710000.0,1108.0,1.0,2.0,2.0,2.0,2.0,1.0,1991.0
single_family,NA,105000.0,692.0,1.0,2.0,1.0,1.0,1.0,0.0,1949.0
single_family,NA,660000.0,1788.0,2.0,4.0,3.0,3.0,3.0,2.0,2000.0
single_family,NA,449900.0,1512.0,1.0,3.0,2.0,2.0,2.0,2.0,1988.0
condos,condo,589000.0,976.0,1.0,2.0,2.0,2.0,2.0,1.0,1990.0
single_family,NA,1495000.0,2490.0,2.0,4.0,4.0,4.0,4.0,3.0,1981.0
single_family,NA,425000.0,1947.0,1.0,3.0,3.0,2.0,2.0,2.0,2014.0
single_family,NA,790000.0,1454.0,1.0,1.0,2.0,2.0,2.0,0.0,1950.0
single_family,NA,929000.0,1500.0,1.0,3.0,2.0,2.0,2.0,2.0,1959.0
condos,condo,699000.0,1145.0,1.0,2.0,2.0,2.0,2.0,2.0,1991.0
single_family,NA,835000.0,2143.0,1.0,4.0,3.0,3.0,3.0,2.0,2023.0
single_family,NA,848000.0,1563.0,1.0,3.0,2.0,2.0,2.0,1.0,1924.0
condos,condo,729000.0,640.0,3.0,1.0,1.0,1.0,1.0,0.0,1964.0
townhomes,townhouse,7500000.0,3040.0,3.0,5.0,6.0,5.0,5.0,2.0,2026.0
single_family,NA,1999000.0,2300.0,2.0,4.0,3.0,3.0,3.0,3.0,1990.0
single_family,NA,1199000.0,2467.0,2.0,4.0,3.0,2.0,2.0,2.0,2000.0
single_family,NA,825000.0,1675.0,1.0,3.0,2.0,2.0,2.0,2.0,2021.0
single_family,NA,349000.0,1134.0,1.0,3.0,1.0,1.0,1.0,0.0,1938.0
condos,condo,529900.0,1115.0,3.0,2.0,3.0,3.0,3.0,2.0,1986.0
single_family,NA,1450000.0,2431.0,1.0,7.0,4.0,4.0,4.0,2.0,2025.0
single_family,NA,719000.0,1869.0,1.0,3.0,3.0,2.0,2.0,2.0,1975.0
townhomes,townhouse,913800.0,1763.0,2.0,4.0,4.0,3.0,3.0,2.0,2025.0
land,NA,1250000.0,0.0,0.0,0.0,0.0,0.0,0.0,0.0,0.0
single_family,NA,3998000.0,5665.0,2.0,7.0,5.0,5.0,5.0,3.0,1980.0
single_family,NA,880000.0,1012.0,1.0,3.0,2.0,1.0,1.0,2.0,1955.0
condos,condo,700000.0,1110.0,2.0,2.0,2.0,2.0,2.0,1.0,1991.0
single_family,NA,275000.0,953.0,1.0,2.0,1.0,1.0,1.0,1.0,1938.0
single_family,NA,1949900.0,6477.0,1.0,4.0,5.0,5.0,5.0,4.0,2008.0
single_family,NA,565000.0,2153.0,1.0,3.0,2.0,2.0,2.0,2.0,1983.0
single_family,NA,1200000.0,2208.0,1.0,4.0,3.0,3.0,3.0,2.0,1993.0
single_family,NA,569900.0,1929.0,1.0,4.0,2.0,2.0,2.0,2.0,2002.0
single_family,NA,1050000.0,1908.0,1.0,4.0,2.0,2.0,2.0,3.0,1996.0
single_family,NA,809000.0,1382.0,1.0,3.0,2.0,1.0,2.0,0.0,1948.0
single_family,NA,425000.0,1364.0,1.0,4.0,2.0,2.0,2.0,2.0,1972.0
condos,condo,525000.0,854.0,2.0,2.0,2.0,2.0,2.0,2.0,1990.0
single_family,NA,9999000.0,5767.0,3.0,5.0,6.0,6.0,6.0,3.0,2006.0
single_family,NA,639000.0,2129.0,2.0,4.0,2.0,2.0,2.0,2.0,1968.0
single_family,NA,725000.0,899.0,1.0,2.0,2.0,2.0,2.0,2.0,1974.0
single_family,NA,549999.0,2312.0,2.0,3.0,3.0,2.0,2.0,2.0,1978.0
single_family,NA,3250000.0,1064.0,1.0,3.0,1.0,1.0,1.0,1.0,1952.0
single_family,NA,449000.0,1100.0,1.0,2.0,2.0,1.0,1.0,0.0,1954.0
single_family,NA,570000.0,1691.0,1.0,3.0,2.0,2.0,2.0,3.0,2000.0
single_family,NA,960000.0,2230.0,2.0,5.0,2.0,2.0,2.0,2.0,1912.0
single_family,NA,737000.0,1553.0,2.0,3.0,2.0,2.0,2.0,2.0,1981.0
single_family,NA,779900.0,2186.0,1.0,3.0,2.0,2.0,2.0,2.0,1984.0
single_family,NA,1100000.0,2546.0,2.0,5.0,3.0,3.0,3.0,3.0,2000.0
single_family,NA,1699000.0,3605.0,1.0,5.0,5.0,4.0,4.0,3.0,2017.0
single_family,NA,389900.0,1465.0,1.0,3.0,2.0,2.0,2.0,2.0,1971.0
single_family,NA,569000.0,1401.0,1.0,3.0,2.0,2.0,2.0,1.0,1946.0
land,NA,22000.0,0.0,0.0,0.0,0.0,0.0,0.0,0.0,0.0
single_family,NA,2500000.0,8218.0,2.0,6.0,7.0,6.0,6.0,3.0,1997.0
single_family,NA,1995000.0,3166.0,2.0,4.0,3.0,2.0,3.0,3.0,1990.0
single_family,NA,564887.0,1545.0,1.0,3.0,2.0,2.0,2.0,2.0,1997.0
townhomes,townhouse,675000.0,958.0,1.0,2.0,2.0,2.0,2.0,2.0,1996.0
condos,condo,835000.0,1570.0,3.0,3.0,4.0,3.0,3.0,2.0,2008.0
single_family,NA,379000.0,1695.0,1.0,2.0,3.0,2.0,2.0,2.0,2006.0
single_family,NA,279900.0,864.0,1.0,2.0,2.0,2.0,2.0,0.0,1978.0
single_family,NA,450000.0,1225.0,1.0,3.0,2.0,1.0,1.0,1.0,1940.0
single_family,NA,660000.0,864.0,1.0,2.0,1.0,1.0,1.0,0.0,2010.0
single_family,NA,520000.0,2838.0,1.0,4.0,3.0,2.0,2.0,3.0,2005.0
single_family,NA,1098000.0,1460.0,3.0,3.0,3.0,3.0,3.0,2.0,1969.0
single_family,NA,3395000.0,1440.0,3.0,2.0,2.0,2.0,2.0,2.0,1973.0
condos,condo,516990.0,1438.0,2.0,3.0,3.0,2.0,2.0,2.0,2026.0
single_family,NA,3595000.0,2139.0,2.0,4.0,3.0,2.0,2.0,2.0,1959.0
single_family,NA,439900.0,1530.0,1.0,2.0,2.0,2.0,2.0,2.0,1991.0
single_family,NA,999000.0,1650.0,1.0,3.0,2.0,2.0,2.0,2.0,1978.0
single_family,NA,779000.0,1321.0,1.0,3.0,2.0,2.0,2.0,2.0,1955.0
single_family,NA,1450000.0,1944.0,1.0,3.0,3.0,0.0,3.0,2.0,1963.0
single_family,NA,895000.0,1218.0,1.0,3.0,1.0,1.0,1.0,2.0,1947.0
single_family,NA,2550000.0,1746.0,2.0,4.0,2.0,2.0,2.0,3.0,1945.0
single_family,NA,750000.0,2200.0,1.0,4.0,2.0,2.0,2.0,4.0,1966.0
single_family,NA,599000.0,1089.0,1.0,2.0,1.0,1.0,1.0,0.0,1938.0
single_family,NA,900000.0,1280.0,1.0,2.0,2.0,2.0,2.0,2.0,1991.0
land,NA,10000.0,0.0,0.0,0.0,0.0,0.0,0.0,0.0,0.0
townhomes,townhouse,649800.0,1184.0,2.0,3.0,3.0,2.0,2.0,2.0,1996.0
single_family,NA,1259000.0,1373.0,2.0,3.0,3.0,2.0,2.0,2.0,1984.0
condos,condo,595000.0,1759.0,1.0,3.0,2.0,2.0,2.0,3.0,1983.0
condos,condo,739900.0,1015.0,2.0,2.0,3.0,2.0,2.0,2.0,2015.0
single_family,NA,735000.0,1900.0,1.0,3.0,2.0,2.0,2.0,2.0,1959.0
townhomes,townhouse,969998.0,1138.0,2.0,2.0,2.0,1.0,1.0,1.0,1985.0
condos,condo,819900.0,1458.0,3.0,2.0,3.0,2.0,2.0,2.0,2003.0
single_family,NA,1750000.0,2160.0,2.0,4.0,3.0,2.0,2.0,2.0,1966.0
single_family,NA,1995000.0,1809.0,1.0,4.0,2.0,1.0,2.0,2.0,1954.0
single_family,NA,1275000.0,1880.0,1.0,3.0,2.0,2.0,2.0,2.0,1978.0
single_family,NA,420000.0,1296.0,1.0,3.0,2.0,2.0,2.0,2.0,1979.0
single_family,NA,535000.0,1655.0,2.0,3.0,3.0,2.0,2.0,2.0,1990.0
single_family,NA,1545000.0,2602.0,2.0,3.0,3.0,2.0,2.0,3.0,1977.0
single_family,NA,490746.0,1969.0,1.0,4.0,2.0,2.0,2.0,2.0,2026.0
single_family,NA,1540000.0,2144.0,2.0,4.0,4.0,3.0,3.0,2.0,1971.0
single_family,NA,1050000.0,2694.0,2.0,5.0,3.0,3.0,3.0,2.0,1968.0
single_family,NA,1200000.0,1603.0,1.0,3.0,3.0,2.0,2.0,2.0,1941.0
condos,condo,649990.0,1504.0,3.0,3.0,3.0,3.0,3.0,2.0,2025.0
single_family,NA,799000.0,1917.0,2.0,3.0,2.0,2.0,2.0,2.0,1955.0
single_family,NA,779900.0,2587.0,2.0,4.0,4.0,3.0,3.0,3.0,2005.0
mobile,NA,325000.0,1296.0,1.0,3.0,2.0,2.0,2.0,0.0,2003.0
single_family,NA,550000.0,1658.0,1.0,4.0,2.0,2.0,2.0,1.0,1972.0
single_family,NA,699000.0,2904.0,2.0,5.0,3.0,3.0,3.0,3.0,2006.0
single_family,NA,1850000.0,2224.0,2.0,3.0,3.0,3.0,3.0,2.0,1948.0
single_family,NA,13500000.0,4376.0,2.0,6.0,3.0,3.0,3.0,3.0,1958.0
single_family,NA,1300000.0,2222.0,1.0,4.0,3.0,3.0,3.0,2.0,1958.0
land,NA,27000.0,0.0,0.0,0.0,0.0,0.0,0.0,0.0,0.0
single_family,NA,714900.0,2208.0,1.0,4.0,2.0,2.0,2.0,3.0,2007.0
mobile,NA,215000.0,800.0,1.0,2.0,1.0,1.0,1.0,0.0,1975.0
single_family,NA,690000.0,2537.0,1.0,5.0,3.0,3.0,3.0,2.0,2023.0
condos,condo,699000.0,1009.0,1.0,2.0,2.0,2.0,2.0,0.0,1964.0
single_family,NA,769000.0,2264.0,1.0,4.0,4.0,3.0,3.0,2.0,2001.0
single_family,NA,2650000.0,2369.0,1.0,3.0,3.0,2.0,2.0,2.0,1986.0
single_family,NA,675000.0,2700.0,2.0,5.0,3.0,3.0,3.0,3.0,1988.0
single_family,NA,540000.0,2282.0,2.0,4.0,3.0,3.0,3.0,2.0,2005.0
land,NA,520000.0,0.0,0.0,0.0,0.0,0.0,0.0,0.0,0.0
single_family,NA,969000.0,1298.0,1.0,4.0,2.0,2.0,2.0,2.0,1960.0
land,NA,60000.0,0.0,0.0,0.0,0.0,0.0,0.0,0.0,0.0
single_family,NA,1598888.0,2346.0,2.0,4.0,4.0,4.0,4.0,2.0,2022.0
single_family,NA,1499000.0,1597.0,1.0,3.0,2.0,2.0,2.0,2.0,1944.0
mobile,NA,415000.0,1120.0,1.0,2.0,2.0,2.0,2.0,0.0,1968.0
townhomes,townhouse,435990.0,1658.0,2.0,3.0,3.0,2.0,2.0,2.0,2026.0
single_family,NA,585000.0,1320.0,1.0,3.0,2.0,2.0,2.0,2.0,2023.0
land,NA,170000.0,0.0,0.0,0.0,0.0,0.0,0.0,0.0,0.0
single_family,NA,449000.0,1684.0,1.0,3.0,2.0,2.0,2.0,2.0,2010.0
single_family,NA,799000.0,628.0,1.0,2.0,1.0,1.0,1.0,0.0,1930.0
land,NA,25000.0,0.0,0.0,0.0,0.0,0.0,0.0,0.0,0.0
single_family,NA,1398000.0,2055.0,1.0,3.0,3.0,2.0,2.0,2.0,1961.0
single_family,NA,1150000.0,1362.0,1.0,4.0,2.0,2.0,2.0,2.0,1958.0
single_family,NA,725000.0,1093.0,1.0,2.0,1.0,1.0,1.0,1.0,1950.0
single_family,NA,360000.0,1026.0,1.0,3.0,2.0,2.0,2.0,2.0,1973.0
condos,condo,675000.0,1080.0,2.0,2.0,3.0,2.0,2.0,2.0,1996.0
townhomes,townhouse,675000.0,1510.0,3.0,2.0,3.0,2.0,2.0,2.0,2017.0
land,NA,9500.0,0.0,0.0,0.0,0.0,0.0,0.0,0.0,0.0
single_family,NA,225000.0,1265.0,1.0,3.0,2.0,1.0,2.0,1.0,1963.0
single_family,NA,925000.0,2893.0,2.0,4.0,3.0,3.0,3.0,3.0,2001.0
single_family,NA,324950.0,1056.0,1.0,3.0,2.0,2.0,2.0,1.0,1971.0
single_family,NA,599000.0,1263.0,1.0,3.0,2.0,2.0,2.0,2.0,1986.0
single_family,NA,284760.0,1440.0,1.0,3.0,2.0,1.0,1.0,0.0,1969.0
single_family,NA,550000.0,1572.0,1.0,3.0,2.0,2.0,2.0,3.0,1978.0
single_family,NA,434900.0,1271.0,2.0,2.0,3.0,2.0,2.0,2.0,2005.0
single_family,NA,855000.0,810.0,1.0,2.0,1.0,1.0,1.0,1.0,1953.0
single_family,NA,410000.0,1288.0,1.0,3.0,2.0,2.0,2.0,2.0,1952.0
single_family,NA,1259000.0,2165.0,3.0,4.0,3.0,2.0,3.0,2.0,1972.0
condos,condo,204999.0,1280.0,3.0,3.0,2.0,2.0,2.0,0.0,1974.0
single_family,NA,1050000.0,1631.0,1.0,3.0,2.0,2.0,2.0,2.0,1996.0
single_family,NA,615000.0,2449.0,2.0,3.0,3.0,3.0,3.0,2.0,1993.0
single_family,NA,1249000.0,1771.0,1.0,5.0,3.0,3.0,3.0,1.0,1950.0
multi_family,NA,289000.0,800.0,1.0,1.0,1.0,1.0,1.0,0.0,1962.0
single_family,NA,649000.0,2320.0,2.0,5.0,3.0,2.0,2.0,2.0,1978.0
single_family,NA,1099999.0,2186.0,1.0,4.0,2.0,2.0,2.0,2.0,1978.0
condos,condo,925000.0,1310.0,2.0,2.0,3.0,2.0,2.0,2.0,1996.0
single_family,NA,430000.0,1224.0,1.0,2.0,2.0,2.0,2.0,4.0,1977.0
single_family,NA,2985000.0,2752.0,4.0,4.0,5.0,4.0,4.0,2.0,1911.0
single_family,NA,2799000.0,2548.0,2.0,4.0,3.0,3.0,3.0,2.0,2021.0
single_family,NA,499500.0,1004.0,1.0,2.0,2.0,2.0,2.0,2.0,1950.0
single_family,NA,1699999.0,2150.0,1.0,4.0,2.0,2.0,2.0,2.0,1970.0
single_family,NA,975000.0,4212.0,2.0,6.0,4.0,4.0,4.0,2.0,2004.0
single_family,NA,850000.0,1971.0,2.0,4.0,3.0,3.0,3.0,2.0,1990.0
single_family,NA,799000.0,1055.0,1.0,3.0,2.0,2.0,2.0,1.0,1948.0
land,NA,350000.0,0.0,0.0,0.0,0.0,0.0,0.0,0.0,0.0
mobile,NA,131000.0,1440.0,1.0,2.0,2.0,2.0,2.0,0.0,1983.0
single_family,NA,990000.0,1666.0,1.0,5.0,2.0,2.0,2.0,2.0,1966.0
single_family,NA,889900.0,3024.0,2.0,4.0,3.0,3.0,3.0,2.0,2007.0
single_family,NA,1050000.0,2980.0,2.0,5.0,3.0,3.0,3.0,0.0,1975.0
single_family,NA,750000.0,1004.0,1.0,2.0,2.0,2.0,2.0,1.0,1975.0
single_family,NA,449000.0,1003.0,1.0,3.0,2.0,2.0,2.0,1.0,1965.0
single_family,NA,1510000.0,2255.0,2.0,4.0,3.0,3.0,3.0,2.0,2025.0
single_family,NA,1495000.0,2541.0,1.0,4.0,3.0,3.0,3.0,2.0,1942.0
townhomes,townhouse,350000.0,1344.0,2.0,3.0,2.0,1.0,1.0,0.0,1973.0
mobile,NA,309900.0,1440.0,1.0,3.0,2.0,2.0,2.0,0.0,1968.0
single_family,NA,2350000.0,3113.0,2.0,5.0,3.0,3.0,3.0,2.0,2001.0
land,NA,165000.0,0.0,0.0,0.0,0.0,0.0,0.0,0.0,0.0
single_family,NA,349950.0,1440.0,1.0,3.0,2.0,2.0,2.0,2.0,2004.0
mobile,NA,269000.0,1464.0,1.0,2.0,2.0,2.0,2.0,0.0,1977.0
condos,condo,319000.0,1175.0,1.0,2.0,2.0,2.0,2.0,0.0,1984.0
single_family,NA,199990.0,570.0,1.0,1.0,1.0,1.0,1.0,0.0,1978.0
single_family,NA,429900.0,1318.0,1.0,3.0,2.0,1.0,1.0,2.0,1949.0
single_family,NA,1494000.0,1595.0,1.0,4.0,3.0,3.0,3.0,0.0,1915.0
single_family,NA,740000.0,1240.0,1.0,3.0,2.0,2.0,2.0,2.0,1976.0
single_family,NA,380880.0,2112.0,3.0,3.0,3.0,3.0,3.0,8.0,1978.0
land,NA,30000.0,0.0,0.0,0.0,0.0,0.0,0.0,0.0,0.0
single_family,NA,999000.0,2376.0,1.0,4.0,2.0,2.0,2.0,2.0,1966.0
condos,condo,1795000.0,1608.0,3.0,3.0,3.0,3.0,3.0,1.0,2008.0
single_family,NA,691990.0,2529.0,1.0,3.0,3.0,2.0,2.0,2.0,2026.0
single_family,NA,449900.0,994.0,1.0,2.0,2.0,2.0,2.0,1.0,1972.0
single_family,NA,513000.0,1000.0,1.0,3.0,2.0,2.0,2.0,1.0,1955.0
single_family,NA,399999.0,1092.0,1.0,3.0,2.0,2.0,2.0,2.0,2002.0
mobile,NA,219777.0,1560.0,1.0,2.0,2.0,2.0,2.0,4.0,1974.0
single_family,NA,409000.0,1765.0,1.0,3.0,2.0,2.0,2.0,2.0,2005.0
land,NA,25000.0,0.0,0.0,0.0,0.0,0.0,0.0,0.0,0.0
single_family,NA,950000.0,1379.0,2.0,3.0,3.0,2.0,2.0,2.0,1989.0
townhomes,townhouse,965000.0,1721.0,3.0,3.0,3.0,2.0,2.0,2.0,1989.0
single_family,NA,699000.0,1698.0,2.0,3.0,2.0,2.0,2.0,2.0,1984.0
mobile,NA,194900.0,1792.0,1.0,4.0,3.0,3.0,3.0,0.0,2002.0
single_family,NA,1549000.0,2593.0,2.0,4.0,3.0,2.0,3.0,2.0,1980.0
single_family,NA,1695000.0,3354.0,2.0,4.0,3.0,2.0,2.0,3.0,1977.0
single_family,NA,1020000.0,1059.0,1.0,3.0,2.0,2.0,2.0,2.0,1955.0
single_family,NA,1298000.0,816.0,1.0,2.0,1.0,1.0,1.0,1.0,1925.0
mobile,NA,178000.0,850.0,1.0,2.0,1.0,1.0,1.0,0.0,1976.0
single_family,NA,600000.0,1114.0,1.0,3.0,1.0,0.0,1.0,2.0,1949.0
single_family,NA,1775000.0,3303.0,2.0,4.0,3.0,3.0,3.0,3.0,1977.0
single_family,NA,390000.0,1308.0,2.0,3.0,2.0,1.0,1.0,2.0,1974.0
single_family,NA,3750000.0,3396.0,2.0,4.0,5.0,5.0,5.0,0.0,1915.0
mobile,NA,149999.0,700.0,1.0,1.0,1.0,1.0,1.0,0.0,1984.0
condos,condo,510000.0,823.0,2.0,1.0,2.0,1.0,1.0,2.0,1985.0
single_family,NA,729000.0,1263.0,1.0,3.0,2.0,2.0,2.0,2.0,1952.0
townhomes,townhouse,2295000.0,2790.0,2.0,4.0,4.0,3.0,3.0,2.0,2026.0
single_family,NA,665000.0,1740.0,1.0,4.0,2.0,2.0,2.0,1.0,1956.0
single_family,NA,1300000.0,1232.0,1.0,3.0,2.0,2.0,2.0,2.0,1962.0
single_family,NA,169999.0,1440.0,2.0,2.0,2.0,2.0,2.0,0.0,1977.0
single_family,NA,335000.0,898.0,1.0,2.0,1.0,1.0,1.0,1.0,1949.0
single_family,NA,499000.0,1823.0,1.0,3.0,2.0,2.0,2.0,2.0,1938.0
single_family,NA,639990.0,2908.0,2.0,6.0,4.0,4.0,4.0,3.0,2025.0
mobile,NA,320000.0,2040.0,1.0,4.0,2.0,2.0,2.0,0.0,1979.0
single_family,NA,725000.0,1469.0,2.0,4.0,3.0,3.0,3.0,2.0,1974.0
condos,condo,1550000.0,2445.0,3.0,3.0,3.0,2.0,2.0,2.0,2021.0
condos,condo,810000.0,941.0,4.0,2.0,1.0,1.0,1.0,0.0,1929.0
single_family,NA,1020000.0,1856.0,2.0,4.0,3.0,2.0,2.0,2.0,1971.0
land,NA,380000.0,0.0,0.0,0.0,0.0,0.0,0.0,0.0,0.0
mobile,NA,64900.0,960.0,1.0,2.0,2.0,2.0,2.0,0.0,1980.0
single_family,NA,865000.0,2907.0,1.0,4.0,3.0,2.0,2.0,2.0,1989.0
single_family,NA,849900.0,2663.0,2.0,4.0,3.0,3.0,3.0,2.0,2006.0
single_family,NA,775000.0,1747.0,1.0,3.0,2.0,2.0,2.0,0.0,1959.0
single_family,NA,975000.0,1167.0,1.0,2.0,1.0,1.0,1.0,2.0,1952.0
single_family,NA,628900.0,1524.0,2.0,4.0,2.0,2.0,2.0,2.0,1963.0
condos,condo,299000.0,1486.0,1.0,2.0,2.0,2.0,2.0,2.0,1987.0
mobile,NA,160000.0,1200.0,1.0,3.0,2.0,2.0,2.0,2.0,2009.0
single_family,NA,435000.0,1450.0,1.0,3.0,2.0,2.0,2.0,1.0,2007.0
single_family,NA,360000.0,938.0,1.0,3.0,1.0,1.0,1.0,4.0,1955.0
multi_family,NA,915000.0,3282.0,2.0,4.0,4.0,4.0,4.0,0.0,1925.0
single_family,NA,350000.0,944.0,1.0,3.0,1.0,1.0,1.0,1.0,1959.0
single_family,NA,895000.0,3783.0,2.0,6.0,5.0,4.0,4.0,3.0,2001.0
land,NA,12000.0,0.0,0.0,0.0,0.0,0.0,0.0,0.0,0.0
single_family,NA,250000.0,1539.0,1.0,3.0,2.0,2.0,2.0,1.0,1955.0
multi_family,NA,1540000.0,2378.0,1.0,4.0,3.0,3.0,3.0,2.0,1925.0
land,NA,280000.0,0.0,0.0,0.0,0.0,0.0,0.0,0.0,0.0
single_family,NA,699900.0,1824.0,1.0,4.0,2.0,2.0,2.0,2.0,2000.0
single_family,NA,4995000.0,5404.0,3.0,5.0,6.0,5.0,5.0,3.0,1940.0
single_family,NA,839000.0,1762.0,1.0,4.0,2.0,2.0,2.0,2.0,1978.0
land,NA,45000.0,0.0,0.0,0.0,0.0,0.0,0.0,0.0,0.0
single_family,NA,1595000.0,789.0,1.0,2.0,1.0,1.0,1.0,5.0,1952.0
townhomes,townhouse,2349000.0,2580.0,2.0,4.0,4.0,3.0,3.0,2.0,2026.0
single_family,NA,1099000.0,1663.0,1.0,3.0,2.0,1.0,2.0,2.0,1923.0
land,NA,168000.0,0.0,0.0,0.0,0.0,0.0,0.0,0.0,0.0
land,NA,199000.0,0.0,0.0,0.0,0.0,0.0,0.0,0.0,0.0
single_family,NA,1850000.0,2043.0,1.0,3.0,3.0,3.0,3.0,2.0,1960.0
land,NA,580000.0,0.0,0.0,0.0,0.0,0.0,0.0,0.0,0.0
condos,condo,588000.0,1176.0,2.0,3.0,3.0,3.0,3.0,2.0,1980.0
land,NA,149999.0,0.0,0.0,0.0,0.0,0.0,0.0,0.0,0.0
condos,condo,1600000.0,1920.0,3.0,3.0,2.0,2.0,2.0,0.0,1976.0
single_family,NA,495000.0,1540.0,3.0,3.0,2.0,2.0,2.0,0.0,1967.0
single_family,NA,485000.0,1087.0,1.0,3.0,2.0,2.0,2.0,2.0,1996.0
single_family,NA,899000.0,1850.0,1.0,3.0,3.0,3.0,3.0,0.0,1960.0
single_family,NA,755900.0,1540.0,1.0,3.0,3.0,3.0,3.0,3.0,1999.0
land,NA,49000.0,0.0,0.0,0.0,0.0,0.0,0.0,0.0,0.0
single_family,NA,685000.0,3260.0,2.0,4.0,3.0,3.0,3.0,3.0,2006.0
single_family,NA,1765000.0,2289.0,1.0,3.0,3.0,1.0,3.0,0.0,1939.0
land,NA,40000.0,0.0,0.0,0.0,0.0,0.0,0.0,0.0,0.0
single_family,NA,1695000.0,1633.0,1.0,3.0,2.0,2.0,2.0,2.0,1974.0
single_family,NA,537000.0,2464.0,1.0,3.0,2.0,2.0,2.0,2.0,1989.0
single_family,NA,350000.0,1133.0,1.0,2.0,2.0,2.0,2.0,2.0,1982.0
townhomes,townhouse,454000.0,1200.0,2.0,2.0,2.0,1.0,1.0,2.0,1979.0
single_family,NA,729000.0,1184.0,1.0,3.0,1.0,1.0,1.0,2.0,1948.0
condos,condo,588800.0,1025.0,1.0,2.0,2.0,2.0,2.0,1.0,1975.0
single_family,NA,1588000.0,2448.0,2.0,4.0,3.0,1.0,3.0,2.0,1970.0
single_family,NA,599000.0,2154.0,2.0,4.0,3.0,3.0,3.0,2.0,1989.0
single_family,NA,1660000.0,1729.0,2.0,3.0,2.0,2.0,2.0,2.0,1974.0
single_family,NA,605000.0,2529.0,2.0,4.0,3.0,3.0,3.0,2.0,2020.0
townhomes,townhouse,910000.0,1477.0,2.0,3.0,3.0,2.0,2.0,2.0,1986.0
condos,condo,599000.0,1430.0,1.0,3.0,2.0,2.0,2.0,2.0,2022.0
condos,condo,769000.0,1141.0,2.0,2.0,2.0,2.0,2.0,1.0,1972.0
single_family,NA,720000.0,1481.0,1.0,3.0,2.0,2.0,2.0,2.0,2019.0
single_family,NA,359500.0,772.0,1.0,2.0,1.0,1.0,1.0,0.0,1929.0
land,NA,249990.0,0.0,0.0,0.0,0.0,0.0,0.0,0.0,0.0
single_family,NA,860000.0,1687.0,2.0,4.0,2.0,2.0,2.0,1.0,1964.0
condos,condo,629999.0,1350.0,2.0,3.0,3.0,2.0,2.0,2.0,2007.0
single_family,NA,1675000.0,1865.0,1.0,3.0,3.0,2.0,3.0,0.0,1927.0
single_family,NA,2149000.0,2962.0,2.0,6.0,3.0,3.0,3.0,3.0,1990.0
condos,condo,819000.0,1134.0,1.0,2.0,2.0,1.0,2.0,1.0,1969.0
single_family,NA,619999.0,1668.0,1.0,3.0,2.0,2.0,2.0,2.0,2022.0
single_family,NA,9825000.0,5407.0,2.0,4.0,4.0,4.0,4.0,3.0,1950.0
single_family,NA,839900.0,1406.0,1.0,3.0,2.0,2.0,2.0,2.0,1954.0
single_family,NA,645000.0,1646.0,2.0,3.0,3.0,3.0,3.0,2.0,1993.0
single_family,NA,1299900.0,1869.0,1.0,3.0,2.0,2.0,2.0,2.0,1996.0
single_family,NA,2350000.0,1792.0,1.0,3.0,3.0,3.0,3.0,0.0,1948.0
condos,condo,825000.0,920.0,4.0,1.0,1.0,1.0,1.0,1.0,2015.0
single_family,NA,1980000.0,1992.0,1.0,3.0,2.0,1.0,2.0,3.0,1935.0
condos,condo,899000.0,1171.0,1.0,2.0,2.0,1.0,2.0,2.0,1975.0
condos,condo,399900.0,633.0,1.0,1.0,1.0,1.0,1.0,0.0,1974.0
single_family,NA,790000.0,1804.0,1.0,3.0,2.0,2.0,2.0,2.0,1958.0
single_family,NA,734999.0,1985.0,2.0,3.0,3.0,2.0,2.0,2.0,2022.0
single_family,NA,4997000.0,2644.0,2.0,3.0,3.0,1.0,3.0,2.0,1926.0
single_family,NA,759000.0,1812.0,1.0,4.0,2.0,2.0,2.0,2.0,1977.0
condos,condo,600000.0,1131.0,1.0,2.0,2.0,2.0,2.0,2.0,1981.0
single_family,NA,879000.0,1498.0,1.0,3.0,1.0,1.0,1.0,0.0,1926.0
single_family,NA,820000.0,1134.0,1.0,3.0,1.0,1.0,1.0,2.0,1962.0
single_family,NA,1024000.0,1416.0,1.0,3.0,2.0,2.0,2.0,2.0,1959.0
single_family,NA,1025000.0,1720.0,1.0,3.0,2.0,2.0,2.0,2.0,1951.0
single_family,NA,1825000.0,2527.0,2.0,3.0,3.0,3.0,3.0,2.0,1991.0
single_family,NA,879999.0,1252.0,2.0,2.0,2.0,2.0,2.0,2.0,1950.0
condos,condo,1100000.0,1369.0,1.0,3.0,2.0,2.0,2.0,2.0,1978.0
townhomes,townhouse,2198000.0,1916.0,3.0,3.0,3.0,0.0,2.0,2.0,1987.0
single_family,NA,376998.0,1264.0,1.0,3.0,2.0,2.0,2.0,2.0,1986.0
single_family,NA,1198000.0,1409.0,1.0,3.0,2.0,2.0,2.0,2.0,1971.0
condos,condo,459000.0,722.0,1.0,1.0,1.0,1.0,1.0,0.0,1971.0
single_family,NA,309500.0,1551.0,1.0,3.0,2.0,2.0,2.0,0.0,1982.0
single_family,NA,739000.0,1318.0,1.0,3.0,2.0,2.0,2.0,2.0,1997.0
single_family,NA,389950.0,1426.0,1.0,4.0,2.0,2.0,2.0,0.0,1948.0
single_family,NA,430000.0,1472.0,1.0,3.0,2.0,2.0,2.0,2.0,1985.0
mobile,NA,615000.0,1496.0,1.0,3.0,2.0,2.0,2.0,0.0,2004.0
single_family,NA,875000.0,1412.0,1.0,3.0,2.0,1.0,2.0,2.0,1956.0
single_family,NA,409950.0,1437.0,1.0,3.0,2.0,2.0,2.0,2.0,1965.0
single_family,NA,1895000.0,2557.0,1.0,3.0,3.0,2.0,2.0,3.0,2003.0
single_family,NA,749900.0,2332.0,1.0,3.0,2.0,2.0,2.0,2.0,1964.0
single_family,NA,1850000.0,2476.0,2.0,3.0,3.0,3.0,3.0,2.0,2005.0
single_family,NA,499000.0,760.0,1.0,2.0,1.0,1.0,1.0,2.0,1950.0
single_family,NA,799900.0,1102.0,2.0,3.0,2.0,1.0,2.0,1.0,1960.0
single_family,NA,849999.0,1258.0,1.0,3.0,2.0,2.0,2.0,2.0,1991.0
condos,condo,675000.0,1429.0,2.0,2.0,3.0,3.0,3.0,2.0,1978.0
condos,condo,335000.0,449.0,1.0,0.0,1.0,1.0,1.0,1.0,1964.0
single_family,NA,750000.0,1242.0,1.0,3.0,2.0,2.0,2.0,2.0,1962.0
single_family,NA,1250000.0,2149.0,1.0,4.0,2.0,2.0,2.0,2.0,1962.0
multi_family,NA,1775000.0,4605.0,1.0,8.0,7.0,7.0,7.0,0.0,1948.0
single_family,NA,155000.0,668.0,1.0,1.0,1.0,1.0,1.0,1.0,1919.0
land,NA,895000.0,0.0,0.0,0.0,0.0,0.0,0.0,0.0,0.0
condos,condo,469000.0,700.0,1.0,2.0,1.0,1.0,1.0,1.0,1976.0
single_family,NA,1499900.0,1925.0,1.0,3.0,3.0,2.0,2.0,2.0,1938.0
single_family,NA,1600000.0,3606.0,2.0,5.0,4.0,4.0,4.0,0.0,1960.0
single_family,NA,549000.0,1968.0,2.0,3.0,3.0,2.0,2.0,2.0,1940.0
single_family,NA,1850000.0,1367.0,1.0,2.0,3.0,1.0,2.0,0.0,1941.0
single_family,NA,849999.0,2346.0,1.0,4.0,3.0,3.0,3.0,3.0,1978.0
townhomes,townhouse,1199000.0,1453.0,2.0,3.0,3.0,2.0,2.0,1.0,1979.0
condos,condo,680000.0,843.0,1.0,2.0,2.0,2.0,2.0,2.0,1993.0
condos,condo,865000.0,1293.0,1.0,2.0,2.0,2.0,2.0,0.0,1981.0
single_family,NA,849000.0,1345.0,1.0,3.0,2.0,2.0,2.0,2.0,1955.0
single_family,NA,475000.0,1148.0,1.0,2.0,1.0,1.0,1.0,1.0,1950.0
single_family,NA,725000.0,2488.0,1.0,3.0,2.0,2.0,2.0,0.0,1912.0
single_family,NA,1100000.0,1608.0,1.0,2.0,2.0,1.0,2.0,2.0,1938.0
single_family,NA,925000.0,2608.0,2.0,5.0,1.0,1.0,1.0,2.0,1915.0
single_family,NA,429000.0,925.0,1.0,3.0,1.0,1.0,1.0,2.0,1956.0
single_family,NA,349000.0,1608.0,1.0,2.0,2.0,2.0,2.0,1.0,1968.0
single_family,NA,2249000.0,2264.0,2.0,3.0,3.0,3.0,3.0,2.0,1979.0
single_family,NA,1200000.0,1283.0,1.0,3.0,2.0,2.0,2.0,0.0,1950.0
single_family,NA,1430000.0,3967.0,1.0,5.0,5.0,4.0,4.0,3.0,2025.0
condos,condo,1880000.0,1612.0,1.0,3.0,2.0,2.0,2.0,2.0,1981.0
single_family,NA,699900.0,1227.0,1.0,3.0,2.0,2.0,2.0,1.0,1949.0
single_family,NA,2450000.0,2604.0,1.0,4.0,4.0,2.0,3.0,2.0,1950.0
townhomes,townhouse,505000.0,1286.0,2.0,3.0,3.0,3.0,3.0,2.0,1985.0
single_family,NA,2400000.0,2374.0,2.0,3.0,2.0,1.0,2.0,2.0,1937.0
single_family,NA,875000.0,1398.0,1.0,3.0,2.0,2.0,2.0,2.0,1952.0
townhomes,townhouse,1195000.0,1249.0,2.0,1.0,2.0,1.0,1.0,1.0,2010.0
condos,condo,547000.0,810.0,1.0,2.0,1.0,1.0,1.0,1.0,1971.0
single_family,NA,549900.0,974.0,1.0,2.0,1.0,1.0,1.0,0.0,1923.0
single_family,NA,549999.0,2025.0,1.0,4.0,3.0,3.0,3.0,2.0,2019.0
single_family,NA,965000.0,974.0,1.0,3.0,1.0,1.0,1.0,2.0,1943.0
single_family,NA,829573.0,1291.0,1.0,3.0,2.0,2.0,2.0,2.0,1955.0
single_family,NA,699900.0,3427.0,2.0,5.0,3.0,2.0,2.0,2.0,2005.0
single_family,NA,719777.0,1960.0,1.0,4.0,2.0,2.0,2.0,2.0,1973.0
single_family,NA,1795000.0,2690.0,2.0,5.0,3.0,3.0,3.0,2.0,1968.0
single_family,NA,367500.0,2204.0,2.0,4.0,3.0,2.0,2.0,2.0,1979.0
land,NA,95000.0,0.0,0.0,0.0,0.0,0.0,0.0,0.0,0.0
condos,condo,525000.0,898.0,2.0,2.0,2.0,1.0,1.0,1.0,1970.0
condos,condo,515000.0,760.0,3.0,1.0,1.0,1.0,1.0,1.0,1964.0
single_family,NA,880000.0,1038.0,1.0,3.0,2.0,1.0,1.0,2.0,1955.0
condos,condo,644000.0,1259.0,2.0,2.0,3.0,2.0,2.0,2.0,1992.0
single_family,NA,769950.0,2125.0,2.0,3.0,2.0,2.0,2.0,2.0,1922.0
single_family,NA,1695000.0,3218.0,2.0,5.0,4.0,4.0,4.0,3.0,2026.0
single_family,NA,439000.0,1868.0,1.0,3.0,2.0,2.0,2.0,3.0,2004.0
single_family,NA,1070000.0,1798.0,2.0,3.0,3.0,2.0,2.0,2.0,1992.0
condos,condo,425000.0,740.0,2.0,1.0,1.0,1.0,1.0,0.0,2006.0
single_family,NA,800000.0,1020.0,1.0,2.0,1.0,1.0,1.0,0.0,1934.0
single_family,NA,650000.0,831.0,1.0,2.0,1.0,1.0,1.0,2.0,1929.0
single_family,NA,1049950.0,1803.0,1.0,4.0,2.0,2.0,2.0,2.0,1974.0
condos,condo,775000.0,688.0,5.0,1.0,2.0,1.0,1.0,0.0,1972.0
single_family,NA,1320000.0,3163.0,2.0,5.0,4.0,3.0,3.0,3.0,1979.0
condos,condo,725000.0,1188.0,3.0,2.0,2.0,2.0,2.0,2.0,1965.0
condos,condo,625000.0,1235.0,2.0,2.0,3.0,2.0,2.0,2.0,1983.0
condos,condo,2100000.0,1816.0,4.0,3.0,2.0,2.0,2.0,0.0,2017.0
single_family,NA,1100000.0,1660.0,1.0,4.0,2.0,2.0,2.0,0.0,1960.0
single_family,NA,1325000.0,1231.0,1.0,2.0,2.0,1.0,1.0,2.0,1938.0
single_family,NA,1350000.0,1504.0,2.0,3.0,2.0,1.0,2.0,2.0,1977.0
single_family,NA,1285000.0,1536.0,1.0,4.0,2.0,2.0,2.0,2.0,1972.0
single_family,NA,799000.0,1820.0,1.0,5.0,3.0,2.0,3.0,2.0,1951.0
single_family,NA,999900.0,1635.0,1.0,4.0,2.0,2.0,2.0,2.0,1963.0
single_family,NA,345000.0,1084.0,1.0,2.0,1.0,1.0,1.0,0.0,1942.0
single_family,NA,984900.0,1468.0,2.0,3.0,3.0,2.0,2.0,2.0,1987.0
mobile,NA,399900.0,1344.0,1.0,2.0,2.0,2.0,2.0,0.0,1973.0
single_family,NA,549988.0,823.0,1.0,2.0,1.0,1.0,1.0,2.0,1986.0
single_family,NA,1199000.0,2809.0,1.0,3.0,3.0,3.0,3.0,2.0,2006.0
single_family,NA,1675000.0,2311.0,2.0,3.0,3.0,3.0,3.0,2.0,1961.0
multi_family,NA,1499000.0,4459.0,2.0,12.0,9.0,9.0,9.0,8.0,1988.0
single_family,NA,1550000.0,4232.0,2.0,5.0,5.0,4.0,4.0,3.0,2015.0
single_family,NA,1200000.0,2854.0,1.0,5.0,3.0,3.0,3.0,2.0,1972.0
single_family,NA,799999.0,1262.0,1.0,3.0,2.0,2.0,2.0,2.0,1953.0
single_family,NA,799000.0,1160.0,1.0,3.0,2.0,2.0,2.0,1.0,1978.0
single_family,NA,2999999.0,2029.0,3.0,4.0,3.0,2.0,2.0,2.0,1965.0
single_family,NA,435000.0,1414.0,1.0,4.0,2.0,2.0,2.0,2.0,1990.0
single_family,NA,1250000.0,2121.0,2.0,4.0,3.0,2.0,2.0,3.0,1975.0
condos,condo,475000.0,1394.0,2.0,3.0,3.0,2.0,2.0,2.0,2006.0
single_family,NA,1175000.0,1790.0,1.0,4.0,2.0,2.0,2.0,2.0,1960.0
single_family,NA,1170000.0,1872.0,1.0,3.0,2.0,2.0,2.0,3.0,1968.0
single_family,NA,422990.0,1501.0,1.0,3.0,2.0,2.0,2.0,0.0,2026.0
condos,condo,1649999.0,2791.0,3.0,5.0,4.0,3.0,3.0,2.0,2023.0
condos,condo,349950.0,1632.0,2.0,3.0,3.0,2.0,2.0,0.0,1976.0
townhomes,townhouse,795000.0,1250.0,2.0,2.0,3.0,2.0,2.0,2.0,1998.0
single_family,NA,1215000.0,2963.0,2.0,5.0,4.0,4.0,4.0,2.0,2005.0
condos,condo,695000.0,1943.0,2.0,4.0,4.0,3.0,3.0,2.0,2018.0
single_family,NA,570000.0,1446.0,2.0,3.0,3.0,2.0,2.0,2.0,1990.0
single_family,NA,1225000.0,1678.0,1.0,4.0,2.0,2.0,2.0,2.0,1972.0
single_family,NA,1299900.0,3140.0,1.0,3.0,4.0,3.0,3.0,3.0,2023.0
single_family,NA,899000.0,2034.0,1.0,4.0,2.0,2.0,2.0,2.0,1963.0
townhomes,townhouse,565000.0,1067.0,3.0,2.0,2.0,2.0,2.0,2.0,1972.0
single_family,NA,369900.0,1732.0,1.0,3.0,2.0,2.0,2.0,2.0,2003.0
single_family,NA,875000.0,2867.0,2.0,4.0,3.0,3.0,3.0,3.0,1997.0
single_family,NA,939000.0,1332.0,1.0,3.0,2.0,2.0,2.0,1.0,1958.0
single_family,NA,1399000.0,2918.0,2.0,4.0,3.0,3.0,3.0,2.0,1966.0
single_family,NA,850000.0,1494.0,1.0,4.0,2.0,2.0,2.0,2.0,1976.0
condos,condo,974990.0,2206.0,3.0,3.0,4.0,2.0,2.0,2.0,2025.0
condos,condo,625000.0,864.0,1.0,2.0,2.0,2.0,2.0,0.0,1990.0
single_family,NA,3298000.0,2599.0,1.0,3.0,2.0,2.0,2.0,2.0,1960.0
single_family,NA,454900.0,2118.0,1.0,3.0,3.0,2.0,2.0,2.0,1958.0
single_family,NA,2500000.0,2664.0,2.0,5.0,4.0,4.0,4.0,2.0,1968.0
condos,condo,599900.0,1073.0,1.0,2.0,2.0,2.0,2.0,1.0,1986.0
single_family,NA,390000.0,1073.0,1.0,3.0,1.0,1.0,1.0,2.0,1961.0
single_family,NA,1368000.0,2396.0,3.0,4.0,4.0,3.0,3.0,2.0,2018.0
single_family,NA,430000.0,1362.0,1.0,3.0,2.0,2.0,2.0,2.0,1985.0
mobile,NA,129000.0,620.0,1.0,2.0,1.0,1.0,1.0,0.0,1974.0
single_family,NA,1700000.0,1568.0,1.0,3.0,2.0,2.0,2.0,0.0,1951.0
single_family,NA,2397000.0,2032.0,2.0,3.0,3.0,2.0,2.0,2.0,1989.0
single_family,NA,1150000.0,1860.0,2.0,3.0,3.0,2.0,2.0,2.0,1995.0
single_family,NA,1995000.0,1249.0,1.0,3.0,2.0,2.0,2.0,2.0,1962.0
mobile,NA,419000.0,1192.0,1.0,3.0,2.0,2.0,2.0,0.0,2016.0
single_family,NA,3249000.0,5519.0,2.0,5.0,6.0,6.0,6.0,5.0,1987.0
condos,condo,939000.0,1650.0,3.0,3.0,3.0,3.0,3.0,2.0,1980.0
single_family,NA,590000.0,1454.0,1.0,3.0,2.0,2.0,2.0,2.0,1940.0
single_family,NA,1995000.0,2209.0,2.0,3.0,3.0,2.0,2.0,0.0,1961.0
single_family,NA,875000.0,1424.0,1.0,4.0,2.0,2.0,2.0,2.0,1959.0
townhomes,townhouse,1019900.0,1478.0,2.0,3.0,3.0,3.0,3.0,2.0,1974.0
single_family,NA,389000.0,2145.0,1.0,3.0,2.0,2.0,2.0,3.0,1989.0
single_family,NA,850000.0,1310.0,2.0,2.0,1.0,1.0,1.0,1.0,1960.0
single_family,NA,384000.0,1559.0,1.0,3.0,2.0,2.0,2.0,2.0,1981.0
condos,condo,440000.0,994.0,3.0,2.0,2.0,2.0,2.0,2.0,1990.0
single_family,NA,469000.0,1128.0,1.0,3.0,3.0,3.0,3.0,2.0,1924.0
townhomes,townhouse,499999.0,1058.0,2.0,2.0,2.0,1.0,1.0,2.0,1974.0
single_family,NA,4198000.0,2712.0,1.0,3.0,2.0,2.0,2.0,2.0,1972.0
single_family,NA,490950.0,1338.0,1.0,3.0,2.0,2.0,2.0,2.0,1978.0
condos,condo,875000.0,1095.0,1.0,2.0,2.0,2.0,2.0,1.0,1994.0
single_family,NA,598900.0,1381.0,1.0,3.0,3.0,0.0,3.0,21.0,1959.0
single_family,NA,799000.0,1218.0,1.0,2.0,2.0,2.0,2.0,2.0,1977.0
single_family,NA,799900.0,1600.0,1.0,4.0,2.0,2.0,2.0,1.0,1958.0
land,NA,650000.0,0.0,0.0,0.0,0.0,0.0,0.0,0.0,0.0
condos,condo,449900.0,960.0,1.0,2.0,2.0,2.0,2.0,1.0,1981.0
condos,condo,400000.0,1126.0,1.0,3.0,2.0,1.0,2.0,0.0,1978.0
single_family,NA,455000.0,1201.0,1.0,3.0,2.0,2.0,2.0,2.0,1988.0
single_family,NA,799000.0,1298.0,1.0,3.0,2.0,2.0,2.0,2.0,1967.0
condos,condo,488000.0,1120.0,1.0,3.0,2.0,2.0,2.0,2.0,1979.0
condos,condo,715000.0,1215.0,1.0,2.0,2.0,2.0,2.0,2.0,2002.0
single_family,NA,1999990.0,4207.0,2.0,4.0,4.0,3.0,3.0,3.0,2001.0
condos,condo,650000.0,1017.0,1.0,2.0,2.0,2.0,2.0,2.0,2006.0
single_family,NA,625000.0,1692.0,1.0,3.0,2.0,2.0,2.0,2.0,1986.0
single_family,NA,1050000.0,1922.0,1.0,4.0,2.0,2.0,2.0,2.0,1957.0
single_family,NA,950000.0,1125.0,1.0,2.0,1.0,1.0,1.0,1.0,1926.0
single_family,NA,799000.0,1852.0,1.0,3.0,2.0,2.0,2.0,2.0,1955.0
single_family,NA,1588950.0,1108.0,1.0,3.0,2.0,2.0,2.0,2.0,1956.0
single_family,NA,1200000.0,1470.0,1.0,3.0,2.0,1.0,1.0,2.0,1942.0
land,NA,999000.0,0.0,0.0,0.0,0.0,0.0,0.0,0.0,0.0
single_family,NA,880000.0,3021.0,2.0,5.0,3.0,2.0,2.0,3.0,1996.0
single_family,NA,725000.0,1204.0,1.0,3.0,2.0,2.0,2.0,2.0,1920.0
single_family,NA,675000.0,1200.0,1.0,4.0,2.0,2.0,2.0,2.0,1963.0
condos,condo,419000.0,633.0,1.0,1.0,1.0,1.0,1.0,1.0,1973.0
single_family,NA,479990.0,1387.0,2.0,3.0,2.0,2.0,2.0,2.0,2022.0
condos,condo,545000.0,1252.0,2.0,2.0,2.0,1.0,1.0,1.0,1979.0
single_family,NA,549900.0,1733.0,1.0,3.0,2.0,2.0,2.0,2.0,1988.0
single_family,NA,524900.0,1732.0,2.0,3.0,3.0,3.0,3.0,0.0,1964.0
townhomes,townhouse,1649000.0,2366.0,3.0,4.0,4.0,4.0,4.0,2.0,2018.0
single_family,NA,699000.0,817.0,1.0,2.0,1.0,1.0,1.0,1.0,1950.0
mobile,NA,120000.0,1200.0,1.0,2.0,2.0,2.0,2.0,0.0,1969.0
single_family,NA,595000.0,2185.0,2.0,4.0,3.0,3.0,3.0,2.0,2021.0
single_family,NA,1099000.0,3286.0,2.0,5.0,4.0,4.0,4.0,2.0,1981.0
single_family,NA,850000.0,2349.0,1.0,5.0,2.0,2.0,2.0,2.0,2000.0
single_family,NA,1165000.0,2951.0,2.0,5.0,3.0,3.0,3.0,2.0,2020.0
single_family,NA,1999999.0,2575.0,2.0,4.0,4.0,4.0,4.0,1.0,1946.0
single_family,NA,4480000.0,7370.0,2.0,5.0,7.0,5.0,5.0,3.0,2021.0
single_family,NA,1200000.0,2368.0,1.0,3.0,3.0,3.0,3.0,2.0,1954.0
single_family,NA,627000.0,2236.0,3.0,3.0,2.0,2.0,2.0,2.0,1990.0
single_family,NA,1280000.0,1861.0,1.0,3.0,2.0,2.0,2.0,2.0,1955.0
condos,condo,1395000.0,1839.0,3.0,2.0,3.0,2.0,2.0,2.0,1980.0
multi_family,NA,775000.0,3128.0,2.0,4.0,4.0,4.0,4.0,0.0,1909.0
single_family,NA,749900.0,1500.0,1.0,3.0,2.0,2.0,2.0,2.0,1959.0
single_family,NA,1150000.0,1820.0,1.0,3.0,2.0,2.0,2.0,2.0,1955.0
single_family,NA,1100000.0,2786.0,1.0,5.0,3.0,3.0,3.0,0.0,1953.0
single_family,NA,685000.0,1286.0,1.0,3.0,2.0,2.0,2.0,2.0,1983.0
mobile,NA,285000.0,1672.0,1.0,2.0,2.0,2.0,2.0,2.0,1991.0
single_family,NA,1175000.0,3887.0,2.0,7.0,6.0,5.0,5.0,5.0,2005.0
single_family,NA,595000.0,1318.0,1.0,3.0,2.0,2.0,2.0,2.0,1954.0
mobile,NA,170000.0,1440.0,1.0,3.0,2.0,2.0,2.0,0.0,1986.0
condos,condo,1200000.0,1400.0,1.0,3.0,2.0,2.0,2.0,2.0,1973.0
single_family,NA,1694000.0,2630.0,2.0,5.0,3.0,3.0,3.0,3.0,1994.0
single_family,NA,999888.0,2169.0,1.0,3.0,2.0,2.0,2.0,2.0,1977.0
single_family,NA,2999000.0,5152.0,1.0,6.0,5.0,5.0,5.0,4.0,2007.0
mobile,NA,85000.0,940.0,1.0,2.0,1.0,1.0,1.0,0.0,1966.0
single_family,NA,549990.0,1842.0,2.0,3.0,3.0,2.0,2.0,2.0,2025.0
single_family,NA,869950.0,1745.0,1.0,3.0,2.0,1.0,2.0,2.0,1955.0
condos,condo,1599900.0,1745.0,2.0,3.0,3.0,2.0,2.0,2.0,2016.0
single_family,NA,749000.0,882.0,1.0,2.0,1.0,1.0,1.0,1.0,1950.0
single_family,NA,499000.0,1440.0,1.0,3.0,2.0,1.0,1.0,0.0,1960.0
single_family,NA,1295000.0,1320.0,1.0,3.0,2.0,2.0,2.0,2.0,1969.0
single_family,NA,962000.0,2940.0,2.0,4.0,4.0,3.0,3.0,2.0,2024.0
condos,condo,579600.0,1555.0,2.0,3.0,3.0,2.0,2.0,2.0,1994.0
single_family,NA,399000.0,1352.0,1.0,3.0,2.0,2.0,2.0,2.0,1978.0
single_family,NA,755000.0,2675.0,1.0,4.0,3.0,3.0,3.0,2.0,2007.0
single_family,NA,499999.0,1375.0,2.0,3.0,3.0,2.0,2.0,2.0,2023.0
condos,condo,535000.0,1554.0,1.0,3.0,2.0,2.0,2.0,2.0,1976.0
single_family,NA,761010.0,1583.0,2.0,3.0,3.0,2.0,2.0,2.0,2024.0
single_family,NA,1749000.0,2740.0,2.0,5.0,4.0,3.0,3.0,2.0,2003.0
single_family,NA,800000.0,2256.0,2.0,3.0,3.0,3.0,3.0,2.0,1940.0
single_family,NA,845000.0,1328.0,1.0,3.0,2.0,2.0,2.0,2.0,1981.0
single_family,NA,419000.0,989.0,1.0,3.0,1.0,1.0,1.0,2.0,1956.0
single_family,NA,545000.0,2124.0,2.0,6.0,2.0,2.0,2.0,1.0,1955.0
condos,condo,649000.0,1131.0,2.0,3.0,2.0,2.0,2.0,2.0,1993.0
single_family,NA,989900.0,4051.0,3.0,6.0,4.0,4.0,4.0,2.0,2001.0
single_family,NA,712000.0,1868.0,2.0,4.0,3.0,2.0,2.0,2.0,2023.0
single_family,NA,949000.0,2397.0,1.0,4.0,2.0,2.0,2.0,3.0,2007.0
mobile,NA,485000.0,1536.0,1.0,3.0,2.0,2.0,2.0,2.0,1984.0
mobile,NA,100000.0,720.0,1.0,2.0,1.0,1.0,1.0,0.0,1963.0
single_family,NA,325000.0,1068.0,1.0,2.0,1.0,1.0,1.0,0.0,1947.0
single_family,NA,1299000.0,2272.0,2.0,3.0,3.0,2.0,2.0,2.0,1976.0
condos,condo,454900.0,1619.0,2.0,3.0,3.0,2.0,2.0,2.0,2005.0
single_family,NA,419999.0,1056.0,1.0,3.0,2.0,2.0,2.0,2.0,1972.0
mobile,NA,240000.0,1248.0,1.0,2.0,2.0,2.0,2.0,0.0,1977.0
condos,condo,1438000.0,2401.0,3.0,4.0,4.0,3.0,3.0,2.0,2021.0
single_family,NA,825000.0,1097.0,1.0,2.0,1.0,1.0,1.0,0.0,1939.0
single_family,NA,575000.0,2071.0,1.0,3.0,2.0,2.0,2.0,3.0,2002.0
single_family,NA,575000.0,2071.0,1.0,3.0,2.0,2.0,2.0,3.0,2002.0
single_family,NA,1029000.0,1420.0,1.0,3.0,2.0,2.0,2.0,2.0,1973.0
condos,condo,170000.0,765.0,1.0,1.0,1.0,1.0,1.0,0.0,1967.0
single_family,NA,985000.0,4146.0,2.0,4.0,4.0,4.0,4.0,2.0,1974.0
single_family,NA,790000.0,1991.0,1.0,3.0,2.0,1.0,2.0,3.0,2002.0
single_family,NA,1075000.0,2404.0,2.0,4.0,3.0,2.0,2.0,2.0,1998.0
townhomes,townhouse,969000.0,1300.0,2.0,2.0,3.0,2.0,2.0,2.0,1989.0
single_family,NA,415000.0,1379.0,1.0,3.0,2.0,2.0,2.0,2.0,1968.0
single_family,NA,185000.0,795.0,1.0,2.0,1.0,1.0,1.0,3.0,1949.0
condos,condo,1695000.0,2850.0,2.0,3.0,3.0,2.0,2.0,2.0,2004.0
single_family,NA,1150000.0,2551.0,1.0,3.0,2.0,2.0,2.0,2.0,2004.0
townhomes,townhouse,1499000.0,2416.0,2.0,4.0,3.0,3.0,3.0,2.0,2010.0
single_family,NA,299990.0,1548.0,1.0,4.0,2.0,2.0,2.0,2.0,1994.0
single_family,NA,499000.0,1365.0,1.0,3.0,2.0,2.0,2.0,2.0,1960.0
single_family,NA,549000.0,1870.0,2.0,4.0,3.0,2.0,2.0,2.0,1995.0
condos,condo,529000.0,1335.0,2.0,2.0,2.0,2.0,2.0,1.0,2007.0
single_family,NA,799000.0,1752.0,2.0,4.0,3.0,2.0,2.0,2.0,1972.0
single_family,NA,499000.0,1621.0,1.0,3.0,2.0,2.0,2.0,2.0,1991.0
single_family,NA,610000.0,2033.0,1.0,4.0,2.0,2.0,2.0,2.0,2022.0
single_family,NA,285000.0,1110.0,1.0,3.0,1.0,1.0,1.0,1.0,1947.0
single_family,NA,699000.0,2420.0,2.0,5.0,3.0,3.0,3.0,2.0,2005.0
single_family,NA,730000.0,1913.0,2.0,3.0,3.0,2.0,2.0,2.0,2023.0
single_family,NA,499000.0,1882.0,3.0,4.0,3.0,3.0,3.0,2.0,2006.0
single_family,NA,279000.0,1319.0,2.0,3.0,3.0,2.0,2.0,2.0,1964.0
single_family,NA,1569000.0,2424.0,1.0,3.0,5.0,3.0,3.0,2.0,2023.0
single_family,NA,529000.0,1983.0,2.0,4.0,2.0,2.0,2.0,0.0,1914.0
single_family,NA,470000.0,2232.0,1.0,2.0,2.0,2.0,2.0,2.0,1983.0
single_family,NA,629000.0,2286.0,2.0,5.0,3.0,3.0,3.0,3.0,1988.0
single_family,NA,1798000.0,2949.0,2.0,5.0,4.0,4.0,4.0,3.0,1975.0
land,NA,30000.0,0.0,0.0,0.0,0.0,0.0,0.0,0.0,0.0
single_family,NA,429999.0,1236.0,1.0,3.0,2.0,2.0,2.0,2.0,1989.0
multi_family,NA,995000.0,3828.0,2.0,4.0,4.0,4.0,4.0,4.0,1921.0
mobile,NA,385000.0,1020.0,1.0,2.0,2.0,2.0,2.0,2.0,2014.0
single_family,NA,550000.0,1487.0,1.0,3.0,2.0,2.0,2.0,2.0,1978.0
single_family,NA,524900.0,1658.0,1.0,4.0,2.0,2.0,2.0,2.0,1962.0
single_family,NA,475000.0,1080.0,2.0,3.0,2.0,2.0,2.0,0.0,1992.0
single_family,NA,975000.0,2124.0,2.0,3.0,3.0,3.0,3.0,0.0,1965.0
land,NA,30000.0,0.0,0.0,0.0,0.0,0.0,0.0,0.0,0.0
single_family,NA,525000.0,600.0,2.0,2.0,1.0,1.0,1.0,2.0,1930.0
land,NA,25000.0,0.0,0.0,0.0,0.0,0.0,0.0,0.0,0.0
single_family,NA,579000.0,2760.0,2.0,3.0,3.0,2.0,2.0,1.0,1990.0
condos,condo,850000.0,1530.0,1.0,2.0,2.0,2.0,2.0,2.0,2005.0
single_family,NA,1095000.0,2283.0,1.0,4.0,2.0,2.0,2.0,3.0,1987.0
land,NA,199000.0,0.0,0.0,0.0,0.0,0.0,0.0,0.0,0.0
mobile,NA,57500.0,399.0,1.0,1.0,1.0,1.0,1.0,0.0,1997.0
single_family,NA,260000.0,668.0,1.0,3.0,1.0,1.0,1.0,1.0,1949.0
condos,condo,519999.0,1006.0,1.0,2.0,2.0,2.0,2.0,1.0,1985.0
townhomes,townhouse,799000.0,1686.0,2.0,3.0,3.0,3.0,3.0,2.0,1992.0
land,NA,70000.0,0.0,0.0,0.0,0.0,0.0,0.0,0.0,0.0
single_family,NA,1149000.0,1942.0,1.0,3.0,2.0,2.0,2.0,2.0,2025.0
land,NA,340000.0,0.0,0.0,0.0,0.0,0.0,0.0,0.0,0.0
single_family,NA,1275000.0,910.0,1.0,2.0,1.0,1.0,1.0,1.0,1942.0
land,NA,849000.0,0.0,0.0,0.0,0.0,0.0,0.0,0.0,0.0
single_family,NA,750000.0,3179.0,2.0,4.0,3.0,3.0,3.0,2.0,2004.0
condos,condo,319900.0,872.0,1.0,2.0,2.0,2.0,2.0,1.0,1987.0
